architecture,seed,split,object_id,checkpoints,teacher_opportunity_sum,selected_opportunity_sum,object_summed_capture,regret_sum,capture_missing_reason,scope,Qhat_top2_baseline_capture,capture_minus_Qhat_baseline
tiny_mlp_32_16,20261002,train,2007,9,0.0003001023781256573,0.00020383124586648182,0.6792057001998653,9.62711322591755e-05,,sum within object before ratio; no candidate-independent generalization claim,0.9959028763746752,-0.31669717617480997
tiny_mlp_32_16,20261002,train,2012,9,0.002594059715274434,0.0024584057783847463,0.9477059313280549,0.0001356539368896877,,sum within object before ratio; no candidate-independent generalization claim,0.9953440806805403,-0.04763814935248534
tiny_mlp_32_16,20261002,validation,2001,9,0.0015398976677506932,0.001403751730828966,0.9115876724973592,0.0001361459369217271,,sum within object before ratio; no candidate-independent generalization claim,0.9970226232565625,-0.08543495075920338
tiny_mlp_32_16,20261002,test,2014,9,0.0005190642019218828,0.0005130738849942284,0.9884593911399114,5.990316927654464e-06,,sum within object before ratio; no candidate-independent generalization claim,0.9988504185534587,-0.010391027413547249
tiny_mlp_32_16,20261003,train,2007,9,0.0003001023781256573,0.00029778828467856496,0.9922889866400079,2.3140934470923546e-06,,sum within object before ratio; no candidate-independent generalization claim,0.9959028763746752,-0.0036138897346673637
tiny_mlp_32_16,20261003,train,2012,9,0.002594059715274434,0.0025812176857978055,0.995049447242478,1.2842029476628491e-05,,sum within object before ratio; no candidate-independent generalization claim,0.9953440806805403,-0.00029463343806224174
tiny_mlp_32_16,20261003,validation,2001,9,0.0015398976677506932,0.001481237149281118,0.9619062229276184,5.866051846957531e-05,,sum within object before ratio; no candidate-independent generalization claim,0.9970226232565625,-0.03511640032894414
tiny_mlp_32_16,20261003,test,2014,9,0.0005190642019218828,0.0005130748048101599,0.9884611632057333,5.9893971117229265e-06,,sum within object before ratio; no candidate-independent generalization claim,0.9988504185534587,-0.01038925534772539
tiny_mlp_32_16,20261004,train,2007,9,0.0003001023781256573,0.0002927189936658458,0.9753971144583201,7.383384459811501e-06,,sum within object before ratio; no candidate-independent generalization claim,0.9959028763746752,-0.020505761916355114
tiny_mlp_32_16,20261004,train,2012,9,0.002594059715274434,0.0025417710495831487,0.9798429213547409,5.228866569128524e-05,,sum within object before ratio; no candidate-independent generalization claim,0.9953440806805403,-0.015501159325799319
tiny_mlp_32_16,20261004,validation,2001,9,0.0015398976677506932,0.0015051995379795878,0.9774672496116001,3.469812977110543e-05,,sum within object before ratio; no candidate-independent generalization claim,0.9970226232565625,-0.019555373644962404
tiny_mlp_32_16,20261004,test,2014,9,0.0005190642019218828,0.0005147131213121298,0.9916174519574983,4.3510806097530165e-06,,sum within object before ratio; no candidate-independent generalization claim,0.9988504185534587,-0.0072329665959603995
group_mean_32_16,20261002,train,2007,9,0.0003001023781256573,0.00018214786628917916,0.6069524254583253,0.00011795451183647815,,sum within object before ratio; no candidate-independent generalization claim,0.9959028763746752,-0.38895045091634994
group_mean_32_16,20261002,train,2012,9,0.002594059715274434,0.002170861097903902,0.836858567719687,0.00042319861737053193,,sum within object before ratio; no candidate-independent generalization claim,0.9953440806805403,-0.15848551296085323
group_mean_32_16,20261002,validation,2001,9,0.0015398976677506932,0.0014005396625789669,0.9095017752866107,0.00013935800517172635,,sum within object before ratio; no candidate-independent generalization claim,0.9970226232565625,-0.08752084796995185
group_mean_32_16,20261002,test,2014,9,0.0005190642019218828,0.0003973803748545046,0.7655707586521423,0.00012168382706737821,,sum within object before ratio; no candidate-independent generalization claim,0.9988504185534587,-0.23327965990131638
group_mean_32_16,20261003,train,2007,9,0.0003001023781256573,0.00018745482918487645,0.6246362669821508,0.00011264754894078086,,sum within object before ratio; no candidate-independent generalization claim,0.9959028763746752,-0.3712666093925244
group_mean_32_16,20261003,train,2012,9,0.002594059715274434,0.002531269053147605,0.9757944422955637,6.279066212682913e-05,,sum within object before ratio; no candidate-independent generalization claim,0.9953440806805403,-0.019549638384976586
group_mean_32_16,20261003,validation,2001,9,0.0015398976677506932,0.0015114144242256288,0.9815031582152667,2.8483243525064417e-05,,sum within object before ratio; no candidate-independent generalization claim,0.9970226232565625,-0.015519465041295866
group_mean_32_16,20261003,test,2014,9,0.0005190642019218828,0.0003944332603744487,0.7598930130685633,0.00012463094154743413,,sum within object before ratio; no candidate-independent generalization claim,0.9988504185534587,-0.2389574054848954
group_mean_32_16,20261004,train,2007,9,0.0003001023781256573,0.0002820712016658968,0.9399165825596671,1.803117645976049e-05,,sum within object before ratio; no candidate-independent generalization claim,0.9959028763746752,-0.05598629381500808
group_mean_32_16,20261004,train,2012,9,0.002594059715274434,0.002485244836034694,0.9580522843791867,0.00010881487923974009,,sum within object before ratio; no candidate-independent generalization claim,0.9953440806805403,-0.0372917963013536
group_mean_32_16,20261004,validation,2001,9,0.0015398976677506932,0.0013999580371436375,0.9091240713342572,0.00013993963060705567,,sum within object before ratio; no candidate-independent generalization claim,0.9970226232565625,-0.08789855192230533
group_mean_32_16,20261004,test,2014,9,0.0005190642019218828,0.0005088321739786658,0.9802875484278591,1.0232027943217069e-05,,sum within object before ratio; no candidate-independent generalization claim,0.9988504185534587,-0.01856287012559954
