path,attempt,mode,object_id,phase,status,child_process_wall_s,measured_driver_wall_s,offline_evaluation_wall_s,driver_other_wall_s
results/replay/object_2007/early,a17_closure_replay_2007_18d0d03080e94bcb9077334079164044,replay,2007,early,FAILED,7.795396599976812,,,
results/replay_v2/object_2007/early,a17_closure_replay_2007_v2_e219059d9d3b4362886a47dcff3da659,replay,2007,early,COMPLETED,18.364906699978746,15.153148800018243,0.32932040002197027,3.566614899900742
results/replay_v2/object_2007/middle,a17_closure_replay_2007_v2_e219059d9d3b4362886a47dcff3da659,replay,2007,middle,COMPLETED,17.178009499970358,14.078116799995769,0.3294074999867007,3.4604929000488482
results/replay_v2/object_2007/late,a17_closure_replay_2007_v2_e219059d9d3b4362886a47dcff3da659,replay,2007,late,COMPLETED,18.426919499994256,15.214926500048023,0.3504955000244081,3.5770185999572277
results/replay_remaining_v2/object_2001/early,a17_closure_replay_remaining_v2_2001_7016d76662014c3d98910ea298dfe051,replay,2001,early,COMPLETED,18.15885619999608,14.948935099993832,0.35516249999636784,3.522473499935586
results/replay_remaining_v2/object_2001/middle,a17_closure_replay_remaining_v2_2001_7016d76662014c3d98910ea298dfe051,replay,2001,middle,COMPLETED,18.245084700000007,15.09829069999978,0.35622969997348264,3.6057881999295205
results/replay_remaining_v2/object_2001/late,a17_closure_replay_remaining_v2_2001_7016d76662014c3d98910ea298dfe051,replay,2001,late,COMPLETED,16.971153599966783,13.843406200001482,0.4000586000038311,3.365750199998729
results/replay_remaining_v2/object_2012/early,a17_closure_replay_remaining_v2_2012_779a36662bac440aa852f9ff678d7168,replay,2012,early,COMPLETED,24.71622560004471,21.568251899967436,0.2078919000341557,6.624374099948909
results/replay_remaining_v2/object_2012/middle,a17_closure_replay_remaining_v2_2012_779a36662bac440aa852f9ff678d7168,replay,2012,middle,COMPLETED,24.221038699964993,21.086218899989035,0.20564409997314215,6.64433950005332
results/replay_remaining_v2/object_2012/late,a17_closure_replay_remaining_v2_2012_779a36662bac440aa852f9ff678d7168,replay,2012,late,COMPLETED,24.388582799991127,21.204818699974567,0.2122782000224106,6.704776899947319
results/replay_remaining_v2/object_2014/early,a17_closure_replay_remaining_v2_2014_ae31117d083b4246a36e7125d4593113,replay,2014,early,COMPLETED,24.279437999997754,21.139062799979,0.21874749998096377,6.675089099968318
results/replay_remaining_v2/object_2014/middle,a17_closure_replay_remaining_v2_2014_ae31117d083b4246a36e7125d4593113,replay,2014,middle,COMPLETED,24.337866400019266,21.190709699993022,0.2116698999889195,6.61038989998633
results/replay_remaining_v2/object_2014/late,a17_closure_replay_remaining_v2_2014_ae31117d083b4246a36e7125d4593113,replay,2014,late,COMPLETED,23.766897699970286,20.657493100035936,0.21354470000369474,6.633033200050704
results/locked_validation_v1/object_2002/early,a17_closure_locked_validation_v1_2002_e3dd53c45173436b8006b14e4a049be2,validation,2002,early,COMPLETED,74.469861999969,57.548638300038874,0.25837410002714023,6.617952000000514
results/locked_validation_v1/object_2002/middle,a17_closure_locked_validation_v1_2002_e3dd53c45173436b8006b14e4a049be2,validation,2002,middle,COMPLETED,37.61183800001163,34.37440109997988,0.2528864999767393,6.8385330000310205
results/locked_validation_v1/object_2002/late,a17_closure_locked_validation_v1_2002_e3dd53c45173436b8006b14e4a049be2,validation,2002,late,COMPLETED,37.30171909998171,34.11322170001222,0.24590550002176315,6.788828200136777
results/locked_validation_continuation_v1/object_2003/early,a17_closure_locked_validation_continuation_v1_2003_e62ac5b29b1d42ecac5b63720e7e0f10,validation,2003,early,COMPLETED,28.534534300037194,25.4097718000412,0.39522910001687706,3.489805199962575
results/locked_validation_continuation_v1/object_2003/middle,a17_closure_locked_validation_continuation_v1_2003_e62ac5b29b1d42ecac5b63720e7e0f10,validation,2003,middle,COMPLETED,29.930469100014307,26.75594230002025,0.3582557000336237,3.595630499883555
results/locked_validation_continuation_v1/object_2003/late,a17_closure_locked_validation_continuation_v1_2003_e62ac5b29b1d42ecac5b63720e7e0f10,validation,2003,late,COMPLETED,30.165536599990446,26.96351319999667,0.408589500002563,3.5630340998759493
results/locked_validation_continuation_v1/object_2004/early,a17_closure_locked_validation_continuation_v1_2004_abb477d73a064ae1b10a355cc1b6faf7,validation,2004,early,COMPLETED,36.96108409995213,33.75312540004961,0.25450049998471513,6.873257400060538
results/locked_validation_continuation_v1/object_2004/middle,a17_closure_locked_validation_continuation_v1_2004_abb477d73a064ae1b10a355cc1b6faf7,validation,2004,middle,COMPLETED,37.37954410002567,34.23363889998291,0.2487194999703206,6.845451899978798
results/locked_validation_continuation_v1/object_2004/late,a17_closure_locked_validation_continuation_v1_2004_abb477d73a064ae1b10a355cc1b6faf7,validation,2004,late,COMPLETED,37.11792819999391,33.844495700031985,0.23809820000315085,6.771686600055546
results/locked_validation_continuation_v1/object_2005/early,a17_closure_locked_validation_continuation_v1_2005_92e605d173434ee8851cdcb9d151a257,validation,2005,early,COMPLETED,28.82639850000851,25.706243900000118,0.3599091999931261,3.4315859999042004
results/locked_validation_continuation_v1/object_2005/middle,a17_closure_locked_validation_continuation_v1_2005_92e605d173434ee8851cdcb9d151a257,validation,2005,middle,COMPLETED,30.353759100020397,27.145814099989366,0.3600760999834165,3.5805705999955535
results/locked_validation_continuation_v1/object_2005/late,a17_closure_locked_validation_continuation_v1_2005_92e605d173434ee8851cdcb9d151a257,validation,2005,late,COMPLETED,30.697284999943804,27.491706700006034,0.3709381999797188,3.5350550999864936
results/locked_validation_continuation_v1/object_2006/early,a17_closure_locked_validation_continuation_v1_2006_858bf52a07154e46996f117b114eeaef,validation,2006,early,COMPLETED,37.55719029996544,34.33661289996235,0.23228230001404881,6.824607299990021
results/locked_validation_continuation_v1/object_2006/middle,a17_closure_locked_validation_continuation_v1_2006_858bf52a07154e46996f117b114eeaef,validation,2006,middle,COMPLETED,37.040211499959696,33.816240299958736,0.26099830004386604,6.8119111999403685
results/locked_validation_continuation_v1/object_2006/late,a17_closure_locked_validation_continuation_v1_2006_858bf52a07154e46996f117b114eeaef,validation,2006,late,COMPLETED,37.29369889997179,34.03581619996112,0.25356829998781905,6.903219700034242
results/locked_validation_continuation_v1/object_2008/early,a17_closure_locked_validation_continuation_v1_2008_ec18dd78aa984bef83c87fc401c03e68,validation,2008,early,COMPLETED,37.12972239998635,33.92564219998894,0.25069820001954213,6.836374599894043
results/locked_validation_continuation_v1/object_2008/middle,a17_closure_locked_validation_continuation_v1_2008_ec18dd78aa984bef83c87fc401c03e68,validation,2008,middle,COMPLETED,37.48804870003369,34.244721599970944,0.24462479999056086,6.8812168998993
results/locked_validation_continuation_v1/object_2008/late,a17_closure_locked_validation_continuation_v1_2008_ec18dd78aa984bef83c87fc401c03e68,validation,2008,late,COMPLETED,37.14689570001792,33.905694300017785,0.24885499995434657,6.916623300057836
results/locked_validation_continuation_v1/object_2009/early,a17_closure_locked_validation_continuation_v1_2009_a849071e93854311b14c0f3374326e40,validation,2009,early,COMPLETED,30.185365599987563,26.956955100002233,0.3570590000017546,3.5591683999518864
results/locked_validation_continuation_v1/object_2009/middle,a17_closure_locked_validation_continuation_v1_2009_a849071e93854311b14c0f3374326e40,validation,2009,middle,COMPLETED,29.95876509998925,26.774418500019237,0.38716260000364855,3.5300531000248156
results/locked_validation_continuation_v1/object_2009/late,a17_closure_locked_validation_continuation_v1_2009_a849071e93854311b14c0f3374326e40,validation,2009,late,COMPLETED,30.458745900017675,27.32766279997304,0.4100793999969028,3.5757424000184983
results/locked_validation_continuation_v1/object_2010/early,a17_closure_locked_validation_continuation_v1_2010_167ddd9956d4416ead95ca711b1c5b13,validation,2010,early,COMPLETED,36.951142900041305,33.76834120001877,0.2546165000530891,6.793750199896749
results/locked_validation_continuation_v1/object_2010/middle,a17_closure_locked_validation_continuation_v1_2010_167ddd9956d4416ead95ca711b1c5b13,validation,2010,middle,COMPLETED,37.21123950002948,33.933648200007156,0.24476059997687116,6.757164599956013
results/locked_validation_continuation_v1/object_2010/late,a17_closure_locked_validation_continuation_v1_2010_167ddd9956d4416ead95ca711b1c5b13,validation,2010,late,COMPLETED,37.205889599979855,34.01786149997497,0.2492445000098087,6.820224099967163
results/locked_validation_continuation_v1/object_2011/early,a17_closure_locked_validation_continuation_v1_2011_7dab4fa1f0964848bdbef12aebd1eeac,validation,2011,early,COMPLETED,29.01275799999712,25.85488009999972,0.4146848000236787,3.5285036999266595
results/locked_validation_continuation_v1/object_2011/middle,a17_closure_locked_validation_continuation_v1_2011_7dab4fa1f0964848bdbef12aebd1eeac,validation,2011,middle,COMPLETED,30.60912770003779,27.390574800025206,0.4229068999993615,3.5950140000786632
results/locked_validation_continuation_v1/object_2011/late,a17_closure_locked_validation_continuation_v1_2011_7dab4fa1f0964848bdbef12aebd1eeac,validation,2011,late,COMPLETED,27.848220599989872,24.771928899979685,0.40222849999554455,3.4265760999405757
results/locked_validation_continuation_v1/object_2013/early,a17_closure_locked_validation_continuation_v1_2013_258c710f6fc64761805c7d5a5cf78e31,validation,2013,early,COMPLETED,29.229969899985008,26.0907242000103,0.3901432999991812,3.5478453000541776
results/locked_validation_continuation_v1/object_2013/middle,a17_closure_locked_validation_continuation_v1_2013_258c710f6fc64761805c7d5a5cf78e31,validation,2013,middle,COMPLETED,29.978286699973978,26.796677900012583,0.36965090001467615,3.6045953000430018
results/locked_validation_continuation_v1/object_2013/late,a17_closure_locked_validation_continuation_v1_2013_258c710f6fc64761805c7d5a5cf78e31,validation,2013,late,COMPLETED,30.309099500009324,27.137049700017087,0.4481515000225045,3.442825600039214
results/locked_validation_continuation_v1/object_2016/early,a17_closure_locked_validation_continuation_v1_2016_04a22623ea944b76a824ae6aa4285358,validation,2016,early,COMPLETED,35.179443200002424,32.055119599972386,0.21493949997238815,6.746132599946577
results/locked_validation_continuation_v1/object_2016/middle,a17_closure_locked_validation_continuation_v1_2016_04a22623ea944b76a824ae6aa4285358,validation,2016,middle,COMPLETED,36.26107830001274,33.08584710001014,0.24063749995548278,6.803408799984027
results/locked_validation_continuation_v1/object_2016/late,a17_closure_locked_validation_continuation_v1_2016_04a22623ea944b76a824ae6aa4285358,validation,2016,late,FAILED,27.957988200010732,,,
results/locked_noise_v1/object_2002/middle_noise100_rep0,a17_closure_locked_noise_v1_2002_1db259627047431788c4148bd07e5d60,noise,2002,middle,COMPLETED,42.371251399978064,39.058964199968614,4.851259600021876,6.632265999913216
results/locked_noise_v1/object_2002/middle_noise100_rep1,a17_closure_locked_noise_v1_2002_1db259627047431788c4148bd07e5d60,noise,2002,middle,COMPLETED,40.83027229999425,37.5980622000061,4.878490199975204,6.699710300075822
results/locked_noise_v1/object_2002/middle_noise100_rep2,a17_closure_locked_noise_v1_2002_1db259627047431788c4148bd07e5d60,noise,2002,middle,COMPLETED,42.227403400000185,39.02643679996254,4.864538299967535,6.801610200025607
results/locked_noise_v1/object_2002/middle_noise300_rep0,a17_closure_locked_noise_v1_2002_1db259627047431788c4148bd07e5d60,noise,2002,middle,COMPLETED,42.10309649998089,38.822816899977624,4.773527199984528,6.920444899995346
results/locked_noise_v1/object_2002/middle_noise300_rep1,a17_closure_locked_noise_v1_2002_1db259627047431788c4148bd07e5d60,noise,2002,middle,COMPLETED,42.04251250001835,38.80069800000638,4.878600399999414,6.9441996000823565
results/locked_noise_v1/object_2002/middle_noise300_rep2,a17_closure_locked_noise_v1_2002_1db259627047431788c4148bd07e5d60,noise,2002,middle,COMPLETED,41.71788449998712,38.47214730002452,4.811420799989719,6.889926300034858
results/locked_noise_v1/object_2005/middle_noise100_rep0,a17_closure_locked_noise_v1_2005_7b38aa98897c4b22aeb2c6de897fed36,noise,2005,middle,COMPLETED,32.861564499966335,29.738267500011716,2.840097300009802,3.5420696999062784
results/locked_noise_v1/object_2005/middle_noise100_rep1,a17_closure_locked_noise_v1_2005_7b38aa98897c4b22aeb2c6de897fed36,noise,2005,middle,COMPLETED,31.711940600012895,28.516616499982774,2.8721223999746144,3.4124149999697693
results/locked_noise_v1/object_2005/middle_noise100_rep2,a17_closure_locked_noise_v1_2005_7b38aa98897c4b22aeb2c6de897fed36,noise,2005,middle,COMPLETED,32.98860290000448,29.792944199987687,2.843510199978482,3.6103828999912366
results/locked_noise_v1/object_2005/middle_noise300_rep0,a17_closure_locked_noise_v1_2005_7b38aa98897c4b22aeb2c6de897fed36,noise,2005,middle,COMPLETED,32.91237730003195,29.697145299986005,2.8251525000086986,3.660097299842164
results/locked_noise_v1/object_2005/middle_noise300_rep1,a17_closure_locked_noise_v1_2005_7b38aa98897c4b22aeb2c6de897fed36,noise,2005,middle,COMPLETED,31.491568899946287,28.38404489995446,2.8061168999993242,3.470161800039932
results/locked_noise_v1/object_2005/middle_noise300_rep2,a17_closure_locked_noise_v1_2005_7b38aa98897c4b22aeb2c6de897fed36,noise,2005,middle,COMPLETED,31.772841800004244,28.599647799972445,2.7959738000063226,3.454019400058314
results/locked_noise_v1/object_2009/middle_noise100_rep0,a17_closure_locked_noise_v1_2009_0576f36e8b9640148259e663a41de0bd,noise,2009,middle,COMPLETED,31.936282899987418,28.80815719999373,3.331534999946598,3.4948055999120697
results/locked_noise_v1/object_2009/middle_noise100_rep1,a17_closure_locked_noise_v1_2009_0576f36e8b9640148259e663a41de0bd,noise,2009,middle,COMPLETED,32.403848499991,29.24429289996624,3.1949686000007205,3.5501492999028414
results/locked_noise_v1/object_2009/middle_noise100_rep2,a17_closure_locked_noise_v1_2009_0576f36e8b9640148259e663a41de0bd,noise,2009,middle,COMPLETED,33.188319400011096,29.997936200001277,3.3437771999742836,3.6158392000361346
results/locked_noise_v1/object_2009/middle_noise300_rep0,a17_closure_locked_noise_v1_2009_0576f36e8b9640148259e663a41de0bd,noise,2009,middle,COMPLETED,33.11497720004991,29.923167900007684,3.3138270000345074,3.627471199899446
results/locked_noise_v1/object_2009/middle_noise300_rep1,a17_closure_locked_noise_v1_2009_0576f36e8b9640148259e663a41de0bd,noise,2009,middle,COMPLETED,30.793460200016852,27.671196500014048,3.2530753000173718,3.3923313000123017
results/locked_noise_v1/object_2009/middle_noise300_rep2,a17_closure_locked_noise_v1_2009_0576f36e8b9640148259e663a41de0bd,noise,2009,middle,COMPLETED,33.21628829999827,30.049334899988025,3.338046899996698,3.61589919985272
results/locked_noise_v1/object_2016/middle_noise100_rep0,a17_closure_locked_noise_v1_2016_0b5e4009c17a4b229cfaff7592951077,noise,2016,middle,COMPLETED,41.64994120004121,38.35190309997415,4.093910600000527,6.837821700028144
results/locked_noise_v1/object_2016/middle_noise100_rep1,a17_closure_locked_noise_v1_2016_0b5e4009c17a4b229cfaff7592951077,noise,2016,middle,COMPLETED,41.470903699984774,38.06912400003057,4.188613299978897,6.856023200089112
results/locked_noise_v1/object_2016/middle_noise100_rep2,a17_closure_locked_noise_v1_2016_0b5e4009c17a4b229cfaff7592951077,noise,2016,middle,COMPLETED,41.562619199976325,38.31005600001663,4.141052999999374,6.88855589996092
results/locked_noise_v1/object_2016/middle_noise300_rep0,a17_closure_locked_noise_v1_2016_0b5e4009c17a4b229cfaff7592951077,noise,2016,middle,COMPLETED,41.58042320003733,38.301456000015605,3.9623092000256293,6.858746199868619
results/locked_noise_v1/object_2016/middle_noise300_rep1,a17_closure_locked_noise_v1_2016_0b5e4009c17a4b229cfaff7592951077,noise,2016,middle,COMPLETED,41.258582399983425,38.09373099997174,4.130420800007414,6.824891800002661
results/locked_noise_v1/object_2016/middle_noise300_rep2,a17_closure_locked_noise_v1_2016_0b5e4009c17a4b229cfaff7592951077,noise,2016,middle,COMPLETED,40.013433899963275,36.75304430001415,4.085542800021358,6.722930899995845
