actual_minus_local_teacher_risk,actual_online_final_full_gap,anchor_wall_s,balanced12_best_raw_positive_gain,balanced12_best_significant_gain,balanced12_feasible_count,balanced12_opportunity_capture,balanced12_significant_opportunity_capture,binding_status,cell_status,declared_move_count,directory,endpoint_wall_s,errors,feasible_count,full_dictionary_anchor_top1_noop_capture,full_dictionary_anchor_top1_noop_regret,full_dictionary_anchor_top1_signed_capture,full_dictionary_anchor_top1_signed_regret,full_dictionary_anchor_top1_signed_true_gain,full_dictionary_anchor_top1_significance_regret,full_dictionary_anchor_top1_verified_noop_gain,invalid_count,k,labeled_count,local_not_global_oracle,local_teacher_final_full_gap,object_id,observed_best_positive_gain,omitted_opportunity,online_feedback,phase,positive_count,significant_positive_count,state_status,teacher_best_raw_positive_gain,teacher_best_significant_gain,teacher_tangent_rhs,teacher_wall_s
,,,,,,,,INVALID_BINDINGS,INVALID_BINDINGS,,results/offline_coverage_v2/object_2002/early,,"[""baseline import not pinned: code/a9_engine.py""]",,,,,,,,,,4,,True,,2002,,,False,early,,,COMPLETED,,,,
,,,,,,,,INVALID_BINDINGS,INVALID_BINDINGS,,results/offline_coverage_v2/object_2002/early,,"[""baseline import not pinned: code/a9_engine.py""]",,,,,,,,,,8,,True,,2002,,,False,early,,,COMPLETED,,,,
,,,,,,,,INVALID_BINDINGS,INVALID_BINDINGS,,results/offline_coverage_v2/object_2002/early,,"[""baseline import not pinned: code/a9_engine.py""]",,,,,,,,,,16,,True,,2002,,,False,early,,,COMPLETED,,,,
,,,,,,,,INVALID_BINDINGS,INVALID_BINDINGS,,results/offline_coverage_v2/object_2002/middle,,"[""baseline import not pinned: code/a9_engine.py""]",,,,,,,,,,4,,True,,2002,,,False,middle,,,COMPLETED,,,,
,,,,,,,,INVALID_BINDINGS,INVALID_BINDINGS,,results/offline_coverage_v2/object_2002/middle,,"[""baseline import not pinned: code/a9_engine.py""]",,,,,,,,,,8,,True,,2002,,,False,middle,,,COMPLETED,,,,
,,,,,,,,INVALID_BINDINGS,INVALID_BINDINGS,,results/offline_coverage_v2/object_2002/middle,,"[""baseline import not pinned: code/a9_engine.py""]",,,,,,,,,,16,,True,,2002,,,False,middle,,,COMPLETED,,,,
,,,,,,,,INVALID_BINDINGS,INVALID_BINDINGS,,results/offline_coverage_v2/object_2002/late,,"[""baseline import not pinned: code/a9_engine.py""]",,,,,,,,,,4,,True,,2002,,,False,late,,,COMPLETED,,,,
,,,,,,,,INVALID_BINDINGS,INVALID_BINDINGS,,results/offline_coverage_v2/object_2002/late,,"[""baseline import not pinned: code/a9_engine.py""]",,,,,,,,,,8,,True,,2002,,,False,late,,,COMPLETED,,,,
,,,,,,,,INVALID_BINDINGS,INVALID_BINDINGS,,results/offline_coverage_v2/object_2002/late,,"[""baseline import not pinned: code/a9_engine.py""]",,,,,,,,,,16,,True,,2002,,,False,late,,,COMPLETED,,,,
,,,,,,,,INVALID_BINDINGS,INVALID_BINDINGS,,results/offline_coverage_v2/object_2003/early,,"[""baseline import not pinned: code/a9_engine.py""]",,,,,,,,,,4,,True,,2003,,,False,early,,,COMPLETED,,,,
,,,,,,,,INVALID_BINDINGS,INVALID_BINDINGS,,results/offline_coverage_v2/object_2003/early,,"[""baseline import not pinned: code/a9_engine.py""]",,,,,,,,,,8,,True,,2003,,,False,early,,,COMPLETED,,,,
,,,,,,,,INVALID_BINDINGS,INVALID_BINDINGS,,results/offline_coverage_v2/object_2003/early,,"[""baseline import not pinned: code/a9_engine.py""]",,,,,,,,,,16,,True,,2003,,,False,early,,,COMPLETED,,,,
,,,,,,,,INVALID_BINDINGS,INVALID_BINDINGS,,results/offline_coverage_v2/object_2003/middle,,"[""baseline import not pinned: code/a9_engine.py""]",,,,,,,,,,4,,True,,2003,,,False,middle,,,COMPLETED,,,,
,,,,,,,,INVALID_BINDINGS,INVALID_BINDINGS,,results/offline_coverage_v2/object_2003/middle,,"[""baseline import not pinned: code/a9_engine.py""]",,,,,,,,,,8,,True,,2003,,,False,middle,,,COMPLETED,,,,
,,,,,,,,INVALID_BINDINGS,INVALID_BINDINGS,,results/offline_coverage_v2/object_2003/middle,,"[""baseline import not pinned: code/a9_engine.py""]",,,,,,,,,,16,,True,,2003,,,False,middle,,,COMPLETED,,,,
,,,,,,,,INVALID_BINDINGS,INVALID_BINDINGS,,results/offline_coverage_v2/object_2003/late,,"[""baseline import not pinned: code/a9_engine.py""]",,,,,,,,,,4,,True,,2003,,,False,late,,,COMPLETED,,,,
,,,,,,,,INVALID_BINDINGS,INVALID_BINDINGS,,results/offline_coverage_v2/object_2003/late,,"[""baseline import not pinned: code/a9_engine.py""]",,,,,,,,,,8,,True,,2003,,,False,late,,,COMPLETED,,,,
,,,,,,,,INVALID_BINDINGS,INVALID_BINDINGS,,results/offline_coverage_v2/object_2003/late,,"[""baseline import not pinned: code/a9_engine.py""]",,,,,,,,,,16,,True,,2003,,,False,late,,,COMPLETED,,,,
,,,,,,,,INVALID_BINDINGS,INVALID_BINDINGS,,results/offline_coverage_v2/object_2004/early,,"[""baseline import not pinned: code/a9_engine.py""]",,,,,,,,,,4,,True,,2004,,,False,early,,,COMPLETED,,,,
,,,,,,,,INVALID_BINDINGS,INVALID_BINDINGS,,results/offline_coverage_v2/object_2004/early,,"[""baseline import not pinned: code/a9_engine.py""]",,,,,,,,,,8,,True,,2004,,,False,early,,,COMPLETED,,,,
,,,,,,,,INVALID_BINDINGS,INVALID_BINDINGS,,results/offline_coverage_v2/object_2004/early,,"[""baseline import not pinned: code/a9_engine.py""]",,,,,,,,,,16,,True,,2004,,,False,early,,,COMPLETED,,,,
,,,,,,,,INVALID_BINDINGS,INVALID_BINDINGS,,results/offline_coverage_v2/object_2004/middle,,"[""baseline import not pinned: code/a9_engine.py""]",,,,,,,,,,4,,True,,2004,,,False,middle,,,COMPLETED,,,,
,,,,,,,,INVALID_BINDINGS,INVALID_BINDINGS,,results/offline_coverage_v2/object_2004/middle,,"[""baseline import not pinned: code/a9_engine.py""]",,,,,,,,,,8,,True,,2004,,,False,middle,,,COMPLETED,,,,
,,,,,,,,INVALID_BINDINGS,INVALID_BINDINGS,,results/offline_coverage_v2/object_2004/middle,,"[""baseline import not pinned: code/a9_engine.py""]",,,,,,,,,,16,,True,,2004,,,False,middle,,,COMPLETED,,,,
,,,,,,,,INVALID_BINDINGS,INVALID_BINDINGS,,results/offline_coverage_v2/object_2004/late,,"[""baseline import not pinned: code/a9_engine.py""]",,,,,,,,,,4,,True,,2004,,,False,late,,,COMPLETED,,,,
,,,,,,,,INVALID_BINDINGS,INVALID_BINDINGS,,results/offline_coverage_v2/object_2004/late,,"[""baseline import not pinned: code/a9_engine.py""]",,,,,,,,,,8,,True,,2004,,,False,late,,,COMPLETED,,,,
,,,,,,,,INVALID_BINDINGS,INVALID_BINDINGS,,results/offline_coverage_v2/object_2004/late,,"[""baseline import not pinned: code/a9_engine.py""]",,,,,,,,,,16,,True,,2004,,,False,late,,,COMPLETED,,,,
,,,,,,,,INVALID_BINDINGS,INVALID_BINDINGS,,results/offline_coverage_v2/object_2005/early,,"[""baseline import not pinned: code/a9_engine.py""]",,,,,,,,,,4,,True,,2005,,,False,early,,,COMPLETED,,,,
,,,,,,,,INVALID_BINDINGS,INVALID_BINDINGS,,results/offline_coverage_v2/object_2005/early,,"[""baseline import not pinned: code/a9_engine.py""]",,,,,,,,,,8,,True,,2005,,,False,early,,,COMPLETED,,,,
,,,,,,,,INVALID_BINDINGS,INVALID_BINDINGS,,results/offline_coverage_v2/object_2005/early,,"[""baseline import not pinned: code/a9_engine.py""]",,,,,,,,,,16,,True,,2005,,,False,early,,,COMPLETED,,,,
,,,,,,,,INVALID_BINDINGS,INVALID_BINDINGS,,results/offline_coverage_v2/object_2005/middle,,"[""baseline import not pinned: code/a9_engine.py""]",,,,,,,,,,4,,True,,2005,,,False,middle,,,COMPLETED,,,,
,,,,,,,,INVALID_BINDINGS,INVALID_BINDINGS,,results/offline_coverage_v2/object_2005/middle,,"[""baseline import not pinned: code/a9_engine.py""]",,,,,,,,,,8,,True,,2005,,,False,middle,,,COMPLETED,,,,
,,,,,,,,INVALID_BINDINGS,INVALID_BINDINGS,,results/offline_coverage_v2/object_2005/middle,,"[""baseline import not pinned: code/a9_engine.py""]",,,,,,,,,,16,,True,,2005,,,False,middle,,,COMPLETED,,,,
,,,,,,,,INVALID_BINDINGS,INVALID_BINDINGS,,results/offline_coverage_v2/object_2005/late,,"[""baseline import not pinned: code/a9_engine.py""]",,,,,,,,,,4,,True,,2005,,,False,late,,,COMPLETED,,,,
,,,,,,,,INVALID_BINDINGS,INVALID_BINDINGS,,results/offline_coverage_v2/object_2005/late,,"[""baseline import not pinned: code/a9_engine.py""]",,,,,,,,,,8,,True,,2005,,,False,late,,,COMPLETED,,,,
,,,,,,,,INVALID_BINDINGS,INVALID_BINDINGS,,results/offline_coverage_v2/object_2005/late,,"[""baseline import not pinned: code/a9_engine.py""]",,,,,,,,,,16,,True,,2005,,,False,late,,,COMPLETED,,,,
,,,,,,,,INVALID_BINDINGS,INVALID_BINDINGS,,results/offline_coverage_v2/object_2006/early,,"[""baseline import not pinned: code/a9_engine.py""]",,,,,,,,,,4,,True,,2006,,,False,early,,,COMPLETED,,,,
,,,,,,,,INVALID_BINDINGS,INVALID_BINDINGS,,results/offline_coverage_v2/object_2006/early,,"[""baseline import not pinned: code/a9_engine.py""]",,,,,,,,,,8,,True,,2006,,,False,early,,,COMPLETED,,,,
,,,,,,,,INVALID_BINDINGS,INVALID_BINDINGS,,results/offline_coverage_v2/object_2006/early,,"[""baseline import not pinned: code/a9_engine.py""]",,,,,,,,,,16,,True,,2006,,,False,early,,,COMPLETED,,,,
,,,,,,,,INVALID_BINDINGS,INVALID_BINDINGS,,results/offline_coverage_v2/object_2006/middle,,"[""baseline import not pinned: code/a9_engine.py""]",,,,,,,,,,4,,True,,2006,,,False,middle,,,COMPLETED,,,,
,,,,,,,,INVALID_BINDINGS,INVALID_BINDINGS,,results/offline_coverage_v2/object_2006/middle,,"[""baseline import not pinned: code/a9_engine.py""]",,,,,,,,,,8,,True,,2006,,,False,middle,,,COMPLETED,,,,
,,,,,,,,INVALID_BINDINGS,INVALID_BINDINGS,,results/offline_coverage_v2/object_2006/middle,,"[""baseline import not pinned: code/a9_engine.py""]",,,,,,,,,,16,,True,,2006,,,False,middle,,,COMPLETED,,,,
,,,,,,,,INVALID_BINDINGS,INVALID_BINDINGS,,results/offline_coverage_v2/object_2006/late,,"[""baseline import not pinned: code/a9_engine.py""]",,,,,,,,,,4,,True,,2006,,,False,late,,,COMPLETED,,,,
,,,,,,,,INVALID_BINDINGS,INVALID_BINDINGS,,results/offline_coverage_v2/object_2006/late,,"[""baseline import not pinned: code/a9_engine.py""]",,,,,,,,,,8,,True,,2006,,,False,late,,,COMPLETED,,,,
,,,,,,,,INVALID_BINDINGS,INVALID_BINDINGS,,results/offline_coverage_v2/object_2006/late,,"[""baseline import not pinned: code/a9_engine.py""]",,,,,,,,,,16,,True,,2006,,,False,late,,,COMPLETED,,,,
,,,,,,,,INVALID_BINDINGS,INVALID_BINDINGS,,results/offline_coverage_v2/object_2008/early,,"[""baseline import not pinned: code/a9_engine.py""]",,,,,,,,,,4,,True,,2008,,,False,early,,,COMPLETED,,,,
,,,,,,,,INVALID_BINDINGS,INVALID_BINDINGS,,results/offline_coverage_v2/object_2008/early,,"[""baseline import not pinned: code/a9_engine.py""]",,,,,,,,,,8,,True,,2008,,,False,early,,,COMPLETED,,,,
,,,,,,,,INVALID_BINDINGS,INVALID_BINDINGS,,results/offline_coverage_v2/object_2008/early,,"[""baseline import not pinned: code/a9_engine.py""]",,,,,,,,,,16,,True,,2008,,,False,early,,,COMPLETED,,,,
,,,,,,,,INVALID_BINDINGS,INVALID_BINDINGS,,results/offline_coverage_v2/object_2008/middle,,"[""baseline import not pinned: code/a9_engine.py""]",,,,,,,,,,4,,True,,2008,,,False,middle,,,COMPLETED,,,,
,,,,,,,,INVALID_BINDINGS,INVALID_BINDINGS,,results/offline_coverage_v2/object_2008/middle,,"[""baseline import not pinned: code/a9_engine.py""]",,,,,,,,,,8,,True,,2008,,,False,middle,,,COMPLETED,,,,
,,,,,,,,INVALID_BINDINGS,INVALID_BINDINGS,,results/offline_coverage_v2/object_2008/middle,,"[""baseline import not pinned: code/a9_engine.py""]",,,,,,,,,,16,,True,,2008,,,False,middle,,,COMPLETED,,,,
,,,,,,,,INVALID_BINDINGS,INVALID_BINDINGS,,results/offline_coverage_v2/object_2008/late,,"[""baseline import not pinned: code/a9_engine.py""]",,,,,,,,,,4,,True,,2008,,,False,late,,,COMPLETED,,,,
,,,,,,,,INVALID_BINDINGS,INVALID_BINDINGS,,results/offline_coverage_v2/object_2008/late,,"[""baseline import not pinned: code/a9_engine.py""]",,,,,,,,,,8,,True,,2008,,,False,late,,,COMPLETED,,,,
,,,,,,,,INVALID_BINDINGS,INVALID_BINDINGS,,results/offline_coverage_v2/object_2008/late,,"[""baseline import not pinned: code/a9_engine.py""]",,,,,,,,,,16,,True,,2008,,,False,late,,,COMPLETED,,,,
,,,,,,,,INVALID_BINDINGS,INVALID_BINDINGS,,results/offline_coverage_v2/object_2009/early,,"[""baseline import not pinned: code/a9_engine.py""]",,,,,,,,,,4,,True,,2009,,,False,early,,,COMPLETED,,,,
,,,,,,,,INVALID_BINDINGS,INVALID_BINDINGS,,results/offline_coverage_v2/object_2009/early,,"[""baseline import not pinned: code/a9_engine.py""]",,,,,,,,,,8,,True,,2009,,,False,early,,,COMPLETED,,,,
,,,,,,,,INVALID_BINDINGS,INVALID_BINDINGS,,results/offline_coverage_v2/object_2009/early,,"[""baseline import not pinned: code/a9_engine.py""]",,,,,,,,,,16,,True,,2009,,,False,early,,,COMPLETED,,,,
,,,,,,,,INVALID_BINDINGS,INVALID_BINDINGS,,results/offline_coverage_v2/object_2009/middle,,"[""baseline import not pinned: code/a9_engine.py""]",,,,,,,,,,4,,True,,2009,,,False,middle,,,COMPLETED,,,,
,,,,,,,,INVALID_BINDINGS,INVALID_BINDINGS,,results/offline_coverage_v2/object_2009/middle,,"[""baseline import not pinned: code/a9_engine.py""]",,,,,,,,,,8,,True,,2009,,,False,middle,,,COMPLETED,,,,
,,,,,,,,INVALID_BINDINGS,INVALID_BINDINGS,,results/offline_coverage_v2/object_2009/middle,,"[""baseline import not pinned: code/a9_engine.py""]",,,,,,,,,,16,,True,,2009,,,False,middle,,,COMPLETED,,,,
,,,,,,,,INVALID_BINDINGS,INVALID_BINDINGS,,results/offline_coverage_v2/object_2009/late,,"[""baseline import not pinned: code/a9_engine.py""]",,,,,,,,,,4,,True,,2009,,,False,late,,,COMPLETED,,,,
,,,,,,,,INVALID_BINDINGS,INVALID_BINDINGS,,results/offline_coverage_v2/object_2009/late,,"[""baseline import not pinned: code/a9_engine.py""]",,,,,,,,,,8,,True,,2009,,,False,late,,,COMPLETED,,,,
,,,,,,,,INVALID_BINDINGS,INVALID_BINDINGS,,results/offline_coverage_v2/object_2009/late,,"[""baseline import not pinned: code/a9_engine.py""]",,,,,,,,,,16,,True,,2009,,,False,late,,,COMPLETED,,,,
,,,,,,,,INVALID_BINDINGS,INVALID_BINDINGS,,results/offline_coverage_v2/object_2010/early,,"[""baseline import not pinned: code/a9_engine.py""]",,,,,,,,,,4,,True,,2010,,,False,early,,,COMPLETED,,,,
,,,,,,,,INVALID_BINDINGS,INVALID_BINDINGS,,results/offline_coverage_v2/object_2010/early,,"[""baseline import not pinned: code/a9_engine.py""]",,,,,,,,,,8,,True,,2010,,,False,early,,,COMPLETED,,,,
,,,,,,,,INVALID_BINDINGS,INVALID_BINDINGS,,results/offline_coverage_v2/object_2010/early,,"[""baseline import not pinned: code/a9_engine.py""]",,,,,,,,,,16,,True,,2010,,,False,early,,,COMPLETED,,,,
,,,,,,,,INVALID_BINDINGS,INVALID_BINDINGS,,results/offline_coverage_v2/object_2010/middle,,"[""baseline import not pinned: code/a9_engine.py""]",,,,,,,,,,4,,True,,2010,,,False,middle,,,COMPLETED,,,,
,,,,,,,,INVALID_BINDINGS,INVALID_BINDINGS,,results/offline_coverage_v2/object_2010/middle,,"[""baseline import not pinned: code/a9_engine.py""]",,,,,,,,,,8,,True,,2010,,,False,middle,,,COMPLETED,,,,
,,,,,,,,INVALID_BINDINGS,INVALID_BINDINGS,,results/offline_coverage_v2/object_2010/middle,,"[""baseline import not pinned: code/a9_engine.py""]",,,,,,,,,,16,,True,,2010,,,False,middle,,,COMPLETED,,,,
,,,,,,,,INVALID_BINDINGS,INVALID_BINDINGS,,results/offline_coverage_v2/object_2010/late,,"[""baseline import not pinned: code/a9_engine.py""]",,,,,,,,,,4,,True,,2010,,,False,late,,,COMPLETED,,,,
,,,,,,,,INVALID_BINDINGS,INVALID_BINDINGS,,results/offline_coverage_v2/object_2010/late,,"[""baseline import not pinned: code/a9_engine.py""]",,,,,,,,,,8,,True,,2010,,,False,late,,,COMPLETED,,,,
,,,,,,,,INVALID_BINDINGS,INVALID_BINDINGS,,results/offline_coverage_v2/object_2010/late,,"[""baseline import not pinned: code/a9_engine.py""]",,,,,,,,,,16,,True,,2010,,,False,late,,,COMPLETED,,,,
,,,,,,,,INVALID_BINDINGS,INVALID_BINDINGS,,results/offline_coverage_v2/object_2011/early,,"[""baseline import not pinned: code/a9_engine.py""]",,,,,,,,,,4,,True,,2011,,,False,early,,,COMPLETED,,,,
,,,,,,,,INVALID_BINDINGS,INVALID_BINDINGS,,results/offline_coverage_v2/object_2011/early,,"[""baseline import not pinned: code/a9_engine.py""]",,,,,,,,,,8,,True,,2011,,,False,early,,,COMPLETED,,,,
,,,,,,,,INVALID_BINDINGS,INVALID_BINDINGS,,results/offline_coverage_v2/object_2011/early,,"[""baseline import not pinned: code/a9_engine.py""]",,,,,,,,,,16,,True,,2011,,,False,early,,,COMPLETED,,,,
,,,,,,,,INVALID_BINDINGS,INVALID_BINDINGS,,results/offline_coverage_v2/object_2011/middle,,"[""baseline import not pinned: code/a9_engine.py""]",,,,,,,,,,4,,True,,2011,,,False,middle,,,COMPLETED,,,,
,,,,,,,,INVALID_BINDINGS,INVALID_BINDINGS,,results/offline_coverage_v2/object_2011/middle,,"[""baseline import not pinned: code/a9_engine.py""]",,,,,,,,,,8,,True,,2011,,,False,middle,,,COMPLETED,,,,
,,,,,,,,INVALID_BINDINGS,INVALID_BINDINGS,,results/offline_coverage_v2/object_2011/middle,,"[""baseline import not pinned: code/a9_engine.py""]",,,,,,,,,,16,,True,,2011,,,False,middle,,,COMPLETED,,,,
,,,,,,,,INVALID_BINDINGS,INVALID_BINDINGS,,results/offline_coverage_v2/object_2011/late,,"[""baseline import not pinned: code/a9_engine.py""]",,,,,,,,,,4,,True,,2011,,,False,late,,,COMPLETED,,,,
,,,,,,,,INVALID_BINDINGS,INVALID_BINDINGS,,results/offline_coverage_v2/object_2011/late,,"[""baseline import not pinned: code/a9_engine.py""]",,,,,,,,,,8,,True,,2011,,,False,late,,,COMPLETED,,,,
,,,,,,,,INVALID_BINDINGS,INVALID_BINDINGS,,results/offline_coverage_v2/object_2011/late,,"[""baseline import not pinned: code/a9_engine.py""]",,,,,,,,,,16,,True,,2011,,,False,late,,,COMPLETED,,,,
,,,,,,,,INVALID_BINDINGS,INVALID_BINDINGS,,results/offline_coverage_v2/object_2013/early,,"[""baseline import not pinned: code/a9_engine.py""]",,,,,,,,,,4,,True,,2013,,,False,early,,,COMPLETED,,,,
,,,,,,,,INVALID_BINDINGS,INVALID_BINDINGS,,results/offline_coverage_v2/object_2013/early,,"[""baseline import not pinned: code/a9_engine.py""]",,,,,,,,,,8,,True,,2013,,,False,early,,,COMPLETED,,,,
,,,,,,,,INVALID_BINDINGS,INVALID_BINDINGS,,results/offline_coverage_v2/object_2013/early,,"[""baseline import not pinned: code/a9_engine.py""]",,,,,,,,,,16,,True,,2013,,,False,early,,,COMPLETED,,,,
,,,,,,,,INVALID_BINDINGS,INVALID_BINDINGS,,results/offline_coverage_v2/object_2013/middle,,"[""baseline import not pinned: code/a9_engine.py""]",,,,,,,,,,4,,True,,2013,,,False,middle,,,COMPLETED,,,,
,,,,,,,,INVALID_BINDINGS,INVALID_BINDINGS,,results/offline_coverage_v2/object_2013/middle,,"[""baseline import not pinned: code/a9_engine.py""]",,,,,,,,,,8,,True,,2013,,,False,middle,,,COMPLETED,,,,
,,,,,,,,INVALID_BINDINGS,INVALID_BINDINGS,,results/offline_coverage_v2/object_2013/middle,,"[""baseline import not pinned: code/a9_engine.py""]",,,,,,,,,,16,,True,,2013,,,False,middle,,,COMPLETED,,,,
,,,,,,,,INVALID_BINDINGS,INVALID_BINDINGS,,results/offline_coverage_v2/object_2013/late,,"[""baseline import not pinned: code/a9_engine.py""]",,,,,,,,,,4,,True,,2013,,,False,late,,,COMPLETED,,,,
,,,,,,,,INVALID_BINDINGS,INVALID_BINDINGS,,results/offline_coverage_v2/object_2013/late,,"[""baseline import not pinned: code/a9_engine.py""]",,,,,,,,,,8,,True,,2013,,,False,late,,,COMPLETED,,,,
,,,,,,,,INVALID_BINDINGS,INVALID_BINDINGS,,results/offline_coverage_v2/object_2013/late,,"[""baseline import not pinned: code/a9_engine.py""]",,,,,,,,,,16,,True,,2013,,,False,late,,,COMPLETED,,,,
,,,,,,,,INVALID_BINDINGS,INVALID_BINDINGS,,results/offline_coverage_v2/object_2016/early,,"[""baseline import not pinned: code/a9_engine.py""]",,,,,,,,,,4,,True,,2016,,,False,early,,,COMPLETED,,,,
,,,,,,,,INVALID_BINDINGS,INVALID_BINDINGS,,results/offline_coverage_v2/object_2016/early,,"[""baseline import not pinned: code/a9_engine.py""]",,,,,,,,,,8,,True,,2016,,,False,early,,,COMPLETED,,,,
,,,,,,,,INVALID_BINDINGS,INVALID_BINDINGS,,results/offline_coverage_v2/object_2016/early,,"[""baseline import not pinned: code/a9_engine.py""]",,,,,,,,,,16,,True,,2016,,,False,early,,,COMPLETED,,,,
,,,,,,,,INVALID_BINDINGS,INVALID_BINDINGS,,results/offline_coverage_v2/object_2016/middle,,"[""baseline import not pinned: code/a9_engine.py""]",,,,,,,,,,4,,True,,2016,,,False,middle,,,COMPLETED,,,,
,,,,,,,,INVALID_BINDINGS,INVALID_BINDINGS,,results/offline_coverage_v2/object_2016/middle,,"[""baseline import not pinned: code/a9_engine.py""]",,,,,,,,,,8,,True,,2016,,,False,middle,,,COMPLETED,,,,
,,,,,,,,INVALID_BINDINGS,INVALID_BINDINGS,,results/offline_coverage_v2/object_2016/middle,,"[""baseline import not pinned: code/a9_engine.py""]",,,,,,,,,,16,,True,,2016,,,False,middle,,,COMPLETED,,,,
,,,,,,,,FIXED_PREREQUISITE_EXCLUSION_VERIFIED,NOT_RUN_PRIMARY_INCOMPLETE,,results/offline_coverage_v2/object_2016/late,,[],,,,,,,,,,4,,True,,2016,,,False,late,,,NOT_RUN_PRIMARY_INCOMPLETE,,,,
,,,,,,,,FIXED_PREREQUISITE_EXCLUSION_VERIFIED,NOT_RUN_PRIMARY_INCOMPLETE,,results/offline_coverage_v2/object_2016/late,,[],,,,,,,,,,8,,True,,2016,,,False,late,,,NOT_RUN_PRIMARY_INCOMPLETE,,,,
,,,,,,,,FIXED_PREREQUISITE_EXCLUSION_VERIFIED,NOT_RUN_PRIMARY_INCOMPLETE,,results/offline_coverage_v2/object_2016/late,,[],,,,,,,,,,16,,True,,2016,,,False,late,,,NOT_RUN_PRIMARY_INCOMPLETE,,,,
