all_planned_initial_complete,anchor_top1_raw_noop_capture,anchor_top1_significance_verified_noop_capture,balanced12_capture,complete_initial_cells,object_id,planned_cells,positive_teacher_cells_observed,scope,teacher_positive_gain_sum
False,,,,0,2002,9,0,Initial receiver neighborhood only; positive-full-teacher-Q weighted; zero opportunities excluded from ratio weights,
False,,,,0,2003,9,0,Initial receiver neighborhood only; positive-full-teacher-Q weighted; zero opportunities excluded from ratio weights,
False,,,,0,2004,9,0,Initial receiver neighborhood only; positive-full-teacher-Q weighted; zero opportunities excluded from ratio weights,
False,,,,0,2005,9,0,Initial receiver neighborhood only; positive-full-teacher-Q weighted; zero opportunities excluded from ratio weights,
False,,,,0,2006,9,0,Initial receiver neighborhood only; positive-full-teacher-Q weighted; zero opportunities excluded from ratio weights,
False,,,,0,2008,9,0,Initial receiver neighborhood only; positive-full-teacher-Q weighted; zero opportunities excluded from ratio weights,
False,,,,0,2009,9,0,Initial receiver neighborhood only; positive-full-teacher-Q weighted; zero opportunities excluded from ratio weights,
False,,,,0,2010,9,0,Initial receiver neighborhood only; positive-full-teacher-Q weighted; zero opportunities excluded from ratio weights,
False,,,,0,2011,9,0,Initial receiver neighborhood only; positive-full-teacher-Q weighted; zero opportunities excluded from ratio weights,
False,,,,0,2013,9,0,Initial receiver neighborhood only; positive-full-teacher-Q weighted; zero opportunities excluded from ratio weights,
False,,,,0,2016,9,0,Initial receiver neighborhood only; positive-full-teacher-Q weighted; zero opportunities excluded from ratio weights,
