object_id,method,k,paired_states,risk_sum,risk_mean,normalized_H_step_error_median,floor_cells
2001,S1,4,3,0.0016965940890043892,0.0005655313630014631,7.2945769209704645,0
2002,S1,4,3,0.000797953825084104,0.00026598460836136804,2.716340826915528,0
2003,S1,4,3,0.0030997132915611698,0.0010332377638537233,1.4724713827406277,0
2004,S1,4,3,0.0007436306213123394,0.0002478768737707798,2.256310223601117,0
2005,S1,4,3,0.0008011843077983969,0.000267061435932799,14.11549541823522,0
2006,S1,4,3,0.00822816422472272,0.0027427214082409064,2.947750443794754,0
2007,S1,4,3,0.00027864832497605284,9.28827749920176e-05,10.152962160203076,0
2008,S1,4,2,0.0004545245039355025,0.00022726225196775126,1.863615025271227,0
2009,S1,4,2,0.0013832297605417903,0.0006916148802708951,8.77941668525542,0
2010,S1,4,3,0.0016455888074774746,0.0005485296024924915,1.118652703165558,0
2011,S1,4,3,0.0017125335852959146,0.0005708445284319715,2.867025252202834,0
2012,S1,4,3,0.0027895345929084916,0.0009298448643028306,1.3486714637782782,0
2013,S1,4,3,0.0006629479175584954,0.00022098263918616512,16.777396943987327,0
2014,S1,4,3,0.0005425582565361886,0.00018085275217872952,4.245908553993303,0
2016,S1,4,3,0.0004390919059428883,0.00014636396864762944,5.181816164833373,0
2001,S1,8,3,0.0001544148932971785,5.14716310990595e-05,2.499289448434396,0
2002,S1,8,3,0.00027772990831433515,9.257663610477839e-05,2.281553780972421,0
2003,S1,8,3,0.0007809461344677795,0.0002603153781559265,0.9751587405707427,0
2004,S1,8,3,0.000322528032796731,0.000107509344265577,1.7303821738399332,0
2005,S1,8,3,0.00024148457182000664,8.049485727333555e-05,6.062273655955265,0
2006,S1,8,3,0.0043182156914443465,0.001439405230481449,2.085790666326852,0
2007,S1,8,3,0.00015292241684733505,5.097413894911169e-05,4.089935382755346,0
2008,S1,8,2,0.0002159434584664998,0.0001079717292332499,1.2164736359876769,0
2009,S1,8,2,0.0008216032016029919,0.00041080160080149593,6.084934871892186,0
2010,S1,8,3,0.0009398410103599731,0.00031328033678665773,0.6370651505427588,0
2011,S1,8,3,0.0009550302964117686,0.0003183434321372562,1.7870634491871327,0
2012,S1,8,3,0.0005433434745582632,0.00018111449151942107,1.1484337674119909,0
2013,S1,8,3,0.00010733292515906039,3.5777641719686795e-05,6.967768781239616,0
2014,S1,8,3,0.00019881696995205058,6.627232331735019e-05,1.8397523054153768,0
2016,S1,8,3,0.00014382428948672747,4.7941429828909153e-05,2.7864696545642955,0
2001,S1,12,3,5.440046882598202e-05,1.8133489608660673e-05,1.3215846894217829,0
2002,S1,12,3,0.00012293293381881743,4.097764460627248e-05,1.2862871397851114,0
2003,S1,12,3,0.0002840781189527388,9.46927063175796e-05,0.7467515414621885,0
2004,S1,12,3,0.00019505897497936508,6.501965832645502e-05,1.2371172398001826,0
2005,S1,12,3,9.864227752981003e-05,3.288075917660334e-05,4.329988056465735,0
2006,S1,12,3,0.0012378556903040467,0.0004126185634346822,1.193066097968388,0
2007,S1,12,3,5.206651570550124e-05,1.7355505235167077e-05,3.1194764225538467,0
2008,S1,12,2,0.00012175323910263442,6.087661955131721e-05,0.980613363100278,0
2009,S1,12,2,0.0002638240047291318,0.0001319120023645659,2.661568819279977,0
2010,S1,12,3,0.0004916419223451068,0.00016388064078170226,0.49741935315382185,0
2011,S1,12,3,0.00039998290828299315,0.00013332763609433105,1.2148530194878837,0
2012,S1,12,3,0.0003325484707733498,0.00011084949025778327,0.8030441003777085,0
2013,S1,12,3,4.88417485638032e-05,1.6280582854601067e-05,4.269411372925965,0
2014,S1,12,3,0.00010278495809215036,3.426165269738345e-05,1.3597752085210904,0
2016,S1,12,3,8.871565715945746e-05,2.9571885719819152e-05,1.9983729064477542,0
2001,S1,16,3,3.104313342352032e-05,1.034771114117344e-05,0.9029286597053245,0
2002,S1,16,3,5.865837318616194e-05,1.955279106205398e-05,0.7508709665092661,0
2003,S1,16,3,0.00011270399414164361,3.7567998047214536e-05,0.5838780302596177,0
2004,S1,16,3,7.479640201700356e-05,2.4932134005667854e-05,0.7053482014624209,0
2005,S1,16,3,3.862250009300219e-05,1.2874166697667398e-05,2.4329578510059564,0
2006,S1,16,3,0.0007030939558756453,0.0002343646519585484,0.7721781660022055,0
2007,S1,16,3,2.408443278672565e-05,8.028144262241882e-06,1.6064383774493753,0
2008,S1,16,2,4.2979758041256146e-05,2.1489879020628073e-05,0.595068435555466,0
2009,S1,16,2,9.516018124943575e-05,4.7580090624717876e-05,1.4763496756607075,0
2010,S1,16,3,0.00019508212957057393,6.502737652352465e-05,0.2940977767438286,0
2011,S1,16,3,0.00010644164450884265,3.548054816961422e-05,0.9217434221083796,0
2012,S1,16,3,0.00016736183499388581,5.5787278331295274e-05,0.5072644681784062,0
2013,S1,16,3,2.163813507334448e-05,7.212711691114826e-06,2.4259431742652287,0
2014,S1,16,3,4.324184690789916e-05,1.441394896929972e-05,1.121131660412909,0
2016,S1,16,3,3.1217757590908026e-05,1.0405919196969341e-05,1.239473954743065,0
2001,S1,24,3,2.6570426339894457e-05,8.856808779964819e-06,0.7148585366426757,0
2002,S1,24,3,5.248705064232381e-05,1.749568354744127e-05,0.5720696351183153,0
2003,S1,24,3,8.351690852951816e-05,2.7838969509839384e-05,0.45334564131112565,0
2004,S1,24,3,4.891482485429693e-05,1.630494161809898e-05,0.4951053804807358,0
2005,S1,24,3,2.0409769093396042e-05,6.8032563644653475e-06,0.8464671648277295,0
2006,S1,24,3,0.0004712617554484102,0.00015708725181613675,0.4274550734856184,0
2007,S1,24,3,1.9923420555559756e-05,6.6411401851865855e-06,0.9297885387109943,0
2008,S1,24,2,2.534113569115328e-05,1.267056784557664e-05,0.30017361625679034,0
2009,S1,24,2,8.017689660178694e-05,4.008844830089347e-05,0.9925849627380089,0
2010,S1,24,3,0.00017210659965639824,5.736886655213275e-05,0.23585039801715377,0
2011,S1,24,3,8.930290980396522e-05,2.976763660132174e-05,0.6917519099750847,0
2012,S1,24,3,0.00012343635138792677,4.114545046264226e-05,0.30611853482027696,0
2013,S1,24,3,1.3150194862922416e-05,4.3833982876408055e-06,1.6046132643125623,0
2014,S1,24,3,2.755480121776224e-05,9.184933739254079e-06,0.44067083352548614,0
2016,S1,24,3,2.004375484921156e-05,6.681251616403853e-06,0.5506024974011712,0
2001,S1,32,3,2.4435034329043466e-05,8.145011443014489e-06,0.4288318183125769,0
2002,S1,32,3,5.017058574224927e-05,1.6723528580749756e-05,0.5458339175066523,0
2003,S1,32,3,7.920934890693861e-05,2.640311630231287e-05,0.46023118431908283,0
2004,S1,32,3,4.41551024827227e-05,1.47183674942409e-05,0.42564224538002093,0
2005,S1,32,3,1.9522884600747058e-05,6.507628200249019e-06,0.8434999616212524,0
2006,S1,32,3,0.0004253072810984847,0.0001417690936994949,0.2707310520482409,0
2007,S1,32,3,1.8675630936128796e-05,6.225210312042931e-06,0.6419443743398479,0
2008,S1,32,2,2.0787732312338753e-05,1.0393866156169376e-05,0.20217238315568292,0
2009,S1,32,2,7.845754075665579e-05,3.9228770378327894e-05,1.064971202576679,0
2010,S1,32,3,0.00016483634541364175,5.494544847121391e-05,0.23702710951878428,0
2011,S1,32,3,8.870651649756309e-05,2.956883883252103e-05,0.7488919693297241,0
2012,S1,32,3,0.00011926002818849418,3.975334272949806e-05,0.2885787359651034,0
2013,S1,32,3,9.445483956420954e-06,3.148494652140318e-06,0.7999739447706501,0
2014,S1,32,3,2.438004870792256e-05,8.126682902640854e-06,0.3385185278007562,0
2016,S1,32,3,1.6412947859151927e-05,5.4709826197173085e-06,0.4314690307621545,0
2001,S7,4,3,0.015729914771175954,0.0052433049237253174,6.2131584613367865,0
2002,S7,4,3,0.009616806326229275,0.0032056021087430915,2.2853333927563937,0
2003,S7,4,3,0.02100941662663311,0.0070031388755443695,1.1939851223763875,0
2004,S7,4,3,0.020206725193270603,0.006735575064423534,2.8573370516868466,0
2005,S7,4,3,0.002724387188866292,0.0009081290629554306,6.023354296510293,0
2006,S7,4,3,0.021322340509527367,0.007107446836509123,2.9731721427015505,0
2007,S7,4,3,0.0037351532022970794,0.0012450510674323599,3.338081511137169,0
2008,S7,4,2,0.005503849752473382,0.002751924876236691,2.340154769686826,0
2009,S7,4,2,0.06467260469687326,0.03233630234843663,9.77378714183574,0
2010,S7,4,3,0.006598700077682136,0.002199566692560712,1.159350812991123,0
2011,S7,4,3,0.019455157255629962,0.006485052418543321,3.489508766019833,0
2012,S7,4,3,0.00811348732206996,0.00270449577402332,1.2415791878120663,0
2013,S7,4,3,0.0025003469914048624,0.0008334489971349541,18.055434574311846,0
2014,S7,4,3,0.001304575144351106,0.0004348583814503687,4.228428634432533,0
2016,S7,4,3,0.0016801549933277392,0.0005600516644425797,3.8020368863960963,0
2001,S7,8,3,0.0009547570763948749,0.00031825235879829163,2.143530847732121,0
2002,S7,8,3,0.01185693836657347,0.003952312788857823,1.528701702931326,0
2003,S7,8,3,0.003102702911232687,0.001034234303744229,0.8902863325249849,0
2004,S7,8,3,0.004424054997417869,0.0014746849991392897,1.759037814938153,0
2005,S7,8,3,0.0006735648975017208,0.0002245216325005736,4.258362843085008,0
2006,S7,8,3,0.007672870519243338,0.0025576235064144457,1.6110871404212501,0
2007,S7,8,3,0.0008420245303711775,0.00028067484345705915,2.5033862222355774,0
2008,S7,8,2,0.0021537329865699262,0.0010768664932849631,1.0714687159242107,0
2009,S7,8,2,0.004527033189199996,0.002263516594599998,4.755974002233726,0
2010,S7,8,3,0.003343986677910323,0.0011146622259701076,0.8088205740406003,0
2011,S7,8,3,0.007772692937385494,0.0025908976457951647,1.537844912456396,0
2012,S7,8,3,0.005083539759936164,0.0016945132533120546,0.8217382549702474,0
2013,S7,8,3,0.00039622622793180056,0.00013207540931060017,6.418451454387781,0
2014,S7,8,3,0.0017154011505209265,0.0005718003835069755,2.429170998474086,0
2016,S7,8,3,0.0007078866005386337,0.00023596220017954456,2.5208020178430184,0
2001,S7,12,3,0.000378924224985565,0.00012630807499518833,1.4124385836200177,0
2002,S7,12,3,0.0029532150490287432,0.0009844050163429145,1.0203355126443747,0
2003,S7,12,3,0.0024975927291083443,0.0008325309097027815,0.4961344426219496,0
2004,S7,12,3,0.0025006639838417127,0.0008335546612805708,1.2224691462228725,0
2005,S7,12,3,8.860549518891305e-05,2.9535165062971013e-05,2.963878020328916,0
2006,S7,12,3,0.00500051252933168,0.001666837509777227,1.3357001209752115,0
2007,S7,12,3,0.0005988191752218716,0.0001996063917406239,1.4379722619823645,0
2008,S7,12,2,0.0011744353230232053,0.0005872176615116027,0.6419099728572116,0
2009,S7,12,2,0.0008292984497464991,0.00041464922487324953,2.7797806488343184,0
2010,S7,12,3,0.0017900165353851667,0.0005966721784617223,0.6185778901371605,0
2011,S7,12,3,0.0015417223479968671,0.0005139074493322891,1.2338220265851092,0
2012,S7,12,3,0.0034910281305911097,0.0011636760435303698,0.7128800658269726,0
2013,S7,12,3,0.00014298878714348785,4.766292904782929e-05,3.1304179674471713,0
2014,S7,12,3,0.0003867634075587824,0.00012892113585292745,1.471926410350129,0
2016,S7,12,3,0.0005419434495275929,0.00018064781650919764,1.8376050257449503,0
2001,S7,16,3,0.00022914398117447092,7.638132705815696e-05,1.096706323761937,0
2002,S7,16,3,0.0012619909192653565,0.0004206636397551188,0.7816520570439467,0
2003,S7,16,3,0.0022800010078119454,0.000760000335937315,0.4517053041670334,0
2004,S7,16,3,0.001412777321669229,0.000470925773889743,0.6791272152621353,0
2005,S7,16,3,3.364875612044601e-05,1.121625204014867e-05,1.7807171577299992,0
2006,S7,16,3,0.0033915433769363683,0.0011305144589787894,0.9812947767541492,0
2007,S7,16,3,0.00020463010320319355,6.821003440106452e-05,0.9250385297893106,0
2008,S7,16,2,0.0005942107997265963,0.00029710539986329816,0.5103547261275891,0
2009,S7,16,2,0.0003663024765501866,0.0001831512382750933,1.5216051600932428,0
2010,S7,16,3,0.001149357552320242,0.00038311918410674733,0.43817008599632334,0
2011,S7,16,3,0.0003203194838672803,0.00010677316128909344,0.7576521906326382,0
2012,S7,16,3,0.002518860714006797,0.0008396202380022657,0.5799231380736922,0
2013,S7,16,3,5.783510525929981e-05,1.9278368419766605e-05,1.9285169247027565,0
2014,S7,16,3,0.00026641624602223346,8.880541534074448e-05,1.3221994889126658,0
2016,S7,16,3,0.000305406363003851,0.00010180212100128367,1.210520858798243,0
2001,S7,24,3,3.678756226592009e-05,1.2262520755306695e-05,0.9681776051085583,0
2002,S7,24,3,0.0003077550419593876,0.00010258501398646254,0.46050610140906034,0
2003,S7,24,3,0.0020021553786074733,0.0006673851262024912,0.19957096861364418,0
2004,S7,24,3,0.00028446309309124765,9.482103103041587e-05,0.4022486854889891,0
2005,S7,24,3,7.213609854007645e-06,2.4045366180025484e-06,0.7695892478744317,0
2006,S7,24,3,0.0012569784851689816,0.0004189928283896605,0.5193158681541601,0
2007,S7,24,3,1.133841723765461e-05,3.7794724125515365e-06,0.6275662753371458,0
2008,S7,24,2,0.00012697237887146604,6.348618943573302e-05,0.34997895659598083,0
2009,S7,24,2,5.39272255491493e-05,2.696361277457465e-05,1.0373832223896224,0
2010,S7,24,3,0.00026960406601256244,8.986802200418748e-05,0.2395089209818586,0
2011,S7,24,3,6.77195489857202e-05,2.2573182995240067e-05,0.45149186289306825,0
2012,S7,24,3,0.0006271857358745131,0.00020906191195817103,0.35970503451321056,0
2013,S7,24,3,1.3216396991721321e-05,4.405465663907107e-06,1.7925292128870816,0
2014,S7,24,3,6.634011129496531e-05,2.2113370431655104e-05,0.7825061074168972,0
2016,S7,24,3,7.295200939133664e-05,2.431733646377888e-05,1.1516433879249495,0
2001,S7,32,3,7.206345876415294e-06,2.4021152921384317e-06,0.7509598470136928,0
2002,S7,32,3,7.546708201873274e-05,2.5155694006244246e-05,0.42442684208038267,0
2003,S7,32,3,0.0019383423331437806,0.0006461141110479269,0.19290723124543743,0
2004,S7,32,3,8.355424481021891e-05,2.785141493673964e-05,0.35188764755853075,0
2005,S7,32,3,4.002423531208961e-06,1.3341411770696539e-06,0.731439655334223,0
2006,S7,32,3,0.0005309820888920377,0.0001769940296306792,0.43816660346984176,0
2007,S7,32,3,3.037506985928508e-06,1.012502328642836e-06,0.5710175103661523,0
2008,S7,32,2,4.736751114907527e-05,2.3683755574537636e-05,0.3231785601533722,0
2009,S7,32,2,1.0506689503846751e-05,5.253344751923376e-06,0.7792626733905417,0
2010,S7,32,3,8.664413825234248e-05,2.8881379417447496e-05,0.1818891228985442,0
2011,S7,32,3,1.5550753264115246e-05,5.183584421371748e-06,0.44306913017276683,0
2012,S7,32,3,0.00015535366210646438,5.1784554035488126e-05,0.3384952433554231,0
2013,S7,32,3,6.395989634950759e-06,2.1319965449835863e-06,1.76267393521924,0
2014,S7,32,3,4.257107883856824e-05,1.419035961285608e-05,0.6613315281063794,0
2016,S7,32,3,3.450176827784186e-05,1.1500589425947287e-05,0.874151799447624,0
2001,S8_no_probes,4,3,0.000814821008539923,0.000271607002846641,1.2712848120485483,0
2002,S8_no_probes,4,3,0.0006204321670529809,0.00020681072235099362,0.9968304401543637,0
2003,S8_no_probes,4,3,0.0013809800129843184,0.0004603266709947728,0.7222434474977949,0
2004,S8_no_probes,4,3,0.0011543048493842596,0.0003847682831280865,1.0159646389788681,0
2005,S8_no_probes,4,3,0.0003332880158729758,0.00011109600529099192,1.3803168055595112,0
2006,S8_no_probes,4,3,0.0017155273209069326,0.0005718424403023108,0.9009698209066948,0
2007,S8_no_probes,4,3,0.00038592088686647917,0.00012864029562215972,1.289715172227799,0
2008,S8_no_probes,4,2,0.00034156536515832675,0.00017078268257916338,0.5614774114031039,0
2009,S8_no_probes,4,2,0.0011460285964193825,0.0005730142982096913,4.60615318209735,0
2010,S8_no_probes,4,3,0.0008667484100594748,0.0002889161366864916,0.5118208276561754,0
2011,S8_no_probes,4,3,0.0012349834322020357,0.00041166114406734525,1.043537083109686,0
2012,S8_no_probes,4,3,0.0009322264714428534,0.0003107421571476178,0.590904024807884,0
2013,S8_no_probes,4,3,8.548473892108951e-05,2.8494912973696506e-05,1.7972027925428624,0
2014,S8_no_probes,4,3,6.377666438672686e-05,2.1258888128908953e-05,1.036990248977521,0
2016,S8_no_probes,4,3,9.379648441260676e-05,3.126549480420225e-05,1.0629731889692235,0
2001,S8_no_probes,8,3,0.0003446495883184925,0.00011488319610616416,1.1683645376273668,0
2002,S8_no_probes,8,3,0.0004082123755075176,0.0001360707918358392,0.988454453290703,0
2003,S8_no_probes,8,3,0.0007162537494606146,0.00023875124982020485,0.6880523974455761,0
2004,S8_no_probes,8,3,0.0005934931853394564,0.0001978310617798188,1.0104820176737184,0
2005,S8_no_probes,8,3,0.00030260769621349504,0.00010086923207116502,1.6057305423615365,0
2006,S8_no_probes,8,3,0.0010706182833021517,0.0003568727611007172,0.8800190482695464,0
2007,S8_no_probes,8,3,0.0003281839402462613,0.00010939464674875376,1.4966211947265617,0
2008,S8_no_probes,8,2,7.574662512990635e-05,3.7873312564953176e-05,0.5391910813697581,0
2009,S8_no_probes,8,2,0.0010395450067434084,0.0005197725033717042,3.6975137406392364,0
2010,S8_no_probes,8,3,0.0008151221128214847,0.0002717073709404949,0.49911978400038015,0
2011,S8_no_probes,8,3,0.0011321232305599427,0.00037737441018664754,1.0777551769215845,0
2012,S8_no_probes,8,3,0.0007242845016466962,0.00024142816721556544,0.5710528393936072,0
2013,S8_no_probes,8,3,2.3266812458644175e-05,7.755604152881392e-06,2.9184117311226827,0
2014,S8_no_probes,8,3,4.432642828152781e-05,1.4775476093842604e-05,1.0961514770990979,0
2016,S8_no_probes,8,3,4.465776157726549e-05,1.4885920525755164e-05,1.1057074107989833,0
2001,S8_no_probes,12,3,0.00026255250470912534,8.751750156970844e-05,1.2901411212746932,0
2002,S8_no_probes,12,3,0.0003323860756754097,0.0001107953585584699,1.001046242331198,0
2003,S8_no_probes,12,3,0.0005503106507682463,0.00018343688358941543,0.6684005618795841,0
2004,S8_no_probes,12,3,0.00030934951860605816,0.00010311650620201938,1.016476988819776,0
2005,S8_no_probes,12,3,0.00029728364730225376,9.909454910075126e-05,1.709452627090597,0
2006,S8_no_probes,12,3,0.0008332837329612034,0.0002777612443204011,0.881036418895173,0
2007,S8_no_probes,12,3,0.0003146663188579865,0.00010488877295266218,1.6674217101118438,0
2008,S8_no_probes,12,2,4.452609601802085e-05,2.2263048009010426e-05,0.5399803994127665,0
2009,S8_no_probes,12,2,0.0009706918694778786,0.0004853459347389393,3.7080767693996606,0
2010,S8_no_probes,12,3,0.0007922203089308299,0.0002640734363102766,0.4973779391516998,0
2011,S8_no_probes,12,3,0.0009816522686337144,0.00032721742287790477,1.1300684103283138,0
2012,S8_no_probes,12,3,0.0007071946044312603,0.0002357315348104201,0.5677308722136702,0
2013,S8_no_probes,12,3,1.4586767366322607e-05,4.862255788774202e-06,2.296185285161558,0
2014,S8_no_probes,12,3,3.863086339286441e-05,1.2876954464288138e-05,1.0660339097401923,0
2016,S8_no_probes,12,3,3.855100028503646e-05,1.2850333428345486e-05,1.167653553924549,0
2001,S8_no_probes,16,3,0.0002186488212163216,7.288294040544054e-05,1.5000089371236398,0
2002,S8_no_probes,16,3,0.0003116569581958353,0.0001038856527319451,1.0298155843013896,0
2003,S8_no_probes,16,3,0.0005137614904417149,0.00017125383014723829,0.6521996225154533,0
2004,S8_no_probes,16,3,0.00026701103160764206,8.900367720254736e-05,0.9510517520439685,0
2005,S8_no_probes,16,3,0.0002985488879947714,9.951629599825713e-05,1.8239103753326875,0
2006,S8_no_probes,16,3,0.0006886702492244715,0.00022955674974149053,0.8933719676408232,0
2007,S8_no_probes,16,3,0.00031058271808550404,0.00010352757269516802,1.6789973220786092,0
2008,S8_no_probes,16,2,3.902168546116616e-05,1.951084273058308e-05,0.5493760137865961,0
2009,S8_no_probes,16,2,0.0009421844263825161,0.00047109221319125805,3.3781029123983157,0
2010,S8_no_probes,16,3,0.0007844512232538425,0.00026148374108461416,0.5070082715163375,0
2011,S8_no_probes,16,3,0.0009505766509951694,0.0003168588836650565,1.1437644301250744,0
2012,S8_no_probes,16,3,0.0007056178900173383,0.0002352059633391128,0.5784788724592628,0
2013,S8_no_probes,16,3,1.1955371527418956e-05,3.985123842472985e-06,2.181257917851442,0
2014,S8_no_probes,16,3,3.706775386220908e-05,1.2355917954069695e-05,1.0529822590594191,0
2016,S8_no_probes,16,3,3.6584028070752585e-05,1.2194676023584194e-05,1.155660026926285,0
2001,S8_no_probes,24,3,0.00019751059956099078,6.583686652033026e-05,1.3316757010558344,0
2002,S8_no_probes,24,3,0.00029951809078372724,9.983936359457576e-05,1.0491413777051213,0
2003,S8_no_probes,24,3,0.0004422898503081942,0.00014742995010273138,0.6615271798484593,0
2004,S8_no_probes,24,3,0.00024023700051997268,8.007900017332422e-05,0.6064198395688405,0
2005,S8_no_probes,24,3,0.0003069235147157582,0.00010230783823858607,1.815179557244998,0
2006,S8_no_probes,24,3,0.0005674832554895963,0.00018916108516319876,0.7418429281480263,0
2007,S8_no_probes,24,3,0.0002831942032298344,9.439806774327814e-05,1.309300921722174,0
2008,S8_no_probes,24,2,3.63387981821919e-05,1.816939909109595e-05,0.5393924946611486,0
2009,S8_no_probes,24,2,0.0009118763709360764,0.0004559381854680382,3.185828750624292,0
2010,S8_no_probes,24,3,0.0007891107317687127,0.0002630369105895709,0.5388549899315143,0
2011,S8_no_probes,24,3,0.0009329294029272303,0.00031097646764241006,1.055202905855146,0
2012,S8_no_probes,24,3,0.0006751177962452531,0.0002250392654150844,0.6110630294207696,0
2013,S8_no_probes,24,3,1.0275639719346576e-05,3.4252132397821923e-06,2.0149209273791047,0
2014,S8_no_probes,24,3,3.847448921091244e-05,1.2824829736970813e-05,1.0588809204404916,0
2016,S8_no_probes,24,3,3.476965766951206e-05,1.1589885889837354e-05,1.1376593683594571,0
2001,S8_no_probes,32,3,0.0001916362182088297,6.387873940294322e-05,1.2367962497769591,0
2002,S8_no_probes,32,3,0.00030553361921698056,0.00010184453973899353,1.0432942122239415,0
2003,S8_no_probes,32,3,0.00042182208455973375,0.00014060736151991126,0.685603446289319,0
2004,S8_no_probes,32,3,0.0002477394226742696,8.257980755808987e-05,0.46806486545188203,0
2005,S8_no_probes,32,3,0.00030215268896789584,0.00010071756298929862,1.907222607649582,0
2006,S8_no_probes,32,3,0.0005095479517285477,0.00016984931724284922,0.7138693868491162,0
2007,S8_no_probes,32,3,0.0002579857504018162,8.599525013393874e-05,1.1828967855890742,0
2008,S8_no_probes,32,2,3.5744211649866214e-05,1.7872105824933107e-05,0.5302728208155418,0
2009,S8_no_probes,32,2,0.0009483934392831558,0.0004741967196415779,1.8325284701038909,0
2010,S8_no_probes,32,3,0.000780742510124461,0.00026024750337482036,0.46396468662697127,0
2011,S8_no_probes,32,3,0.0009044105307640999,0.00030147017692136663,0.92204058332444,0
2012,S8_no_probes,32,3,0.0007170754704959899,0.00023902515683199663,0.6130281723723334,0
2013,S8_no_probes,32,3,8.352055556195846e-06,2.7840185187319487e-06,1.74088231468316,0
2014,S8_no_probes,32,3,4.006655997942055e-05,1.3355519993140184e-05,1.0740565988410407,0
2016,S8_no_probes,32,3,3.3585377117267486e-05,1.1195125705755828e-05,1.1377272228308695,0
2001,S8_limited_probes,4,3,0.000814821008539923,0.000271607002846641,1.2712848120485483,0
2002,S8_limited_probes,4,3,0.0006204321670529809,0.00020681072235099362,0.9968304401543637,0
2003,S8_limited_probes,4,3,0.0013809800129843184,0.0004603266709947728,0.7222434474977949,0
2004,S8_limited_probes,4,3,0.001154350954074348,0.000384783651358116,1.016785511330933,0
2005,S8_limited_probes,4,3,0.00033342957254818854,0.00011114319084939619,1.3803168055595112,0
2006,S8_limited_probes,4,3,0.0017155273209055882,0.0005718424403018628,0.9009698209066948,0
2007,S8_limited_probes,4,3,0.0003859535373884155,0.00012865117912947183,1.3096143946366787,0
2008,S8_limited_probes,4,2,0.00034156536515832675,0.00017078268257916338,0.5614774114031039,0
2009,S8_limited_probes,4,2,0.0011460285964193825,0.0005730142982096913,4.60615318209735,0
2010,S8_limited_probes,4,3,0.0008667484100594748,0.0002889161366864916,0.5118208276561754,0
2011,S8_limited_probes,4,3,0.001314942299647528,0.00043831409988250936,1.043537083109686,0
2012,S8_limited_probes,4,3,0.0009322264714428534,0.0003107421571476178,0.590904024807884,0
2013,S8_limited_probes,4,3,8.548473892108951e-05,2.8494912973696506e-05,1.7972027925428624,0
2014,S8_limited_probes,4,3,6.377666438672686e-05,2.1258888128908953e-05,1.036990248977521,0
2016,S8_limited_probes,4,3,9.379648441260676e-05,3.126549480420225e-05,1.0629731889692235,0
2001,S8_limited_probes,8,3,0.0003446495883184925,0.00011488319610616416,1.1683645376273668,0
2002,S8_limited_probes,8,3,0.0004082123755075176,0.0001360707918358392,0.988454453290703,0
2003,S8_limited_probes,8,3,0.0007162537494606146,0.00023875124982020485,0.6880523974455761,0
2004,S8_limited_probes,8,3,0.0005933235548340436,0.00019777451827801453,1.0074396326164563,0
2005,S8_limited_probes,8,3,0.0003019347502199559,0.0001006449167399853,1.6057305423615365,0
2006,S8_limited_probes,8,3,0.001070618283302932,0.0003568727611009774,0.8800190482695464,0
2007,S8_limited_probes,8,3,0.0003281651481471218,0.00010938838271570726,1.486642102539956,0
2008,S8_limited_probes,8,2,7.574662512990635e-05,3.7873312564953176e-05,0.5391910813697581,0
2009,S8_limited_probes,8,2,0.0010395450067434084,0.0005197725033717042,3.6975137406392364,0
2010,S8_limited_probes,8,3,0.0008151221128214847,0.0002717073709404949,0.49911978400038015,0
2011,S8_limited_probes,8,3,0.0011464034475607765,0.00038213448252025884,1.0777551769215858,0
2012,S8_limited_probes,8,3,0.0007242845016466962,0.00024142816721556544,0.5710528393936072,0
2013,S8_limited_probes,8,3,2.3266812458644175e-05,7.755604152881392e-06,2.9184117311226827,0
2014,S8_limited_probes,8,3,4.432642828152781e-05,1.4775476093842604e-05,1.0961514770990979,0
2016,S8_limited_probes,8,3,4.465776157726549e-05,1.4885920525755164e-05,1.1057074107989833,0
2001,S8_limited_probes,12,3,0.00026255250470912534,8.751750156970844e-05,1.2901411212746932,0
2002,S8_limited_probes,12,3,0.0003323860756754097,0.0001107953585584699,1.001046242331198,0
2003,S8_limited_probes,12,3,0.0005503106507682463,0.00018343688358941543,0.6684005618795841,0
2004,S8_limited_probes,12,3,0.0003088298289538524,0.00010294327631795079,1.007182593620293,0
2005,S8_limited_probes,12,3,0.0002974398740304433,9.914662467681444e-05,1.709452627090597,0
2006,S8_limited_probes,12,3,0.0008332837329617403,0.0002777612443205801,0.881036418895173,0
2007,S8_limited_probes,12,3,0.000314491274315704,0.00010483042477190134,1.5820844823705178,0
2008,S8_limited_probes,12,2,4.452609601802085e-05,2.2263048009010426e-05,0.5399803994127665,0
2009,S8_limited_probes,12,2,0.0009706918694778786,0.0004853459347389393,3.7080767693996606,0
2010,S8_limited_probes,12,3,0.0007922203089308299,0.0002640734363102766,0.4973779391516998,0
2011,S8_limited_probes,12,3,0.000983338276170807,0.000327779425390269,1.130068410328312,0
2012,S8_limited_probes,12,3,0.0007071946044312603,0.0002357315348104201,0.5677308722136702,0
2013,S8_limited_probes,12,3,1.4586767366322607e-05,4.862255788774202e-06,2.296185285161558,0
2014,S8_limited_probes,12,3,3.863086339286441e-05,1.2876954464288138e-05,1.0660339097401923,0
2016,S8_limited_probes,12,3,3.855100028503646e-05,1.2850333428345486e-05,1.167653553924549,0
2001,S8_limited_probes,16,3,0.0002186488212163216,7.288294040544054e-05,1.5000089371236398,0
2002,S8_limited_probes,16,3,0.0003116569581958353,0.0001038856527319451,1.0298155843013896,0
2003,S8_limited_probes,16,3,0.0005137614904417149,0.00017125383014723829,0.6521996225154533,0
2004,S8_limited_probes,16,3,0.00026708881079636116,8.902960359878706e-05,0.9510517520439685,0
2005,S8_limited_probes,16,3,0.00029821864522913775,9.940621507637925e-05,1.8239103753326875,0
2006,S8_limited_probes,16,3,0.000688670249221511,0.00022955674974050368,0.8933719676408232,0
2007,S8_limited_probes,16,3,0.00031028021252581424,0.00010342673750860475,1.5296423313203338,0
2008,S8_limited_probes,16,2,3.902168546116616e-05,1.951084273058308e-05,0.5493760137865961,0
2009,S8_limited_probes,16,2,0.0009421844263825161,0.00047109221319125805,3.3781029123983157,0
2010,S8_limited_probes,16,3,0.0007844512232538425,0.00026148374108461416,0.5070082715163375,0
2011,S8_limited_probes,16,3,0.0009528270962739905,0.00031760903209133014,1.143764430125076,0
2012,S8_limited_probes,16,3,0.0007056178900173383,0.0002352059633391128,0.5784788724592628,0
2013,S8_limited_probes,16,3,1.1955371527418956e-05,3.985123842472985e-06,2.181257917851442,0
2014,S8_limited_probes,16,3,3.706775386220908e-05,1.2355917954069695e-05,1.0529822590594191,0
2016,S8_limited_probes,16,3,3.6584028070752585e-05,1.2194676023584194e-05,1.155660026926285,0
2001,S8_limited_probes,24,3,0.00019751059956099078,6.583686652033026e-05,1.3316757010558344,0
2002,S8_limited_probes,24,3,0.00029951809078372724,9.983936359457576e-05,1.0491413777051213,0
2003,S8_limited_probes,24,3,0.0004422898503081942,0.00014742995010273138,0.6615271798484593,0
2004,S8_limited_probes,24,3,0.00024013272986182026,8.004424328727342e-05,0.6064198395688405,0
2005,S8_limited_probes,24,3,0.00030657087428068137,0.00010219029142689379,1.815179557244998,0
2006,S8_limited_probes,24,3,0.0005674832554897135,0.00018916108516323782,0.7418429281482485,0
2007,S8_limited_probes,24,3,0.0002835276803612155,9.450922678707183e-05,1.4975179832069596,0
2008,S8_limited_probes,24,2,3.63387981821919e-05,1.816939909109595e-05,0.5393924946611486,0
2009,S8_limited_probes,24,2,0.0009118763709360764,0.0004559381854680382,3.185828750624292,0
2010,S8_limited_probes,24,3,0.0007891107317687127,0.0002630369105895709,0.5388549899315143,0
2011,S8_limited_probes,24,3,0.0009339029341602387,0.00031130097805341287,1.0552029058551453,0
2012,S8_limited_probes,24,3,0.0006751177962452531,0.0002250392654150844,0.6110630294207696,0
2013,S8_limited_probes,24,3,1.0275639719346576e-05,3.4252132397821923e-06,2.0149209273791047,0
2014,S8_limited_probes,24,3,3.847448921091244e-05,1.2824829736970813e-05,1.0588809204404916,0
2016,S8_limited_probes,24,3,3.476965766951206e-05,1.1589885889837354e-05,1.1376593683594571,0
2001,S8_limited_probes,32,3,0.0001916362182088297,6.387873940294322e-05,1.2367962497769591,0
2002,S8_limited_probes,32,3,0.00030553361921698056,0.00010184453973899353,1.0432942122239415,0
2003,S8_limited_probes,32,3,0.00042182208455973375,0.00014060736151991126,0.685603446289319,0
2004,S8_limited_probes,32,3,0.00024742589254764507,8.24752975158817e-05,0.46806486545188203,0
2005,S8_limited_probes,32,3,0.0003018050608398184,0.00010060168694660615,1.907222607649582,0
2006,S8_limited_probes,32,3,0.0005095479517275101,0.00016984931724250336,0.713869386847072,0
2007,S8_limited_probes,32,3,0.0002580519809881867,8.601732699606224e-05,1.226444720242535,0
2008,S8_limited_probes,32,2,3.5744211649866214e-05,1.7872105824933107e-05,0.5302728208155418,0
2009,S8_limited_probes,32,2,0.0009483934392831558,0.0004741967196415779,1.8325284701038909,0
2010,S8_limited_probes,32,3,0.000780742510124461,0.00026024750337482036,0.46396468662697127,0
2011,S8_limited_probes,32,3,0.0009037499265199257,0.0003012499755066419,0.9220405833244386,0
2012,S8_limited_probes,32,3,0.0007170754704959899,0.00023902515683199663,0.6130281723723334,0
2013,S8_limited_probes,32,3,8.352055556195846e-06,2.7840185187319487e-06,1.74088231468316,0
2014,S8_limited_probes,32,3,4.006655997942055e-05,1.3355519993140184e-05,1.0740565988410407,0
2016,S8_limited_probes,32,3,3.3585377117267486e-05,1.1195125705755828e-05,1.1377272228308695,0
2001,S9b,4,3,0.00022165115809016524,7.388371936338841e-05,1.2712848120485483,0
2002,S9b,4,3,0.00038929763351122236,0.0001297658778370741,0.770402481676777,0
2003,S9b,4,3,0.0012277596493221244,0.0004092532164407082,0.5982060922531771,0
2004,S9b,4,3,0.0004358497412319471,0.0001452832470773157,0.7200246153635718,0
2005,S9b,4,3,0.000161757301710655,5.3919100570218335e-05,1.3803168055595112,0
2006,S9b,4,3,0.001680131263104764,0.0005600437543682547,0.8703726125771137,0
2007,S9b,4,3,0.00015599168034175962,5.199722678058654e-05,1.2897151722277986,0
2008,S9b,4,2,0.00020412212025608755,0.00010206106012804378,0.5522914549478235,0
2009,S9b,4,2,0.0007576010666635974,0.0003788005333317987,4.597042772263166,0
2010,S9b,4,3,0.0008081772383878822,0.00026939241279596074,0.4615099862353339,0
2011,S9b,4,3,0.0009231001530212861,0.0003077000510070954,1.043537083109686,0
2012,S9b,4,3,0.0004925129864046158,0.00016417099546820529,0.590904024807884,0
2013,S9b,4,3,8.548473892108951e-05,2.8494912973696506e-05,1.7972027925428624,0
2014,S9b,4,3,6.377666438672686e-05,2.1258888128908953e-05,1.036990248977521,0
2016,S9b,4,3,9.379648441260676e-05,3.126549480420225e-05,1.0629731889692235,0
2001,S9b,8,3,9.505952589886917e-05,3.168650863295639e-05,1.1683645376273668,0
2002,S9b,8,3,0.0002228726136697702,7.429087122325674e-05,0.988454453290703,0
2003,S9b,8,3,0.0005824318941855869,0.00019414396472852894,0.6880523974455761,0
2004,S9b,8,3,0.00023184834921648512,7.72827830721617e-05,0.8004840136726945,0
2005,S9b,8,3,0.0001298597139821844,4.32865713273948e-05,1.6057305423615365,0
2006,S9b,8,3,0.001048930662966206,0.0003496435543220687,0.8326651743324306,0
2007,S9b,8,3,8.032893842473799e-05,2.6776312808245997e-05,1.486642102539956,0
2008,S9b,8,2,7.574662512990635e-05,3.7873312564953176e-05,0.5391910813697581,0
2009,S9b,8,2,0.000651143815082756,0.000325571907541378,3.6879851125301353,0
2010,S9b,8,3,0.0007645092322850595,0.0002548364107616865,0.49911978400038015,0
2011,S9b,8,3,0.0005479439753034661,0.00018264799176782206,1.0777551769215845,0
2012,S9b,8,3,0.0003739210908988778,0.00012464036363295927,0.5710528393936072,0
2013,S9b,8,3,2.3266812458644175e-05,7.755604152881392e-06,2.9184117311226827,0
2014,S9b,8,3,4.432642828152781e-05,1.4775476093842604e-05,1.0961514770990979,0
2016,S9b,8,3,4.465776157726549e-05,1.4885920525755164e-05,1.1057074107989833,0
2001,S9b,12,3,4.2533325799431786e-05,1.4177775266477261e-05,1.1445901266043386,0
2002,S9b,12,3,8.181950860685257e-05,2.7273169535617524e-05,0.9096435552383167,0
2003,S9b,12,3,0.00015973146348282705,5.324382116094235e-05,0.39038556252098294,0
2004,S9b,12,3,0.0001256739086844822,4.18913028948274e-05,0.7319738316197774,0
2005,S9b,12,3,3.8567626285235144e-05,1.2855875428411716e-05,1.709452627090597,0
2006,S9b,12,3,0.000795043225635073,0.00026501440854502436,0.8798194527170405,0
2007,S9b,12,3,2.700105557518468e-05,9.000351858394893e-06,1.2243242626511774,0
2008,S9b,12,2,4.351972045456328e-05,2.175986022728164e-05,0.5169124318251892,0
2009,S9b,12,2,0.0001702780341807908,8.51390170903954e-05,2.0980613594326947,0
2010,S9b,12,3,0.0002550471134580446,8.501570448601486e-05,0.4304466188787852,0
2011,S9b,12,3,0.0001350406757177003,4.501355857256677e-05,0.625843385108465,0
2012,S9b,12,3,0.00020951618753747343,6.983872917915781e-05,0.5677308722136702,0
2013,S9b,12,3,1.4586767366322607e-05,4.862255788774202e-06,2.296185285161558,0
2014,S9b,12,3,3.863086339286441e-05,1.2876954464288138e-05,1.0660339097401923,0
2016,S9b,12,3,3.8353974189777327e-05,1.2784658063259109e-05,1.167653553924549,0
2001,S9b,16,3,2.4448053278597314e-05,8.149351092865771e-06,0.8376015127355766,0
2002,S9b,16,3,4.429655852684626e-05,1.4765519508948754e-05,0.6825606837289541,0
2003,S9b,16,3,6.978246649199827e-05,2.3260822163999422e-05,0.2513080706191363,0
2004,S9b,16,3,6.46592554955605e-05,2.1553085165186835e-05,0.5386755035040366,0
2005,S9b,16,3,1.9120101629088286e-05,6.373367209696095e-06,1.1755659173468394,0
2006,S9b,16,3,0.0004248500954885171,0.00014161669849617237,0.6100920458604168,0
2007,S9b,16,3,1.4927940076643782e-05,4.975980025547928e-06,0.7728282372911945,0
2008,S9b,16,2,3.248907356445481e-05,1.6244536782227404e-05,0.44594756202646135,0
2009,S9b,16,2,6.157132370451019e-05,3.0785661852255094e-05,1.3458493371499205,0
2010,S9b,16,3,0.00010869298759328782,3.6230995864429275e-05,0.2400239951981135,0
2011,S9b,16,3,4.599868445526015e-05,1.533289481842005e-05,0.5867872554604532,0
2012,S9b,16,3,0.00010184931988472218,3.394977329490739e-05,0.43070062085502636,0
2013,S9b,16,3,1.0026605996763009e-05,3.342201998921003e-06,1.8469459895381863,0
2014,S9b,16,3,2.9127629859746934e-05,9.709209953248978e-06,0.8799940474218342,0
2016,S9b,16,3,2.4080225423728793e-05,8.026741807909598e-06,1.0006477107382352,0
2001,S9b,24,3,1.4431198456044314e-05,4.8103994853481046e-06,0.6443062297425679,0
2002,S9b,24,3,3.029200432935681e-05,1.009733477645227e-05,0.46050610140906034,0
2003,S9b,24,3,3.8272503469596514e-05,1.275750115653217e-05,0.19957096861364418,0
2004,S9b,24,3,3.443580705651047e-05,1.1478602352170156e-05,0.38558136831507384,0
2005,S9b,24,3,5.965986289601705e-06,1.9886620965339016e-06,0.6785902073290337,0
2006,S9b,24,3,0.0002514227908857365,8.380759696191217e-05,0.39072674821671444,0
2007,S9b,24,3,9.935175129973527e-06,3.3117250433245092e-06,0.5622397069004712,0
2008,S9b,24,2,1.0540174385346406e-05,5.270087192673203e-06,0.2246511342675445,0
2009,S9b,24,2,4.1093237546405826e-05,2.0546618773202913e-05,0.8973477104671878,0
2010,S9b,24,3,7.029913665931932e-05,2.343304555310644e-05,0.22839988804640193,0
2011,S9b,24,3,3.1369616949222176e-05,1.0456538983074058e-05,0.4315960459337348,0
2012,S9b,24,3,7.024091089252767e-05,2.3413636964175894e-05,0.2958029607115162,0
2013,S9b,24,3,6.852761674651162e-06,2.284253891550387e-06,1.3986368998485463,0
2014,S9b,24,3,1.8859263803314747e-05,6.2864212677715825e-06,0.4289429244862348,0
2016,S9b,24,3,1.3864253000016909e-05,4.621417666672303e-06,0.5195547799906651,0
2001,S9b,32,3,4.758420525088363e-06,1.5861401750294544e-06,0.37209199230398465,0
2002,S9b,32,3,2.376799380983491e-05,7.922664603278305e-06,0.4161837887462911,0
2003,S9b,32,3,1.9998696836703317e-05,6.666232278901105e-06,0.1882401119174668,0
2004,S9b,32,3,2.3864201273705717e-05,7.954733757901905e-06,0.3358906847938741,0
2005,S9b,32,3,3.388666570144149e-06,1.129555523381383e-06,0.6234475521145164,0
2006,S9b,32,3,0.000156973235014406,5.2324411671468666e-05,0.2707310520482409,0
2007,S9b,32,3,2.465147935887127e-06,8.217159786290424e-07,0.509132585556871,0
2008,S9b,32,2,7.4336425334685976e-06,3.7168212667342988e-06,0.14400269226055498,0
2009,S9b,32,2,1.0241645972981791e-05,5.120822986490896e-06,0.7507061303467358,0
2010,S9b,32,3,5.3982003426767136e-05,1.799400114225571e-05,0.17254684421122618,0
2011,S9b,32,3,1.43479821902967e-05,4.7826607300989e-06,0.43986911462309497,0
2012,S9b,32,3,6.170465776809329e-05,2.05682192560311e-05,0.2567950261343491,0
2013,S9b,32,3,2.3593678844082248e-06,7.864559614694082e-07,0.6910835862294832,0
2014,S9b,32,3,1.4756277470838333e-05,4.918759156946111e-06,0.3385185278007562,0
2016,S9b,32,3,7.688229008621606e-06,2.562743002873869e-06,0.4304052998292342,0
