method,k,states_or_cells,objects,object_sum_ratio_median,object_mean_absolute_numerator_median,object_mean_absolute_denominator_median,numerator_floor_cells,receiver_floor_cells,receiver_le_10floors,receiver_le_100floors,receiver_le_1000floors,min_receiver_over_pair_floor,median_object_mean_risk_difference
S7,4,43,15,6.777858030879921,0.002751924876236691,0.000267061435932799,0,0,0,0,0,133510369448.89899,0.0025246626242689395
S7,8,43,15,5.509999450303396,0.0010768664932849631,0.000107509344265577,0,0,0,0,0,30543232283.400707,0.00080138188918345
S7,12,43,15,6.1087689239961795,0.0005139074493322891,6.087661955131721e-05,0,0,0,0,0,15532760293.225727,0.000380579813237958
S7,16,43,15,7.381470744214769,0.0001831512382750933,2.1489879020628073e-05,0,0,0,0,0,6306254663.312199,0.00013557114765037543
S7,24,43,15,2.407569946547155,2.696361277457465e-05,1.630494161809898e-05,0,0,0,0,0,5466205764.815548,1.7636084847375028e-05
S7,32,43,15,1.2484669613946318,1.419035961285608e-05,1.47183674942409e-05,0,0,0,0,0,5240858069.657841,6.029606806229976e-06
S7,,258,15,7.393912232770562,0.0009631518867707332,7.939355324680326e-05,0,0,0,0,0,5240858069.657841,0.0008527375509251772
S8_no_probes,4,43,15,0.4802686828987384,0.000271607002846641,0.000267061435932799,0,0,0,0,0,133510369448.89899,-0.00015918338436462625
S8_no_probes,8,43,15,1.1854317447452152,0.0001360707918358392,0.000107509344265577,0,0,0,0,0,30543232283.400707,2.0374374797829472e-05
S8_no_probes,12,43,15,1.9371807050714798,0.00010488877295266218,6.087661955131721e-05,0,0,0,0,0,15532760293.225727,6.938401196104776e-05
S8_no_probes,16,43,15,4.216121853845093,0.00010352757269516802,2.1489879020628073e-05,0,0,0,0,0,6306254663.312199,8.433286166989112e-05
S8_no_probes,24,43,15,5.295812046872779,9.983936359457576e-05,1.630494161809898e-05,0,0,0,0,0,5466205764.815548,8.234368004713448e-05
S8_no_probes,32,43,15,5.610663518926418,0.00010071756298929862,1.47183674942409e-05,0,0,0,0,0,5240858069.657841,7.977003982189581e-05
S8_no_probes,,258,15,1.0947205068557246,0.00012654107146846952,7.939355324680326e-05,0,0,0,0,0,5240858069.657841,2.1446221192721123e-05
S8_limited_probes,4,43,15,0.4802686828987384,0.000271607002846641,0.000267061435932799,0,0,0,0,0,133510369448.89899,-0.0001559182450834028
S8_limited_probes,8,43,15,1.2003843771951879,0.0001360707918358392,0.000107509344265577,0,0,0,0,0,30543232283.400707,2.015005946664975e-05
S8_limited_probes,12,43,15,1.9371807050714798,0.00010483042477190134,6.087661955131721e-05,0,0,0,0,0,15532760293.225727,6.938401196104776e-05
S8_limited_probes,16,43,15,4.216121853845093,0.00010342673750860475,2.1489879020628073e-05,0,0,0,0,0,6306254663.312199,8.433286166989112e-05
S8_limited_probes,24,43,15,5.295812046872779,9.983936359457576e-05,1.630494161809898e-05,0,0,0,0,0,5466205764.815548,8.234368004713448e-05
S8_limited_probes,32,43,15,5.603562864438136,0.00010060168694660615,1.47183674942409e-05,0,0,0,0,0,5240858069.657841,7.979211668401931e-05
S8_limited_probes,,258,15,1.0947205068557246,0.00012654107146846952,7.939355324680326e-05,0,0,0,0,0,5240858069.657841,2.1446221192721123e-05
S9b,4,43,15,0.3960881326233123,0.0001297658778370741,0.000267061435932799,0,0,0,0,0,133510369448.89899,-0.00021314233536258066
S9b,8,43,15,0.5737451234397447,7.429087122325674e-05,0.000107509344265577,0,0,0,0,0,30543232283.400707,-5.149684722350759e-05
S9b,12,43,15,0.5187659999405319,2.7273169535617524e-05,6.087661955131721e-05,0,0,0,0,0,15532760293.225727,-2.3128355431627624e-05
S9b,16,43,15,0.6198169667865897,1.533289481842005e-05,2.1489879020628073e-05,0,0,0,0,0,6306254663.312199,-5.245342238400671e-06
S9b,24,43,15,0.5211148386837097,1.009733477645227e-05,1.630494161809898e-05,0,0,0,0,0,5466205764.815548,-7.398348770989e-06
S9b,32,43,15,0.32748847525892566,4.918759156946111e-06,1.47183674942409e-05,0,0,0,0,0,5240858069.657841,-6.763633736338995e-06
S9b,,258,15,0.4241900644204379,4.4019239580771285e-05,7.939355324680326e-05,0,0,0,0,0,5240858069.657841,-4.784482858158057e-05
