method,k,records,rounds,negative_selected_rounds,pair_trials,swaps,positive_swap_trials
S7,4,43,172,0,0,0,0
S7,8,43,344,0,0,0,0
S7,12,43,516,0,0,0,0
S7,16,43,688,0,0,0,0
S7,24,43,1032,0,0,0,0
S7,32,43,1376,0,0,0,0
S8_no_probes,4,43,172,25,0,688,5
S8_no_probes,8,43,344,58,0,688,1
S8_no_probes,12,43,516,101,0,688,4
S8_no_probes,16,43,688,153,0,688,6
S8_no_probes,24,43,1032,276,0,688,4
S8_no_probes,32,43,1376,417,0,688,5
S8_limited_probes,4,43,172,23,0,688,4
S8_limited_probes,8,43,344,56,0,688,1
S8_limited_probes,12,43,516,97,0,688,5
S8_limited_probes,16,43,688,149,0,688,6
S8_limited_probes,24,43,1032,275,0,688,5
S8_limited_probes,32,43,1376,415,0,688,6
