attempt,cost_scope,group,job_wall_s,occupation_s,source,source_record
a17_closure_coverage_v2_2002_early_1d351a582a2a4538b2a5c17e42c8eb3e,Recorded occupation/counter/child stages; no fee conversion or summation,offline_coverage,,536.1570000000065,"{""input"": ""coverage/coverage_evidence.json"", ""json_pointer"": ""/costs/0"", ""row_index_zero_based"": null, ""sha256"": ""e4f7c13169e570d49d6b5e0e16e8111c9c94e891dd419cded826c2652c40d978""}",
a17_closure_coverage_v2_2002_middle_63d7782025404e66a9f6e4c93eeb6871,Recorded occupation/counter/child stages; no fee conversion or summation,offline_coverage,,499.36000000004424,"{""input"": ""coverage/coverage_evidence.json"", ""json_pointer"": ""/costs/1"", ""row_index_zero_based"": null, ""sha256"": ""e4f7c13169e570d49d6b5e0e16e8111c9c94e891dd419cded826c2652c40d978""}",
a17_closure_coverage_v2_2002_late_48de236776264213baebb8e4b116e257,Recorded occupation/counter/child stages; no fee conversion or summation,offline_coverage,,494.5,"{""input"": ""coverage/coverage_evidence.json"", ""json_pointer"": ""/costs/2"", ""row_index_zero_based"": null, ""sha256"": ""e4f7c13169e570d49d6b5e0e16e8111c9c94e891dd419cded826c2652c40d978""}",
a17_closure_coverage_v2_2003_early_5f68493a4510448f833ed252f71a7b8e,Recorded occupation/counter/child stages; no fee conversion or summation,offline_coverage,,41.73399999999674,"{""input"": ""coverage/coverage_evidence.json"", ""json_pointer"": ""/costs/3"", ""row_index_zero_based"": null, ""sha256"": ""e4f7c13169e570d49d6b5e0e16e8111c9c94e891dd419cded826c2652c40d978""}",
a17_closure_coverage_v2_2003_middle_319135d99ea1440f9ee049a58159c71c,Recorded occupation/counter/child stages; no fee conversion or summation,offline_coverage,,53.32900000002701,"{""input"": ""coverage/coverage_evidence.json"", ""json_pointer"": ""/costs/4"", ""row_index_zero_based"": null, ""sha256"": ""e4f7c13169e570d49d6b5e0e16e8111c9c94e891dd419cded826c2652c40d978""}",
a17_closure_coverage_v2_2003_late_d840da8612bf40cab13f4e705698b9ed,Recorded occupation/counter/child stages; no fee conversion or summation,offline_coverage,,53.13999999995576,"{""input"": ""coverage/coverage_evidence.json"", ""json_pointer"": ""/costs/5"", ""row_index_zero_based"": null, ""sha256"": ""e4f7c13169e570d49d6b5e0e16e8111c9c94e891dd419cded826c2652c40d978""}",
a17_closure_coverage_v2_2004_early_51e2c95d62a740d4b3f605696abffdd8,Recorded occupation/counter/child stages; no fee conversion or summation,offline_coverage,,495.18800000002375,"{""input"": ""coverage/coverage_evidence.json"", ""json_pointer"": ""/costs/6"", ""row_index_zero_based"": null, ""sha256"": ""e4f7c13169e570d49d6b5e0e16e8111c9c94e891dd419cded826c2652c40d978""}",
a17_closure_coverage_v2_2004_middle_a25b4a13e1784b5287dc5f32c53be725,Recorded occupation/counter/child stages; no fee conversion or summation,offline_coverage,,496.81299999996554,"{""input"": ""coverage/coverage_evidence.json"", ""json_pointer"": ""/costs/7"", ""row_index_zero_based"": null, ""sha256"": ""e4f7c13169e570d49d6b5e0e16e8111c9c94e891dd419cded826c2652c40d978""}",
a17_closure_coverage_v2_2004_late_062096ed12c84b2ca21a854efdcab5b2,Recorded occupation/counter/child stages; no fee conversion or summation,offline_coverage,,499.31199999997625,"{""input"": ""coverage/coverage_evidence.json"", ""json_pointer"": ""/costs/8"", ""row_index_zero_based"": null, ""sha256"": ""e4f7c13169e570d49d6b5e0e16e8111c9c94e891dd419cded826c2652c40d978""}",
a17_closure_coverage_v2_2005_early_2bc55736099a491f94eb2746e35d369a,Recorded occupation/counter/child stages; no fee conversion or summation,offline_coverage,,51.31199999997625,"{""input"": ""coverage/coverage_evidence.json"", ""json_pointer"": ""/costs/9"", ""row_index_zero_based"": null, ""sha256"": ""e4f7c13169e570d49d6b5e0e16e8111c9c94e891dd419cded826c2652c40d978""}",
a17_closure_coverage_v2_2005_middle_4a51c7bd47e14f0b933358ccc54d6c0d,Recorded occupation/counter/child stages; no fee conversion or summation,offline_coverage,,52.89100000000326,"{""input"": ""coverage/coverage_evidence.json"", ""json_pointer"": ""/costs/10"", ""row_index_zero_based"": null, ""sha256"": ""e4f7c13169e570d49d6b5e0e16e8111c9c94e891dd419cded826c2652c40d978""}",
a17_closure_coverage_v2_2005_late_265c8daa32034f5aaf6a2a666e59e183,Recorded occupation/counter/child stages; no fee conversion or summation,offline_coverage,,52.78200000000652,"{""input"": ""coverage/coverage_evidence.json"", ""json_pointer"": ""/costs/11"", ""row_index_zero_based"": null, ""sha256"": ""e4f7c13169e570d49d6b5e0e16e8111c9c94e891dd419cded826c2652c40d978""}",
a17_closure_coverage_v2_2006_early_1b04d273d46f46568fc904c1f2e66ea7,Recorded occupation/counter/child stages; no fee conversion or summation,offline_coverage,,496.125,"{""input"": ""coverage/coverage_evidence.json"", ""json_pointer"": ""/costs/12"", ""row_index_zero_based"": null, ""sha256"": ""e4f7c13169e570d49d6b5e0e16e8111c9c94e891dd419cded826c2652c40d978""}",
a17_closure_coverage_v2_2006_middle_55a55af1abd14ddfb13b7e990dba4af1,Recorded occupation/counter/child stages; no fee conversion or summation,offline_coverage,,494.5,"{""input"": ""coverage/coverage_evidence.json"", ""json_pointer"": ""/costs/13"", ""row_index_zero_based"": null, ""sha256"": ""e4f7c13169e570d49d6b5e0e16e8111c9c94e891dd419cded826c2652c40d978""}",
a17_closure_coverage_v2_2006_late_13e65ebb69de4bd9a1c6f1d5b90c415f,Recorded occupation/counter/child stages; no fee conversion or summation,offline_coverage,,364.7969999999623,"{""input"": ""coverage/coverage_evidence.json"", ""json_pointer"": ""/costs/14"", ""row_index_zero_based"": null, ""sha256"": ""e4f7c13169e570d49d6b5e0e16e8111c9c94e891dd419cded826c2652c40d978""}",
a17_closure_coverage_v2_2008_early_91059307b3e74ba1bd166487faebd1e6,Recorded occupation/counter/child stages; no fee conversion or summation,offline_coverage,,496.625,"{""input"": ""coverage/coverage_evidence.json"", ""json_pointer"": ""/costs/15"", ""row_index_zero_based"": null, ""sha256"": ""e4f7c13169e570d49d6b5e0e16e8111c9c94e891dd419cded826c2652c40d978""}",
a17_closure_coverage_v2_2008_middle_f09a30e6861347babd89bdec65214cae,Recorded occupation/counter/child stages; no fee conversion or summation,offline_coverage,,495.4679999999935,"{""input"": ""coverage/coverage_evidence.json"", ""json_pointer"": ""/costs/16"", ""row_index_zero_based"": null, ""sha256"": ""e4f7c13169e570d49d6b5e0e16e8111c9c94e891dd419cded826c2652c40d978""}",
a17_closure_coverage_v2_2008_late_7df3d9eec888455f9b4875babc860ca9,Recorded occupation/counter/child stages; no fee conversion or summation,offline_coverage,,416.375,"{""input"": ""coverage/coverage_evidence.json"", ""json_pointer"": ""/costs/17"", ""row_index_zero_based"": null, ""sha256"": ""e4f7c13169e570d49d6b5e0e16e8111c9c94e891dd419cded826c2652c40d978""}",
a17_closure_coverage_v2_2009_early_7424eb9535694cc6b64ba56b10e69192,Recorded occupation/counter/child stages; no fee conversion or summation,offline_coverage,,52.82799999997951,"{""input"": ""coverage/coverage_evidence.json"", ""json_pointer"": ""/costs/18"", ""row_index_zero_based"": null, ""sha256"": ""e4f7c13169e570d49d6b5e0e16e8111c9c94e891dd419cded826c2652c40d978""}",
a17_closure_coverage_v2_2009_middle_715391c487674809a7bc01f8f453a0bd,Recorded occupation/counter/child stages; no fee conversion or summation,offline_coverage,,53.03100000001723,"{""input"": ""coverage/coverage_evidence.json"", ""json_pointer"": ""/costs/19"", ""row_index_zero_based"": null, ""sha256"": ""e4f7c13169e570d49d6b5e0e16e8111c9c94e891dd419cded826c2652c40d978""}",
a17_closure_coverage_v2_2009_late_40edc12529384a97b3283b75f7bd8f6b,Recorded occupation/counter/child stages; no fee conversion or summation,offline_coverage,,52.875,"{""input"": ""coverage/coverage_evidence.json"", ""json_pointer"": ""/costs/20"", ""row_index_zero_based"": null, ""sha256"": ""e4f7c13169e570d49d6b5e0e16e8111c9c94e891dd419cded826c2652c40d978""}",
a17_closure_coverage_v2_2010_early_a1e0d87e87954ac9b88d7152555a3463,Recorded occupation/counter/child stages; no fee conversion or summation,offline_coverage,,494.15600000001723,"{""input"": ""coverage/coverage_evidence.json"", ""json_pointer"": ""/costs/21"", ""row_index_zero_based"": null, ""sha256"": ""e4f7c13169e570d49d6b5e0e16e8111c9c94e891dd419cded826c2652c40d978""}",
a17_closure_coverage_v2_2010_middle_18e01e575f9c49699dc86aaa910a93e7,Recorded occupation/counter/child stages; no fee conversion or summation,offline_coverage,,497.21899999998277,"{""input"": ""coverage/coverage_evidence.json"", ""json_pointer"": ""/costs/22"", ""row_index_zero_based"": null, ""sha256"": ""e4f7c13169e570d49d6b5e0e16e8111c9c94e891dd419cded826c2652c40d978""}",
a17_closure_coverage_v2_2010_late_68ed3e6a068a49448de670764fbd1f1b,Recorded occupation/counter/child stages; no fee conversion or summation,offline_coverage,,484.23399999999674,"{""input"": ""coverage/coverage_evidence.json"", ""json_pointer"": ""/costs/23"", ""row_index_zero_based"": null, ""sha256"": ""e4f7c13169e570d49d6b5e0e16e8111c9c94e891dd419cded826c2652c40d978""}",
a17_closure_coverage_v2_2011_early_5726617c1d084742b05864acb50cc23e,Recorded occupation/counter/child stages; no fee conversion or summation,offline_coverage,,53.29700000002049,"{""input"": ""coverage/coverage_evidence.json"", ""json_pointer"": ""/costs/24"", ""row_index_zero_based"": null, ""sha256"": ""e4f7c13169e570d49d6b5e0e16e8111c9c94e891dd419cded826c2652c40d978""}",
a17_closure_coverage_v2_2011_middle_709ca6e50665443da3a7f25e83f9d8eb,Recorded occupation/counter/child stages; no fee conversion or summation,offline_coverage,,52.96900000004098,"{""input"": ""coverage/coverage_evidence.json"", ""json_pointer"": ""/costs/25"", ""row_index_zero_based"": null, ""sha256"": ""e4f7c13169e570d49d6b5e0e16e8111c9c94e891dd419cded826c2652c40d978""}",
a17_closure_coverage_v2_2011_late_30ca2de8834f41879faf16b78fd9fcf0,Recorded occupation/counter/child stages; no fee conversion or summation,offline_coverage,,52.67200000002049,"{""input"": ""coverage/coverage_evidence.json"", ""json_pointer"": ""/costs/26"", ""row_index_zero_based"": null, ""sha256"": ""e4f7c13169e570d49d6b5e0e16e8111c9c94e891dd419cded826c2652c40d978""}",
a17_closure_coverage_v2_2013_early_e442ba0a763c45ed98dacb80383711cf,Recorded occupation/counter/child stages; no fee conversion or summation,offline_coverage,,52.82799999997951,"{""input"": ""coverage/coverage_evidence.json"", ""json_pointer"": ""/costs/27"", ""row_index_zero_based"": null, ""sha256"": ""e4f7c13169e570d49d6b5e0e16e8111c9c94e891dd419cded826c2652c40d978""}",
a17_closure_coverage_v2_2013_middle_6be345b9d97f4bd5bd892eb9ab2884da,Recorded occupation/counter/child stages; no fee conversion or summation,offline_coverage,,53.04599999997299,"{""input"": ""coverage/coverage_evidence.json"", ""json_pointer"": ""/costs/28"", ""row_index_zero_based"": null, ""sha256"": ""e4f7c13169e570d49d6b5e0e16e8111c9c94e891dd419cded826c2652c40d978""}",
a17_closure_coverage_v2_2013_late_6a48239c68b34760806d7ca16f305ac9,Recorded occupation/counter/child stages; no fee conversion or summation,offline_coverage,,52.71900000004098,"{""input"": ""coverage/coverage_evidence.json"", ""json_pointer"": ""/costs/29"", ""row_index_zero_based"": null, ""sha256"": ""e4f7c13169e570d49d6b5e0e16e8111c9c94e891dd419cded826c2652c40d978""}",
a17_closure_coverage_v2_2016_early_03d28b262666480c89b80da54dd8d924,Recorded occupation/counter/child stages; no fee conversion or summation,offline_coverage,,498.3279999999795,"{""input"": ""coverage/coverage_evidence.json"", ""json_pointer"": ""/costs/30"", ""row_index_zero_based"": null, ""sha256"": ""e4f7c13169e570d49d6b5e0e16e8111c9c94e891dd419cded826c2652c40d978""}",
a17_closure_coverage_v2_2016_middle_4d4c6f038e5743bcbca54346ef80e3f7,Recorded occupation/counter/child stages; no fee conversion or summation,offline_coverage,,499.2970000000205,"{""input"": ""coverage/coverage_evidence.json"", ""json_pointer"": ""/costs/31"", ""row_index_zero_based"": null, ""sha256"": ""e4f7c13169e570d49d6b5e0e16e8111c9c94e891dd419cded826c2652c40d978""}",
a17_closure_gate0_cuda_v2_bc126c07a4174490bf65e841deeaecdb,Whole monitored occupied interval; do not add nested stage walls,frozen,,1.125,"{""input"": ""frozen/attempt_costs.csv"", ""json_pointer"": null, ""row_index_zero_based"": 0, ""sha256"": ""106287453c6428795b9adf3dc205d1f299f3021f217e5d0de334ce469eb02b06""}","{""attempt"": ""a17_closure_gate0_cuda_v2_bc126c07a4174490bf65e841deeaecdb"", ""exit_code"": ""1"", ""identity_sha256"": ""3c368eeac70921112170d811fc5a0f553512661fe18f71fb28d17af23218bf58"", ""ledger_path"": ""Gaussian/A17/CLOSURE_R1/remote_snapshots/noise_complete_v1/execution/gpu_attempts.jsonl"", ""ledger_sha256"": ""e5ce2e802d7fb13ce7fba9887e771a63f6fed9655ff70b65b6ec7ebf17b7ee2e"", ""occupation_s"": ""1.125"", ""scope"": ""Whole monitored occupied interval; do not add nested stage walls"", ""stop_reason"": """"}"
a17_closure_gate0_cuda_v3_c9f6b834b24b4425a1451d6510b46afa,Whole monitored occupied interval; do not add nested stage walls,frozen,,3.9679999999934807,"{""input"": ""frozen/attempt_costs.csv"", ""json_pointer"": null, ""row_index_zero_based"": 1, ""sha256"": ""106287453c6428795b9adf3dc205d1f299f3021f217e5d0de334ce469eb02b06""}","{""attempt"": ""a17_closure_gate0_cuda_v3_c9f6b834b24b4425a1451d6510b46afa"", ""exit_code"": ""0"", ""identity_sha256"": ""ef253d89e38a0c7fa0de273ca89ca71c3dd64a425b3e5e58d2e6eac8dbb37e45"", ""ledger_path"": ""Gaussian/A17/CLOSURE_R1/remote_snapshots/noise_complete_v1/execution/gpu_attempts.jsonl"", ""ledger_sha256"": ""e5ce2e802d7fb13ce7fba9887e771a63f6fed9655ff70b65b6ec7ebf17b7ee2e"", ""occupation_s"": ""3.9679999999934807"", ""scope"": ""Whole monitored occupied interval; do not add nested stage walls"", ""stop_reason"": """"}"
a17_closure_locked_noise_v1_2002_1db259627047431788c4148bd07e5d60,Whole monitored occupied interval; do not add nested stage walls,frozen,,253.17199999996228,"{""input"": ""frozen/attempt_costs.csv"", ""json_pointer"": null, ""row_index_zero_based"": 2, ""sha256"": ""106287453c6428795b9adf3dc205d1f299f3021f217e5d0de334ce469eb02b06""}","{""attempt"": ""a17_closure_locked_noise_v1_2002_1db259627047431788c4148bd07e5d60"", ""exit_code"": ""0"", ""identity_sha256"": ""740e73a0f02a287aec73e845a60cdf534664907b520a6ada2826621b38a9e162"", ""ledger_path"": ""Gaussian/A17/CLOSURE_R1/remote_snapshots/noise_complete_v1/execution/gpu_attempts.jsonl"", ""ledger_sha256"": ""e5ce2e802d7fb13ce7fba9887e771a63f6fed9655ff70b65b6ec7ebf17b7ee2e"", ""occupation_s"": ""253.17199999996228"", ""scope"": ""Whole monitored occupied interval; do not add nested stage walls"", ""stop_reason"": """"}"
a17_closure_locked_noise_v1_2005_7b38aa98897c4b22aeb2c6de897fed36,Whole monitored occupied interval; do not add nested stage walls,frozen,,195.95300000003772,"{""input"": ""frozen/attempt_costs.csv"", ""json_pointer"": null, ""row_index_zero_based"": 3, ""sha256"": ""106287453c6428795b9adf3dc205d1f299f3021f217e5d0de334ce469eb02b06""}","{""attempt"": ""a17_closure_locked_noise_v1_2005_7b38aa98897c4b22aeb2c6de897fed36"", ""exit_code"": ""0"", ""identity_sha256"": ""740e73a0f02a287aec73e845a60cdf534664907b520a6ada2826621b38a9e162"", ""ledger_path"": ""Gaussian/A17/CLOSURE_R1/remote_snapshots/noise_complete_v1/execution/gpu_attempts.jsonl"", ""ledger_sha256"": ""e5ce2e802d7fb13ce7fba9887e771a63f6fed9655ff70b65b6ec7ebf17b7ee2e"", ""occupation_s"": ""195.95300000003772"", ""scope"": ""Whole monitored occupied interval; do not add nested stage walls"", ""stop_reason"": """"}"
a17_closure_locked_noise_v1_2009_0576f36e8b9640148259e663a41de0bd,Whole monitored occupied interval; do not add nested stage walls,frozen,,196.6720000000205,"{""input"": ""frozen/attempt_costs.csv"", ""json_pointer"": null, ""row_index_zero_based"": 4, ""sha256"": ""106287453c6428795b9adf3dc205d1f299f3021f217e5d0de334ce469eb02b06""}","{""attempt"": ""a17_closure_locked_noise_v1_2009_0576f36e8b9640148259e663a41de0bd"", ""exit_code"": ""0"", ""identity_sha256"": ""740e73a0f02a287aec73e845a60cdf534664907b520a6ada2826621b38a9e162"", ""ledger_path"": ""Gaussian/A17/CLOSURE_R1/remote_snapshots/noise_complete_v1/execution/gpu_attempts.jsonl"", ""ledger_sha256"": ""e5ce2e802d7fb13ce7fba9887e771a63f6fed9655ff70b65b6ec7ebf17b7ee2e"", ""occupation_s"": ""196.6720000000205"", ""scope"": ""Whole monitored occupied interval; do not add nested stage walls"", ""stop_reason"": """"}"
a17_closure_locked_noise_v1_2016_0b5e4009c17a4b229cfaff7592951077,Whole monitored occupied interval; do not add nested stage walls,frozen,,249.4529999999795,"{""input"": ""frozen/attempt_costs.csv"", ""json_pointer"": null, ""row_index_zero_based"": 5, ""sha256"": ""106287453c6428795b9adf3dc205d1f299f3021f217e5d0de334ce469eb02b06""}","{""attempt"": ""a17_closure_locked_noise_v1_2016_0b5e4009c17a4b229cfaff7592951077"", ""exit_code"": ""0"", ""identity_sha256"": ""740e73a0f02a287aec73e845a60cdf534664907b520a6ada2826621b38a9e162"", ""ledger_path"": ""Gaussian/A17/CLOSURE_R1/remote_snapshots/noise_complete_v1/execution/gpu_attempts.jsonl"", ""ledger_sha256"": ""e5ce2e802d7fb13ce7fba9887e771a63f6fed9655ff70b65b6ec7ebf17b7ee2e"", ""occupation_s"": ""249.4529999999795"", ""scope"": ""Whole monitored occupied interval; do not add nested stage walls"", ""stop_reason"": """"}"
a17_closure_locked_validation_continuation_v1_2003_e62ac5b29b1d42ecac5b63720e7e0f10,Whole monitored occupied interval; do not add nested stage walls,frozen,,90.34400000004098,"{""input"": ""frozen/attempt_costs.csv"", ""json_pointer"": null, ""row_index_zero_based"": 6, ""sha256"": ""106287453c6428795b9adf3dc205d1f299f3021f217e5d0de334ce469eb02b06""}","{""attempt"": ""a17_closure_locked_validation_continuation_v1_2003_e62ac5b29b1d42ecac5b63720e7e0f10"", ""exit_code"": ""0"", ""identity_sha256"": ""e489f32fcebdae1548ee959888a6f66cb3da040cae0b7511249f04d4cb0dedbc"", ""ledger_path"": ""Gaussian/A17/CLOSURE_R1/remote_snapshots/noise_complete_v1/execution/gpu_attempts.jsonl"", ""ledger_sha256"": ""e5ce2e802d7fb13ce7fba9887e771a63f6fed9655ff70b65b6ec7ebf17b7ee2e"", ""occupation_s"": ""90.34400000004098"", ""scope"": ""Whole monitored occupied interval; do not add nested stage walls"", ""stop_reason"": """"}"
a17_closure_locked_validation_continuation_v1_2004_abb477d73a064ae1b10a355cc1b6faf7,Whole monitored occupied interval; do not add nested stage walls,frozen,,113.15700000000652,"{""input"": ""frozen/attempt_costs.csv"", ""json_pointer"": null, ""row_index_zero_based"": 7, ""sha256"": ""106287453c6428795b9adf3dc205d1f299f3021f217e5d0de334ce469eb02b06""}","{""attempt"": ""a17_closure_locked_validation_continuation_v1_2004_abb477d73a064ae1b10a355cc1b6faf7"", ""exit_code"": ""0"", ""identity_sha256"": ""e489f32fcebdae1548ee959888a6f66cb3da040cae0b7511249f04d4cb0dedbc"", ""ledger_path"": ""Gaussian/A17/CLOSURE_R1/remote_snapshots/noise_complete_v1/execution/gpu_attempts.jsonl"", ""ledger_sha256"": ""e5ce2e802d7fb13ce7fba9887e771a63f6fed9655ff70b65b6ec7ebf17b7ee2e"", ""occupation_s"": ""113.15700000000652"", ""scope"": ""Whole monitored occupied interval; do not add nested stage walls"", ""stop_reason"": """"}"
a17_closure_locked_validation_continuation_v1_2005_92e605d173434ee8851cdcb9d151a257,Whole monitored occupied interval; do not add nested stage walls,frozen,,91.82800000003772,"{""input"": ""frozen/attempt_costs.csv"", ""json_pointer"": null, ""row_index_zero_based"": 8, ""sha256"": ""106287453c6428795b9adf3dc205d1f299f3021f217e5d0de334ce469eb02b06""}","{""attempt"": ""a17_closure_locked_validation_continuation_v1_2005_92e605d173434ee8851cdcb9d151a257"", ""exit_code"": ""0"", ""identity_sha256"": ""e489f32fcebdae1548ee959888a6f66cb3da040cae0b7511249f04d4cb0dedbc"", ""ledger_path"": ""Gaussian/A17/CLOSURE_R1/remote_snapshots/noise_complete_v1/execution/gpu_attempts.jsonl"", ""ledger_sha256"": ""e5ce2e802d7fb13ce7fba9887e771a63f6fed9655ff70b65b6ec7ebf17b7ee2e"", ""occupation_s"": ""91.82800000003772"", ""scope"": ""Whole monitored occupied interval; do not add nested stage walls"", ""stop_reason"": """"}"
a17_closure_locked_validation_continuation_v1_2006_858bf52a07154e46996f117b114eeaef,Whole monitored occupied interval; do not add nested stage walls,frozen,,113.20300000003772,"{""input"": ""frozen/attempt_costs.csv"", ""json_pointer"": null, ""row_index_zero_based"": 9, ""sha256"": ""106287453c6428795b9adf3dc205d1f299f3021f217e5d0de334ce469eb02b06""}","{""attempt"": ""a17_closure_locked_validation_continuation_v1_2006_858bf52a07154e46996f117b114eeaef"", ""exit_code"": ""0"", ""identity_sha256"": ""e489f32fcebdae1548ee959888a6f66cb3da040cae0b7511249f04d4cb0dedbc"", ""ledger_path"": ""Gaussian/A17/CLOSURE_R1/remote_snapshots/noise_complete_v1/execution/gpu_attempts.jsonl"", ""ledger_sha256"": ""e5ce2e802d7fb13ce7fba9887e771a63f6fed9655ff70b65b6ec7ebf17b7ee2e"", ""occupation_s"": ""113.20300000003772"", ""scope"": ""Whole monitored occupied interval; do not add nested stage walls"", ""stop_reason"": """"}"
a17_closure_locked_validation_continuation_v1_2008_ec18dd78aa984bef83c87fc401c03e68,Whole monitored occupied interval; do not add nested stage walls,frozen,,113.06300000002375,"{""input"": ""frozen/attempt_costs.csv"", ""json_pointer"": null, ""row_index_zero_based"": 10, ""sha256"": ""106287453c6428795b9adf3dc205d1f299f3021f217e5d0de334ce469eb02b06""}","{""attempt"": ""a17_closure_locked_validation_continuation_v1_2008_ec18dd78aa984bef83c87fc401c03e68"", ""exit_code"": ""0"", ""identity_sha256"": ""e489f32fcebdae1548ee959888a6f66cb3da040cae0b7511249f04d4cb0dedbc"", ""ledger_path"": ""Gaussian/A17/CLOSURE_R1/remote_snapshots/noise_complete_v1/execution/gpu_attempts.jsonl"", ""ledger_sha256"": ""e5ce2e802d7fb13ce7fba9887e771a63f6fed9655ff70b65b6ec7ebf17b7ee2e"", ""occupation_s"": ""113.06300000002375"", ""scope"": ""Whole monitored occupied interval; do not add nested stage walls"", ""stop_reason"": """"}"
a17_closure_locked_validation_continuation_v1_2009_a849071e93854311b14c0f3374326e40,Whole monitored occupied interval; do not add nested stage walls,frozen,,91.75,"{""input"": ""frozen/attempt_costs.csv"", ""json_pointer"": null, ""row_index_zero_based"": 11, ""sha256"": ""106287453c6428795b9adf3dc205d1f299f3021f217e5d0de334ce469eb02b06""}","{""attempt"": ""a17_closure_locked_validation_continuation_v1_2009_a849071e93854311b14c0f3374326e40"", ""exit_code"": ""0"", ""identity_sha256"": ""e489f32fcebdae1548ee959888a6f66cb3da040cae0b7511249f04d4cb0dedbc"", ""ledger_path"": ""Gaussian/A17/CLOSURE_R1/remote_snapshots/noise_complete_v1/execution/gpu_attempts.jsonl"", ""ledger_sha256"": ""e5ce2e802d7fb13ce7fba9887e771a63f6fed9655ff70b65b6ec7ebf17b7ee2e"", ""occupation_s"": ""91.75"", ""scope"": ""Whole monitored occupied interval; do not add nested stage walls"", ""stop_reason"": """"}"
a17_closure_locked_validation_continuation_v1_2010_167ddd9956d4416ead95ca711b1c5b13,Whole monitored occupied interval; do not add nested stage walls,frozen,,113.32799999997951,"{""input"": ""frozen/attempt_costs.csv"", ""json_pointer"": null, ""row_index_zero_based"": 12, ""sha256"": ""106287453c6428795b9adf3dc205d1f299f3021f217e5d0de334ce469eb02b06""}","{""attempt"": ""a17_closure_locked_validation_continuation_v1_2010_167ddd9956d4416ead95ca711b1c5b13"", ""exit_code"": ""0"", ""identity_sha256"": ""e489f32fcebdae1548ee959888a6f66cb3da040cae0b7511249f04d4cb0dedbc"", ""ledger_path"": ""Gaussian/A17/CLOSURE_R1/remote_snapshots/noise_complete_v1/execution/gpu_attempts.jsonl"", ""ledger_sha256"": ""e5ce2e802d7fb13ce7fba9887e771a63f6fed9655ff70b65b6ec7ebf17b7ee2e"", ""occupation_s"": ""113.32799999997951"", ""scope"": ""Whole monitored occupied interval; do not add nested stage walls"", ""stop_reason"": """"}"
a17_closure_locked_validation_continuation_v1_2011_7dab4fa1f0964848bdbef12aebd1eeac,Whole monitored occupied interval; do not add nested stage walls,frozen,,88.82799999997951,"{""input"": ""frozen/attempt_costs.csv"", ""json_pointer"": null, ""row_index_zero_based"": 13, ""sha256"": ""106287453c6428795b9adf3dc205d1f299f3021f217e5d0de334ce469eb02b06""}","{""attempt"": ""a17_closure_locked_validation_continuation_v1_2011_7dab4fa1f0964848bdbef12aebd1eeac"", ""exit_code"": ""0"", ""identity_sha256"": ""e489f32fcebdae1548ee959888a6f66cb3da040cae0b7511249f04d4cb0dedbc"", ""ledger_path"": ""Gaussian/A17/CLOSURE_R1/remote_snapshots/noise_complete_v1/execution/gpu_attempts.jsonl"", ""ledger_sha256"": ""e5ce2e802d7fb13ce7fba9887e771a63f6fed9655ff70b65b6ec7ebf17b7ee2e"", ""occupation_s"": ""88.82799999997951"", ""scope"": ""Whole monitored occupied interval; do not add nested stage walls"", ""stop_reason"": """"}"
a17_closure_locked_validation_continuation_v1_2013_258c710f6fc64761805c7d5a5cf78e31,Whole monitored occupied interval; do not add nested stage walls,frozen,,91.39100000000326,"{""input"": ""frozen/attempt_costs.csv"", ""json_pointer"": null, ""row_index_zero_based"": 14, ""sha256"": ""106287453c6428795b9adf3dc205d1f299f3021f217e5d0de334ce469eb02b06""}","{""attempt"": ""a17_closure_locked_validation_continuation_v1_2013_258c710f6fc64761805c7d5a5cf78e31"", ""exit_code"": ""0"", ""identity_sha256"": ""e489f32fcebdae1548ee959888a6f66cb3da040cae0b7511249f04d4cb0dedbc"", ""ledger_path"": ""Gaussian/A17/CLOSURE_R1/remote_snapshots/noise_complete_v1/execution/gpu_attempts.jsonl"", ""ledger_sha256"": ""e5ce2e802d7fb13ce7fba9887e771a63f6fed9655ff70b65b6ec7ebf17b7ee2e"", ""occupation_s"": ""91.39100000000326"", ""scope"": ""Whole monitored occupied interval; do not add nested stage walls"", ""stop_reason"": """"}"
a17_closure_locked_validation_continuation_v1_2016_04a22623ea944b76a824ae6aa4285358,Whole monitored occupied interval; do not add nested stage walls,frozen,,100.60899999999674,"{""input"": ""frozen/attempt_costs.csv"", ""json_pointer"": null, ""row_index_zero_based"": 15, ""sha256"": ""106287453c6428795b9adf3dc205d1f299f3021f217e5d0de334ce469eb02b06""}","{""attempt"": ""a17_closure_locked_validation_continuation_v1_2016_04a22623ea944b76a824ae6aa4285358"", ""exit_code"": ""1"", ""identity_sha256"": ""e489f32fcebdae1548ee959888a6f66cb3da040cae0b7511249f04d4cb0dedbc"", ""ledger_path"": ""Gaussian/A17/CLOSURE_R1/remote_snapshots/noise_complete_v1/execution/gpu_attempts.jsonl"", ""ledger_sha256"": ""e5ce2e802d7fb13ce7fba9887e771a63f6fed9655ff70b65b6ec7ebf17b7ee2e"", ""occupation_s"": ""100.60899999999674"", ""scope"": ""Whole monitored occupied interval; do not add nested stage walls"", ""stop_reason"": """"}"
a17_closure_locked_validation_v1_2002_e3dd53c45173436b8006b14e4a049be2,Whole monitored occupied interval; do not add nested stage walls,frozen,,151.17199999996228,"{""input"": ""frozen/attempt_costs.csv"", ""json_pointer"": null, ""row_index_zero_based"": 16, ""sha256"": ""106287453c6428795b9adf3dc205d1f299f3021f217e5d0de334ce469eb02b06""}","{""attempt"": ""a17_closure_locked_validation_v1_2002_e3dd53c45173436b8006b14e4a049be2"", ""exit_code"": ""0"", ""identity_sha256"": ""03f9e17619680f0a74688bf3a983ccbb43615e5e0ac63350fef85aa648a30810"", ""ledger_path"": ""Gaussian/A17/CLOSURE_R1/remote_snapshots/noise_complete_v1/execution/gpu_attempts.jsonl"", ""ledger_sha256"": ""e5ce2e802d7fb13ce7fba9887e771a63f6fed9655ff70b65b6ec7ebf17b7ee2e"", ""occupation_s"": ""151.17199999996228"", ""scope"": ""Whole monitored occupied interval; do not add nested stage walls"", ""stop_reason"": """"}"
a17_closure_replay_2007_18d0d03080e94bcb9077334079164044,Whole monitored occupied interval; do not add nested stage walls,frozen,,9.48399999999674,"{""input"": ""frozen/attempt_costs.csv"", ""json_pointer"": null, ""row_index_zero_based"": 17, ""sha256"": ""106287453c6428795b9adf3dc205d1f299f3021f217e5d0de334ce469eb02b06""}","{""attempt"": ""a17_closure_replay_2007_18d0d03080e94bcb9077334079164044"", ""exit_code"": ""1"", ""identity_sha256"": ""b55eee5d289e0d57fc7669afff0e0fccbfaf002e9d7b16be54ce01a5baa17b2c"", ""ledger_path"": ""Gaussian/A17/CLOSURE_R1/remote_snapshots/noise_complete_v1/execution/gpu_attempts.jsonl"", ""ledger_sha256"": ""e5ce2e802d7fb13ce7fba9887e771a63f6fed9655ff70b65b6ec7ebf17b7ee2e"", ""occupation_s"": ""9.48399999999674"", ""scope"": ""Whole monitored occupied interval; do not add nested stage walls"", ""stop_reason"": """"}"
a17_closure_replay_2007_v2_e219059d9d3b4362886a47dcff3da659,Whole monitored occupied interval; do not add nested stage walls,frozen,,55.21900000004098,"{""input"": ""frozen/attempt_costs.csv"", ""json_pointer"": null, ""row_index_zero_based"": 18, ""sha256"": ""106287453c6428795b9adf3dc205d1f299f3021f217e5d0de334ce469eb02b06""}","{""attempt"": ""a17_closure_replay_2007_v2_e219059d9d3b4362886a47dcff3da659"", ""exit_code"": ""0"", ""identity_sha256"": ""c9225489cd5fabf361544e904646418ce4472028935eb564cc3ebe7c5793ccff"", ""ledger_path"": ""Gaussian/A17/CLOSURE_R1/remote_snapshots/noise_complete_v1/execution/gpu_attempts.jsonl"", ""ledger_sha256"": ""e5ce2e802d7fb13ce7fba9887e771a63f6fed9655ff70b65b6ec7ebf17b7ee2e"", ""occupation_s"": ""55.21900000004098"", ""scope"": ""Whole monitored occupied interval; do not add nested stage walls"", ""stop_reason"": """"}"
a17_closure_replay_remaining_v2_2001_7016d76662014c3d98910ea298dfe051,Whole monitored occupied interval; do not add nested stage walls,frozen,,55.51500000001397,"{""input"": ""frozen/attempt_costs.csv"", ""json_pointer"": null, ""row_index_zero_based"": 19, ""sha256"": ""106287453c6428795b9adf3dc205d1f299f3021f217e5d0de334ce469eb02b06""}","{""attempt"": ""a17_closure_replay_remaining_v2_2001_7016d76662014c3d98910ea298dfe051"", ""exit_code"": ""0"", ""identity_sha256"": ""c9225489cd5fabf361544e904646418ce4472028935eb564cc3ebe7c5793ccff"", ""ledger_path"": ""Gaussian/A17/CLOSURE_R1/remote_snapshots/noise_complete_v1/execution/gpu_attempts.jsonl"", ""ledger_sha256"": ""e5ce2e802d7fb13ce7fba9887e771a63f6fed9655ff70b65b6ec7ebf17b7ee2e"", ""occupation_s"": ""55.51500000001397"", ""scope"": ""Whole monitored occupied interval; do not add nested stage walls"", ""stop_reason"": """"}"
a17_closure_replay_remaining_v2_2012_779a36662bac440aa852f9ff678d7168,Whole monitored occupied interval; do not add nested stage walls,frozen,,74.64100000000326,"{""input"": ""frozen/attempt_costs.csv"", ""json_pointer"": null, ""row_index_zero_based"": 20, ""sha256"": ""106287453c6428795b9adf3dc205d1f299f3021f217e5d0de334ce469eb02b06""}","{""attempt"": ""a17_closure_replay_remaining_v2_2012_779a36662bac440aa852f9ff678d7168"", ""exit_code"": ""0"", ""identity_sha256"": ""c9225489cd5fabf361544e904646418ce4472028935eb564cc3ebe7c5793ccff"", ""ledger_path"": ""Gaussian/A17/CLOSURE_R1/remote_snapshots/noise_complete_v1/execution/gpu_attempts.jsonl"", ""ledger_sha256"": ""e5ce2e802d7fb13ce7fba9887e771a63f6fed9655ff70b65b6ec7ebf17b7ee2e"", ""occupation_s"": ""74.64100000000326"", ""scope"": ""Whole monitored occupied interval; do not add nested stage walls"", ""stop_reason"": """"}"
a17_closure_replay_remaining_v2_2014_ae31117d083b4246a36e7125d4593113,Whole monitored occupied interval; do not add nested stage walls,frozen,,73.88999999995576,"{""input"": ""frozen/attempt_costs.csv"", ""json_pointer"": null, ""row_index_zero_based"": 21, ""sha256"": ""106287453c6428795b9adf3dc205d1f299f3021f217e5d0de334ce469eb02b06""}","{""attempt"": ""a17_closure_replay_remaining_v2_2014_ae31117d083b4246a36e7125d4593113"", ""exit_code"": ""0"", ""identity_sha256"": ""c9225489cd5fabf361544e904646418ce4472028935eb564cc3ebe7c5793ccff"", ""ledger_path"": ""Gaussian/A17/CLOSURE_R1/remote_snapshots/noise_complete_v1/execution/gpu_attempts.jsonl"", ""ledger_sha256"": ""e5ce2e802d7fb13ce7fba9887e771a63f6fed9655ff70b65b6ec7ebf17b7ee2e"", ""occupation_s"": ""73.88999999995576"", ""scope"": ""Whole monitored occupied interval; do not add nested stage walls"", ""stop_reason"": """"}"
a17_closure_locked_noise_v1_2002_1db259627047431788c4148bd07e5d60,"Nested state stage, do not add to occupied attempt wall",frozen,39.058964199968614,,"{""input"": ""frozen/state_stage_costs.csv"", ""json_pointer"": null, ""row_index_zero_based"": 0, ""sha256"": ""cacc78e1cf2baf402aaffd9ed8a6a22f95e9b2928385150eff907236f1b29293""}",
a17_closure_locked_noise_v1_2002_1db259627047431788c4148bd07e5d60,"Nested state stage, do not add to occupied attempt wall",frozen,37.5980622000061,,"{""input"": ""frozen/state_stage_costs.csv"", ""json_pointer"": null, ""row_index_zero_based"": 1, ""sha256"": ""cacc78e1cf2baf402aaffd9ed8a6a22f95e9b2928385150eff907236f1b29293""}",
a17_closure_locked_noise_v1_2002_1db259627047431788c4148bd07e5d60,"Nested state stage, do not add to occupied attempt wall",frozen,39.02643679996254,,"{""input"": ""frozen/state_stage_costs.csv"", ""json_pointer"": null, ""row_index_zero_based"": 2, ""sha256"": ""cacc78e1cf2baf402aaffd9ed8a6a22f95e9b2928385150eff907236f1b29293""}",
a17_closure_locked_noise_v1_2002_1db259627047431788c4148bd07e5d60,"Nested state stage, do not add to occupied attempt wall",frozen,38.822816899977624,,"{""input"": ""frozen/state_stage_costs.csv"", ""json_pointer"": null, ""row_index_zero_based"": 3, ""sha256"": ""cacc78e1cf2baf402aaffd9ed8a6a22f95e9b2928385150eff907236f1b29293""}",
a17_closure_locked_noise_v1_2002_1db259627047431788c4148bd07e5d60,"Nested state stage, do not add to occupied attempt wall",frozen,38.80069800000638,,"{""input"": ""frozen/state_stage_costs.csv"", ""json_pointer"": null, ""row_index_zero_based"": 4, ""sha256"": ""cacc78e1cf2baf402aaffd9ed8a6a22f95e9b2928385150eff907236f1b29293""}",
a17_closure_locked_noise_v1_2002_1db259627047431788c4148bd07e5d60,"Nested state stage, do not add to occupied attempt wall",frozen,38.47214730002452,,"{""input"": ""frozen/state_stage_costs.csv"", ""json_pointer"": null, ""row_index_zero_based"": 5, ""sha256"": ""cacc78e1cf2baf402aaffd9ed8a6a22f95e9b2928385150eff907236f1b29293""}",
a17_closure_locked_noise_v1_2005_7b38aa98897c4b22aeb2c6de897fed36,"Nested state stage, do not add to occupied attempt wall",frozen,29.738267500011716,,"{""input"": ""frozen/state_stage_costs.csv"", ""json_pointer"": null, ""row_index_zero_based"": 6, ""sha256"": ""cacc78e1cf2baf402aaffd9ed8a6a22f95e9b2928385150eff907236f1b29293""}",
a17_closure_locked_noise_v1_2005_7b38aa98897c4b22aeb2c6de897fed36,"Nested state stage, do not add to occupied attempt wall",frozen,28.516616499982774,,"{""input"": ""frozen/state_stage_costs.csv"", ""json_pointer"": null, ""row_index_zero_based"": 7, ""sha256"": ""cacc78e1cf2baf402aaffd9ed8a6a22f95e9b2928385150eff907236f1b29293""}",
a17_closure_locked_noise_v1_2005_7b38aa98897c4b22aeb2c6de897fed36,"Nested state stage, do not add to occupied attempt wall",frozen,29.792944199987687,,"{""input"": ""frozen/state_stage_costs.csv"", ""json_pointer"": null, ""row_index_zero_based"": 8, ""sha256"": ""cacc78e1cf2baf402aaffd9ed8a6a22f95e9b2928385150eff907236f1b29293""}",
a17_closure_locked_noise_v1_2005_7b38aa98897c4b22aeb2c6de897fed36,"Nested state stage, do not add to occupied attempt wall",frozen,29.697145299986005,,"{""input"": ""frozen/state_stage_costs.csv"", ""json_pointer"": null, ""row_index_zero_based"": 9, ""sha256"": ""cacc78e1cf2baf402aaffd9ed8a6a22f95e9b2928385150eff907236f1b29293""}",
a17_closure_locked_noise_v1_2005_7b38aa98897c4b22aeb2c6de897fed36,"Nested state stage, do not add to occupied attempt wall",frozen,28.38404489995446,,"{""input"": ""frozen/state_stage_costs.csv"", ""json_pointer"": null, ""row_index_zero_based"": 10, ""sha256"": ""cacc78e1cf2baf402aaffd9ed8a6a22f95e9b2928385150eff907236f1b29293""}",
a17_closure_locked_noise_v1_2005_7b38aa98897c4b22aeb2c6de897fed36,"Nested state stage, do not add to occupied attempt wall",frozen,28.599647799972445,,"{""input"": ""frozen/state_stage_costs.csv"", ""json_pointer"": null, ""row_index_zero_based"": 11, ""sha256"": ""cacc78e1cf2baf402aaffd9ed8a6a22f95e9b2928385150eff907236f1b29293""}",
a17_closure_locked_noise_v1_2009_0576f36e8b9640148259e663a41de0bd,"Nested state stage, do not add to occupied attempt wall",frozen,28.80815719999373,,"{""input"": ""frozen/state_stage_costs.csv"", ""json_pointer"": null, ""row_index_zero_based"": 12, ""sha256"": ""cacc78e1cf2baf402aaffd9ed8a6a22f95e9b2928385150eff907236f1b29293""}",
a17_closure_locked_noise_v1_2009_0576f36e8b9640148259e663a41de0bd,"Nested state stage, do not add to occupied attempt wall",frozen,29.24429289996624,,"{""input"": ""frozen/state_stage_costs.csv"", ""json_pointer"": null, ""row_index_zero_based"": 13, ""sha256"": ""cacc78e1cf2baf402aaffd9ed8a6a22f95e9b2928385150eff907236f1b29293""}",
a17_closure_locked_noise_v1_2009_0576f36e8b9640148259e663a41de0bd,"Nested state stage, do not add to occupied attempt wall",frozen,29.997936200001277,,"{""input"": ""frozen/state_stage_costs.csv"", ""json_pointer"": null, ""row_index_zero_based"": 14, ""sha256"": ""cacc78e1cf2baf402aaffd9ed8a6a22f95e9b2928385150eff907236f1b29293""}",
a17_closure_locked_noise_v1_2009_0576f36e8b9640148259e663a41de0bd,"Nested state stage, do not add to occupied attempt wall",frozen,29.923167900007684,,"{""input"": ""frozen/state_stage_costs.csv"", ""json_pointer"": null, ""row_index_zero_based"": 15, ""sha256"": ""cacc78e1cf2baf402aaffd9ed8a6a22f95e9b2928385150eff907236f1b29293""}",
a17_closure_locked_noise_v1_2009_0576f36e8b9640148259e663a41de0bd,"Nested state stage, do not add to occupied attempt wall",frozen,27.671196500014048,,"{""input"": ""frozen/state_stage_costs.csv"", ""json_pointer"": null, ""row_index_zero_based"": 16, ""sha256"": ""cacc78e1cf2baf402aaffd9ed8a6a22f95e9b2928385150eff907236f1b29293""}",
a17_closure_locked_noise_v1_2009_0576f36e8b9640148259e663a41de0bd,"Nested state stage, do not add to occupied attempt wall",frozen,30.049334899988025,,"{""input"": ""frozen/state_stage_costs.csv"", ""json_pointer"": null, ""row_index_zero_based"": 17, ""sha256"": ""cacc78e1cf2baf402aaffd9ed8a6a22f95e9b2928385150eff907236f1b29293""}",
a17_closure_locked_noise_v1_2016_0b5e4009c17a4b229cfaff7592951077,"Nested state stage, do not add to occupied attempt wall",frozen,38.35190309997415,,"{""input"": ""frozen/state_stage_costs.csv"", ""json_pointer"": null, ""row_index_zero_based"": 18, ""sha256"": ""cacc78e1cf2baf402aaffd9ed8a6a22f95e9b2928385150eff907236f1b29293""}",
a17_closure_locked_noise_v1_2016_0b5e4009c17a4b229cfaff7592951077,"Nested state stage, do not add to occupied attempt wall",frozen,38.06912400003057,,"{""input"": ""frozen/state_stage_costs.csv"", ""json_pointer"": null, ""row_index_zero_based"": 19, ""sha256"": ""cacc78e1cf2baf402aaffd9ed8a6a22f95e9b2928385150eff907236f1b29293""}",
a17_closure_locked_noise_v1_2016_0b5e4009c17a4b229cfaff7592951077,"Nested state stage, do not add to occupied attempt wall",frozen,38.31005600001663,,"{""input"": ""frozen/state_stage_costs.csv"", ""json_pointer"": null, ""row_index_zero_based"": 20, ""sha256"": ""cacc78e1cf2baf402aaffd9ed8a6a22f95e9b2928385150eff907236f1b29293""}",
a17_closure_locked_noise_v1_2016_0b5e4009c17a4b229cfaff7592951077,"Nested state stage, do not add to occupied attempt wall",frozen,38.301456000015605,,"{""input"": ""frozen/state_stage_costs.csv"", ""json_pointer"": null, ""row_index_zero_based"": 21, ""sha256"": ""cacc78e1cf2baf402aaffd9ed8a6a22f95e9b2928385150eff907236f1b29293""}",
a17_closure_locked_noise_v1_2016_0b5e4009c17a4b229cfaff7592951077,"Nested state stage, do not add to occupied attempt wall",frozen,38.09373099997174,,"{""input"": ""frozen/state_stage_costs.csv"", ""json_pointer"": null, ""row_index_zero_based"": 22, ""sha256"": ""cacc78e1cf2baf402aaffd9ed8a6a22f95e9b2928385150eff907236f1b29293""}",
a17_closure_locked_noise_v1_2016_0b5e4009c17a4b229cfaff7592951077,"Nested state stage, do not add to occupied attempt wall",frozen,36.75304430001415,,"{""input"": ""frozen/state_stage_costs.csv"", ""json_pointer"": null, ""row_index_zero_based"": 23, ""sha256"": ""cacc78e1cf2baf402aaffd9ed8a6a22f95e9b2928385150eff907236f1b29293""}",
a17_closure_locked_validation_continuation_v1_2003_e62ac5b29b1d42ecac5b63720e7e0f10,"Nested state stage, do not add to occupied attempt wall",frozen,25.4097718000412,,"{""input"": ""frozen/state_stage_costs.csv"", ""json_pointer"": null, ""row_index_zero_based"": 24, ""sha256"": ""cacc78e1cf2baf402aaffd9ed8a6a22f95e9b2928385150eff907236f1b29293""}",
a17_closure_locked_validation_continuation_v1_2003_e62ac5b29b1d42ecac5b63720e7e0f10,"Nested state stage, do not add to occupied attempt wall",frozen,26.96351319999667,,"{""input"": ""frozen/state_stage_costs.csv"", ""json_pointer"": null, ""row_index_zero_based"": 25, ""sha256"": ""cacc78e1cf2baf402aaffd9ed8a6a22f95e9b2928385150eff907236f1b29293""}",
a17_closure_locked_validation_continuation_v1_2003_e62ac5b29b1d42ecac5b63720e7e0f10,"Nested state stage, do not add to occupied attempt wall",frozen,26.75594230002025,,"{""input"": ""frozen/state_stage_costs.csv"", ""json_pointer"": null, ""row_index_zero_based"": 26, ""sha256"": ""cacc78e1cf2baf402aaffd9ed8a6a22f95e9b2928385150eff907236f1b29293""}",
a17_closure_locked_validation_continuation_v1_2004_abb477d73a064ae1b10a355cc1b6faf7,"Nested state stage, do not add to occupied attempt wall",frozen,33.75312540004961,,"{""input"": ""frozen/state_stage_costs.csv"", ""json_pointer"": null, ""row_index_zero_based"": 27, ""sha256"": ""cacc78e1cf2baf402aaffd9ed8a6a22f95e9b2928385150eff907236f1b29293""}",
a17_closure_locked_validation_continuation_v1_2004_abb477d73a064ae1b10a355cc1b6faf7,"Nested state stage, do not add to occupied attempt wall",frozen,33.844495700031985,,"{""input"": ""frozen/state_stage_costs.csv"", ""json_pointer"": null, ""row_index_zero_based"": 28, ""sha256"": ""cacc78e1cf2baf402aaffd9ed8a6a22f95e9b2928385150eff907236f1b29293""}",
a17_closure_locked_validation_continuation_v1_2004_abb477d73a064ae1b10a355cc1b6faf7,"Nested state stage, do not add to occupied attempt wall",frozen,34.23363889998291,,"{""input"": ""frozen/state_stage_costs.csv"", ""json_pointer"": null, ""row_index_zero_based"": 29, ""sha256"": ""cacc78e1cf2baf402aaffd9ed8a6a22f95e9b2928385150eff907236f1b29293""}",
a17_closure_locked_validation_continuation_v1_2005_92e605d173434ee8851cdcb9d151a257,"Nested state stage, do not add to occupied attempt wall",frozen,25.706243900000118,,"{""input"": ""frozen/state_stage_costs.csv"", ""json_pointer"": null, ""row_index_zero_based"": 30, ""sha256"": ""cacc78e1cf2baf402aaffd9ed8a6a22f95e9b2928385150eff907236f1b29293""}",
a17_closure_locked_validation_continuation_v1_2005_92e605d173434ee8851cdcb9d151a257,"Nested state stage, do not add to occupied attempt wall",frozen,27.491706700006034,,"{""input"": ""frozen/state_stage_costs.csv"", ""json_pointer"": null, ""row_index_zero_based"": 31, ""sha256"": ""cacc78e1cf2baf402aaffd9ed8a6a22f95e9b2928385150eff907236f1b29293""}",
a17_closure_locked_validation_continuation_v1_2005_92e605d173434ee8851cdcb9d151a257,"Nested state stage, do not add to occupied attempt wall",frozen,27.145814099989366,,"{""input"": ""frozen/state_stage_costs.csv"", ""json_pointer"": null, ""row_index_zero_based"": 32, ""sha256"": ""cacc78e1cf2baf402aaffd9ed8a6a22f95e9b2928385150eff907236f1b29293""}",
a17_closure_locked_validation_continuation_v1_2006_858bf52a07154e46996f117b114eeaef,"Nested state stage, do not add to occupied attempt wall",frozen,34.33661289996235,,"{""input"": ""frozen/state_stage_costs.csv"", ""json_pointer"": null, ""row_index_zero_based"": 33, ""sha256"": ""cacc78e1cf2baf402aaffd9ed8a6a22f95e9b2928385150eff907236f1b29293""}",
a17_closure_locked_validation_continuation_v1_2006_858bf52a07154e46996f117b114eeaef,"Nested state stage, do not add to occupied attempt wall",frozen,34.03581619996112,,"{""input"": ""frozen/state_stage_costs.csv"", ""json_pointer"": null, ""row_index_zero_based"": 34, ""sha256"": ""cacc78e1cf2baf402aaffd9ed8a6a22f95e9b2928385150eff907236f1b29293""}",
a17_closure_locked_validation_continuation_v1_2006_858bf52a07154e46996f117b114eeaef,"Nested state stage, do not add to occupied attempt wall",frozen,33.816240299958736,,"{""input"": ""frozen/state_stage_costs.csv"", ""json_pointer"": null, ""row_index_zero_based"": 35, ""sha256"": ""cacc78e1cf2baf402aaffd9ed8a6a22f95e9b2928385150eff907236f1b29293""}",
a17_closure_locked_validation_continuation_v1_2008_ec18dd78aa984bef83c87fc401c03e68,"Nested state stage, do not add to occupied attempt wall",frozen,33.92564219998894,,"{""input"": ""frozen/state_stage_costs.csv"", ""json_pointer"": null, ""row_index_zero_based"": 36, ""sha256"": ""cacc78e1cf2baf402aaffd9ed8a6a22f95e9b2928385150eff907236f1b29293""}",
a17_closure_locked_validation_continuation_v1_2008_ec18dd78aa984bef83c87fc401c03e68,"Nested state stage, do not add to occupied attempt wall",frozen,33.905694300017785,,"{""input"": ""frozen/state_stage_costs.csv"", ""json_pointer"": null, ""row_index_zero_based"": 37, ""sha256"": ""cacc78e1cf2baf402aaffd9ed8a6a22f95e9b2928385150eff907236f1b29293""}",
a17_closure_locked_validation_continuation_v1_2008_ec18dd78aa984bef83c87fc401c03e68,"Nested state stage, do not add to occupied attempt wall",frozen,34.244721599970944,,"{""input"": ""frozen/state_stage_costs.csv"", ""json_pointer"": null, ""row_index_zero_based"": 38, ""sha256"": ""cacc78e1cf2baf402aaffd9ed8a6a22f95e9b2928385150eff907236f1b29293""}",
a17_closure_locked_validation_continuation_v1_2009_a849071e93854311b14c0f3374326e40,"Nested state stage, do not add to occupied attempt wall",frozen,26.956955100002233,,"{""input"": ""frozen/state_stage_costs.csv"", ""json_pointer"": null, ""row_index_zero_based"": 39, ""sha256"": ""cacc78e1cf2baf402aaffd9ed8a6a22f95e9b2928385150eff907236f1b29293""}",
a17_closure_locked_validation_continuation_v1_2009_a849071e93854311b14c0f3374326e40,"Nested state stage, do not add to occupied attempt wall",frozen,27.32766279997304,,"{""input"": ""frozen/state_stage_costs.csv"", ""json_pointer"": null, ""row_index_zero_based"": 40, ""sha256"": ""cacc78e1cf2baf402aaffd9ed8a6a22f95e9b2928385150eff907236f1b29293""}",
a17_closure_locked_validation_continuation_v1_2009_a849071e93854311b14c0f3374326e40,"Nested state stage, do not add to occupied attempt wall",frozen,26.774418500019237,,"{""input"": ""frozen/state_stage_costs.csv"", ""json_pointer"": null, ""row_index_zero_based"": 41, ""sha256"": ""cacc78e1cf2baf402aaffd9ed8a6a22f95e9b2928385150eff907236f1b29293""}",
a17_closure_locked_validation_continuation_v1_2010_167ddd9956d4416ead95ca711b1c5b13,"Nested state stage, do not add to occupied attempt wall",frozen,33.76834120001877,,"{""input"": ""frozen/state_stage_costs.csv"", ""json_pointer"": null, ""row_index_zero_based"": 42, ""sha256"": ""cacc78e1cf2baf402aaffd9ed8a6a22f95e9b2928385150eff907236f1b29293""}",
a17_closure_locked_validation_continuation_v1_2010_167ddd9956d4416ead95ca711b1c5b13,"Nested state stage, do not add to occupied attempt wall",frozen,34.01786149997497,,"{""input"": ""frozen/state_stage_costs.csv"", ""json_pointer"": null, ""row_index_zero_based"": 43, ""sha256"": ""cacc78e1cf2baf402aaffd9ed8a6a22f95e9b2928385150eff907236f1b29293""}",
a17_closure_locked_validation_continuation_v1_2010_167ddd9956d4416ead95ca711b1c5b13,"Nested state stage, do not add to occupied attempt wall",frozen,33.933648200007156,,"{""input"": ""frozen/state_stage_costs.csv"", ""json_pointer"": null, ""row_index_zero_based"": 44, ""sha256"": ""cacc78e1cf2baf402aaffd9ed8a6a22f95e9b2928385150eff907236f1b29293""}",
a17_closure_locked_validation_continuation_v1_2011_7dab4fa1f0964848bdbef12aebd1eeac,"Nested state stage, do not add to occupied attempt wall",frozen,25.85488009999972,,"{""input"": ""frozen/state_stage_costs.csv"", ""json_pointer"": null, ""row_index_zero_based"": 45, ""sha256"": ""cacc78e1cf2baf402aaffd9ed8a6a22f95e9b2928385150eff907236f1b29293""}",
a17_closure_locked_validation_continuation_v1_2011_7dab4fa1f0964848bdbef12aebd1eeac,"Nested state stage, do not add to occupied attempt wall",frozen,24.771928899979685,,"{""input"": ""frozen/state_stage_costs.csv"", ""json_pointer"": null, ""row_index_zero_based"": 46, ""sha256"": ""cacc78e1cf2baf402aaffd9ed8a6a22f95e9b2928385150eff907236f1b29293""}",
a17_closure_locked_validation_continuation_v1_2011_7dab4fa1f0964848bdbef12aebd1eeac,"Nested state stage, do not add to occupied attempt wall",frozen,27.390574800025206,,"{""input"": ""frozen/state_stage_costs.csv"", ""json_pointer"": null, ""row_index_zero_based"": 47, ""sha256"": ""cacc78e1cf2baf402aaffd9ed8a6a22f95e9b2928385150eff907236f1b29293""}",
a17_closure_locked_validation_continuation_v1_2013_258c710f6fc64761805c7d5a5cf78e31,"Nested state stage, do not add to occupied attempt wall",frozen,26.0907242000103,,"{""input"": ""frozen/state_stage_costs.csv"", ""json_pointer"": null, ""row_index_zero_based"": 48, ""sha256"": ""cacc78e1cf2baf402aaffd9ed8a6a22f95e9b2928385150eff907236f1b29293""}",
a17_closure_locked_validation_continuation_v1_2013_258c710f6fc64761805c7d5a5cf78e31,"Nested state stage, do not add to occupied attempt wall",frozen,27.137049700017087,,"{""input"": ""frozen/state_stage_costs.csv"", ""json_pointer"": null, ""row_index_zero_based"": 49, ""sha256"": ""cacc78e1cf2baf402aaffd9ed8a6a22f95e9b2928385150eff907236f1b29293""}",
a17_closure_locked_validation_continuation_v1_2013_258c710f6fc64761805c7d5a5cf78e31,"Nested state stage, do not add to occupied attempt wall",frozen,26.796677900012583,,"{""input"": ""frozen/state_stage_costs.csv"", ""json_pointer"": null, ""row_index_zero_based"": 50, ""sha256"": ""cacc78e1cf2baf402aaffd9ed8a6a22f95e9b2928385150eff907236f1b29293""}",
a17_closure_locked_validation_continuation_v1_2016_04a22623ea944b76a824ae6aa4285358,"Nested state stage, do not add to occupied attempt wall",frozen,32.055119599972386,,"{""input"": ""frozen/state_stage_costs.csv"", ""json_pointer"": null, ""row_index_zero_based"": 51, ""sha256"": ""cacc78e1cf2baf402aaffd9ed8a6a22f95e9b2928385150eff907236f1b29293""}",
a17_closure_locked_validation_continuation_v1_2016_04a22623ea944b76a824ae6aa4285358,"Nested state stage, do not add to occupied attempt wall",frozen,33.08584710001014,,"{""input"": ""frozen/state_stage_costs.csv"", ""json_pointer"": null, ""row_index_zero_based"": 52, ""sha256"": ""cacc78e1cf2baf402aaffd9ed8a6a22f95e9b2928385150eff907236f1b29293""}",
a17_closure_locked_validation_v1_2002_e3dd53c45173436b8006b14e4a049be2,"Nested state stage, do not add to occupied attempt wall",frozen,57.548638300038874,,"{""input"": ""frozen/state_stage_costs.csv"", ""json_pointer"": null, ""row_index_zero_based"": 53, ""sha256"": ""cacc78e1cf2baf402aaffd9ed8a6a22f95e9b2928385150eff907236f1b29293""}",
a17_closure_locked_validation_v1_2002_e3dd53c45173436b8006b14e4a049be2,"Nested state stage, do not add to occupied attempt wall",frozen,34.11322170001222,,"{""input"": ""frozen/state_stage_costs.csv"", ""json_pointer"": null, ""row_index_zero_based"": 54, ""sha256"": ""cacc78e1cf2baf402aaffd9ed8a6a22f95e9b2928385150eff907236f1b29293""}",
a17_closure_locked_validation_v1_2002_e3dd53c45173436b8006b14e4a049be2,"Nested state stage, do not add to occupied attempt wall",frozen,34.37440109997988,,"{""input"": ""frozen/state_stage_costs.csv"", ""json_pointer"": null, ""row_index_zero_based"": 55, ""sha256"": ""cacc78e1cf2baf402aaffd9ed8a6a22f95e9b2928385150eff907236f1b29293""}",
a17_closure_replay_remaining_v2_2001_7016d76662014c3d98910ea298dfe051,"Nested state stage, do not add to occupied attempt wall",frozen,14.948935099993832,,"{""input"": ""frozen/state_stage_costs.csv"", ""json_pointer"": null, ""row_index_zero_based"": 56, ""sha256"": ""cacc78e1cf2baf402aaffd9ed8a6a22f95e9b2928385150eff907236f1b29293""}",
a17_closure_replay_remaining_v2_2001_7016d76662014c3d98910ea298dfe051,"Nested state stage, do not add to occupied attempt wall",frozen,13.843406200001482,,"{""input"": ""frozen/state_stage_costs.csv"", ""json_pointer"": null, ""row_index_zero_based"": 57, ""sha256"": ""cacc78e1cf2baf402aaffd9ed8a6a22f95e9b2928385150eff907236f1b29293""}",
a17_closure_replay_remaining_v2_2001_7016d76662014c3d98910ea298dfe051,"Nested state stage, do not add to occupied attempt wall",frozen,15.09829069999978,,"{""input"": ""frozen/state_stage_costs.csv"", ""json_pointer"": null, ""row_index_zero_based"": 58, ""sha256"": ""cacc78e1cf2baf402aaffd9ed8a6a22f95e9b2928385150eff907236f1b29293""}",
a17_closure_replay_remaining_v2_2012_779a36662bac440aa852f9ff678d7168,"Nested state stage, do not add to occupied attempt wall",frozen,21.568251899967436,,"{""input"": ""frozen/state_stage_costs.csv"", ""json_pointer"": null, ""row_index_zero_based"": 59, ""sha256"": ""cacc78e1cf2baf402aaffd9ed8a6a22f95e9b2928385150eff907236f1b29293""}",
a17_closure_replay_remaining_v2_2012_779a36662bac440aa852f9ff678d7168,"Nested state stage, do not add to occupied attempt wall",frozen,21.204818699974567,,"{""input"": ""frozen/state_stage_costs.csv"", ""json_pointer"": null, ""row_index_zero_based"": 60, ""sha256"": ""cacc78e1cf2baf402aaffd9ed8a6a22f95e9b2928385150eff907236f1b29293""}",
a17_closure_replay_remaining_v2_2012_779a36662bac440aa852f9ff678d7168,"Nested state stage, do not add to occupied attempt wall",frozen,21.086218899989035,,"{""input"": ""frozen/state_stage_costs.csv"", ""json_pointer"": null, ""row_index_zero_based"": 61, ""sha256"": ""cacc78e1cf2baf402aaffd9ed8a6a22f95e9b2928385150eff907236f1b29293""}",
a17_closure_replay_remaining_v2_2014_ae31117d083b4246a36e7125d4593113,"Nested state stage, do not add to occupied attempt wall",frozen,21.139062799979,,"{""input"": ""frozen/state_stage_costs.csv"", ""json_pointer"": null, ""row_index_zero_based"": 62, ""sha256"": ""cacc78e1cf2baf402aaffd9ed8a6a22f95e9b2928385150eff907236f1b29293""}",
a17_closure_replay_remaining_v2_2014_ae31117d083b4246a36e7125d4593113,"Nested state stage, do not add to occupied attempt wall",frozen,20.657493100035936,,"{""input"": ""frozen/state_stage_costs.csv"", ""json_pointer"": null, ""row_index_zero_based"": 63, ""sha256"": ""cacc78e1cf2baf402aaffd9ed8a6a22f95e9b2928385150eff907236f1b29293""}",
a17_closure_replay_remaining_v2_2014_ae31117d083b4246a36e7125d4593113,"Nested state stage, do not add to occupied attempt wall",frozen,21.190709699993022,,"{""input"": ""frozen/state_stage_costs.csv"", ""json_pointer"": null, ""row_index_zero_based"": 64, ""sha256"": ""cacc78e1cf2baf402aaffd9ed8a6a22f95e9b2928385150eff907236f1b29293""}",
a17_closure_replay_2007_v2_e219059d9d3b4362886a47dcff3da659,"Nested state stage, do not add to occupied attempt wall",frozen,15.153148800018243,,"{""input"": ""frozen/state_stage_costs.csv"", ""json_pointer"": null, ""row_index_zero_based"": 65, ""sha256"": ""cacc78e1cf2baf402aaffd9ed8a6a22f95e9b2928385150eff907236f1b29293""}",
a17_closure_replay_2007_v2_e219059d9d3b4362886a47dcff3da659,"Nested state stage, do not add to occupied attempt wall",frozen,15.214926500048023,,"{""input"": ""frozen/state_stage_costs.csv"", ""json_pointer"": null, ""row_index_zero_based"": 66, ""sha256"": ""cacc78e1cf2baf402aaffd9ed8a6a22f95e9b2928385150eff907236f1b29293""}",
a17_closure_replay_2007_v2_e219059d9d3b4362886a47dcff3da659,"Nested state stage, do not add to occupied attempt wall",frozen,14.078116799995769,,"{""input"": ""frozen/state_stage_costs.csv"", ""json_pointer"": null, ""row_index_zero_based"": 67, ""sha256"": ""cacc78e1cf2baf402aaffd9ed8a6a22f95e9b2928385150eff907236f1b29293""}",
a17_closure_nonlinear_v1_2002_receiver_only_910764a65cbe43cd8e5dd7322e831a92,"Occupied attempt, including failure; nested child/stage walls not additive",nonlinear,,220.875,"{""input"": ""nonlinear/FULL_CHARGES.json"", ""json_pointer"": ""/occupation_attempts/0"", ""row_index_zero_based"": null, ""sha256"": ""f6e4e46e1555249403dcf43c1eb0e5432a9417d3e4635b632947d70384999e4a""}","{""attempt"": ""a17_closure_nonlinear_v1_2002_receiver_only_910764a65cbe43cd8e5dd7322e831a92"", ""exit_code"": 0, ""object_id"": 2002, ""occupation_s"": 220.875, ""peak_device_used_mib"": 2690.0, ""policy"": ""receiver_only"", ""stop_reason"": null}"
a17_closure_nonlinear_v1_2002_verified_exchange_f17b8e9994694e0092af710bab4a1168,"Occupied attempt, including failure; nested child/stage walls not additive",nonlinear,,584.5160000000033,"{""input"": ""nonlinear/FULL_CHARGES.json"", ""json_pointer"": ""/occupation_attempts/1"", ""row_index_zero_based"": null, ""sha256"": ""f6e4e46e1555249403dcf43c1eb0e5432a9417d3e4635b632947d70384999e4a""}","{""attempt"": ""a17_closure_nonlinear_v1_2002_verified_exchange_f17b8e9994694e0092af710bab4a1168"", ""exit_code"": 0, ""object_id"": 2002, ""occupation_s"": 584.5160000000033, ""peak_device_used_mib"": 2692.0, ""policy"": ""verified_exchange"", ""stop_reason"": null}"
a17_closure_nonlinear_v1_2005_receiver_only_6f6159fb7fd54b7587d2802913f68aa6,"Occupied attempt, including failure; nested child/stage walls not additive",nonlinear,,411.84399999998277,"{""input"": ""nonlinear/FULL_CHARGES.json"", ""json_pointer"": ""/occupation_attempts/2"", ""row_index_zero_based"": null, ""sha256"": ""f6e4e46e1555249403dcf43c1eb0e5432a9417d3e4635b632947d70384999e4a""}","{""attempt"": ""a17_closure_nonlinear_v1_2005_receiver_only_6f6159fb7fd54b7587d2802913f68aa6"", ""exit_code"": 0, ""object_id"": 2005, ""occupation_s"": 411.84399999998277, ""peak_device_used_mib"": 2688.0, ""policy"": ""receiver_only"", ""stop_reason"": null}"
a17_closure_nonlinear_v1_2005_verified_exchange_07414c479de94bc0b7792cc6fa57aae3,"Occupied attempt, including failure; nested child/stage walls not additive",nonlinear,,714.5929999999935,"{""input"": ""nonlinear/FULL_CHARGES.json"", ""json_pointer"": ""/occupation_attempts/3"", ""row_index_zero_based"": null, ""sha256"": ""f6e4e46e1555249403dcf43c1eb0e5432a9417d3e4635b632947d70384999e4a""}","{""attempt"": ""a17_closure_nonlinear_v1_2005_verified_exchange_07414c479de94bc0b7792cc6fa57aae3"", ""exit_code"": 0, ""object_id"": 2005, ""occupation_s"": 714.5929999999935, ""peak_device_used_mib"": 2690.0, ""policy"": ""verified_exchange"", ""stop_reason"": null}"
a17_closure_nonlinear_v1_2009_receiver_only_4d0dc3edd0284636a03aa02ee9e5cbcd,"Occupied attempt, including failure; nested child/stage walls not additive",nonlinear,,410.73500000004424,"{""input"": ""nonlinear/FULL_CHARGES.json"", ""json_pointer"": ""/occupation_attempts/4"", ""row_index_zero_based"": null, ""sha256"": ""f6e4e46e1555249403dcf43c1eb0e5432a9417d3e4635b632947d70384999e4a""}","{""attempt"": ""a17_closure_nonlinear_v1_2009_receiver_only_4d0dc3edd0284636a03aa02ee9e5cbcd"", ""exit_code"": 0, ""object_id"": 2009, ""occupation_s"": 410.73500000004424, ""peak_device_used_mib"": 2688.0, ""policy"": ""receiver_only"", ""stop_reason"": null}"
a17_closure_nonlinear_v1_2009_verified_exchange_a3ab37d3850b4c7982b715fcfb1d9f68,"Occupied attempt, including failure; nested child/stage walls not additive",nonlinear,,596.5149999999558,"{""input"": ""nonlinear/FULL_CHARGES.json"", ""json_pointer"": ""/occupation_attempts/5"", ""row_index_zero_based"": null, ""sha256"": ""f6e4e46e1555249403dcf43c1eb0e5432a9417d3e4635b632947d70384999e4a""}","{""attempt"": ""a17_closure_nonlinear_v1_2009_verified_exchange_a3ab37d3850b4c7982b715fcfb1d9f68"", ""exit_code"": 0, ""object_id"": 2009, ""occupation_s"": 596.5149999999558, ""peak_device_used_mib"": 2690.0, ""policy"": ""verified_exchange"", ""stop_reason"": null}"
a17_closure_nonlinear_v1_2016_verified_exchange_247713608a8d47efa1adb70280446bce,"Occupied attempt, including failure; nested child/stage walls not additive",nonlinear,,765.5929999999935,"{""input"": ""nonlinear/FULL_CHARGES.json"", ""json_pointer"": ""/occupation_attempts/6"", ""row_index_zero_based"": null, ""sha256"": ""f6e4e46e1555249403dcf43c1eb0e5432a9417d3e4635b632947d70384999e4a""}","{""attempt"": ""a17_closure_nonlinear_v1_2016_verified_exchange_247713608a8d47efa1adb70280446bce"", ""exit_code"": 1, ""object_id"": 2016, ""occupation_s"": 765.5929999999935, ""peak_device_used_mib"": 2692.0, ""policy"": ""verified_exchange"", ""stop_reason"": null}"
