binding_status,directory,errors,object_id,phase,state_status
INVALID_BINDINGS,results/offline_coverage_v2/object_2002/early,"[""saved binding mismatch: code\\closure_runtime.py""]",2002,early,COMPLETED
INVALID_BINDINGS,results/offline_coverage_v2/object_2002/middle,"[""saved binding mismatch: code\\closure_runtime.py""]",2002,middle,COMPLETED
INVALID_BINDINGS,results/offline_coverage_v2/object_2002/late,"[""saved binding mismatch: code\\closure_runtime.py""]",2002,late,COMPLETED
INVALID_BINDINGS,results/offline_coverage_v2/object_2003/early,"[""saved binding mismatch: code\\closure_runtime.py""]",2003,early,COMPLETED
INVALID_BINDINGS,results/offline_coverage_v2/object_2003/middle,"[""saved binding mismatch: code\\closure_runtime.py""]",2003,middle,COMPLETED
INVALID_BINDINGS,results/offline_coverage_v2/object_2003/late,"[""saved binding mismatch: code\\closure_runtime.py""]",2003,late,COMPLETED
INVALID_BINDINGS,results/offline_coverage_v2/object_2004/early,"[""saved binding mismatch: code\\closure_runtime.py""]",2004,early,COMPLETED
INVALID_BINDINGS,results/offline_coverage_v2/object_2004/middle,"[""saved binding mismatch: code\\closure_runtime.py""]",2004,middle,COMPLETED
INVALID_BINDINGS,results/offline_coverage_v2/object_2004/late,"[""saved binding mismatch: code\\closure_runtime.py""]",2004,late,COMPLETED
INVALID_BINDINGS,results/offline_coverage_v2/object_2005/early,"[""saved binding mismatch: code\\closure_runtime.py""]",2005,early,COMPLETED
INVALID_BINDINGS,results/offline_coverage_v2/object_2005/middle,"[""saved binding mismatch: code\\closure_runtime.py""]",2005,middle,COMPLETED
INVALID_BINDINGS,results/offline_coverage_v2/object_2005/late,"[""saved binding mismatch: code\\closure_runtime.py""]",2005,late,COMPLETED
INVALID_BINDINGS,results/offline_coverage_v2/object_2006/early,"[""saved binding mismatch: code\\closure_runtime.py""]",2006,early,COMPLETED
INVALID_BINDINGS,results/offline_coverage_v2/object_2006/middle,"[""saved binding mismatch: code\\closure_runtime.py""]",2006,middle,COMPLETED
INVALID_BINDINGS,results/offline_coverage_v2/object_2006/late,"[""saved binding mismatch: code\\closure_runtime.py""]",2006,late,COMPLETED
INVALID_BINDINGS,results/offline_coverage_v2/object_2008/early,"[""saved binding mismatch: code\\closure_runtime.py""]",2008,early,COMPLETED
INVALID_BINDINGS,results/offline_coverage_v2/object_2008/middle,"[""saved binding mismatch: code\\closure_runtime.py""]",2008,middle,COMPLETED
INVALID_BINDINGS,results/offline_coverage_v2/object_2008/late,"[""saved binding mismatch: code\\closure_runtime.py""]",2008,late,COMPLETED
INVALID_BINDINGS,results/offline_coverage_v2/object_2009/early,"[""saved binding mismatch: code\\closure_runtime.py""]",2009,early,COMPLETED
INVALID_BINDINGS,results/offline_coverage_v2/object_2009/middle,"[""saved binding mismatch: code\\closure_runtime.py""]",2009,middle,COMPLETED
INVALID_BINDINGS,results/offline_coverage_v2/object_2009/late,"[""saved binding mismatch: code\\closure_runtime.py""]",2009,late,COMPLETED
INVALID_BINDINGS,results/offline_coverage_v2/object_2010/early,"[""saved binding mismatch: code\\closure_runtime.py""]",2010,early,COMPLETED
INVALID_BINDINGS,results/offline_coverage_v2/object_2010/middle,"[""saved binding mismatch: code\\closure_runtime.py""]",2010,middle,COMPLETED
INVALID_BINDINGS,results/offline_coverage_v2/object_2010/late,"[""saved binding mismatch: code\\closure_runtime.py""]",2010,late,COMPLETED
INVALID_BINDINGS,results/offline_coverage_v2/object_2011/early,"[""saved binding mismatch: code\\closure_runtime.py""]",2011,early,COMPLETED
INVALID_BINDINGS,results/offline_coverage_v2/object_2011/middle,"[""saved binding mismatch: code\\closure_runtime.py""]",2011,middle,COMPLETED
INVALID_BINDINGS,results/offline_coverage_v2/object_2011/late,"[""saved binding mismatch: code\\closure_runtime.py""]",2011,late,COMPLETED
INVALID_BINDINGS,results/offline_coverage_v2/object_2013/early,"[""saved binding mismatch: code\\closure_runtime.py""]",2013,early,COMPLETED
INVALID_BINDINGS,results/offline_coverage_v2/object_2013/middle,"[""saved binding mismatch: code\\closure_runtime.py""]",2013,middle,COMPLETED
INVALID_BINDINGS,results/offline_coverage_v2/object_2013/late,"[""saved binding mismatch: code\\closure_runtime.py""]",2013,late,COMPLETED
INVALID_BINDINGS,results/offline_coverage_v2/object_2016/early,"[""saved binding mismatch: code\\closure_runtime.py""]",2016,early,COMPLETED
INVALID_BINDINGS,results/offline_coverage_v2/object_2016/middle,"[""saved binding mismatch: code\\closure_runtime.py""]",2016,middle,COMPLETED
FIXED_PREREQUISITE_EXCLUSION_VERIFIED,results/offline_coverage_v2/object_2016/late,[],2016,late,NOT_RUN_PRIMARY_INCOMPLETE
