scope,object,policy,cells,expected_cells,coverage_status,sum_positive_gain,sum_original_positive_gain,object_gain_retention,avg_Jd,max_Jd,incremental_online_wall_n,incremental_online_wall_sum_s,incremental_online_wall_median_s,max_abs_risk_identity_error,max_abs_telescoping_gain_error,gate_decision
closure_saved_frozen,2002,original_top2_cap3,9,9,COMPLETE_MEASUREMENT_GRID,0.000494804985490041,0.000494804985490041,1.0,5.333333333333333,6,9,24.329715599888004,2.5493306000134908,2.0713600299067067e-20,1.2197274440461925e-19,OWNER_NOT_ASSIGNED
closure_saved_frozen,2009,original_top2_cap3,9,9,COMPLETE_MEASUREMENT_GRID,0.0012145040734238227,0.0012145040734238227,1.0,5.777777777777778,6,9,16.098621299955994,1.3999867000384256,9.620275395132042e-20,3.5236570605778894e-19,OWNER_NOT_ASSIGNED
eff_frozen,2002,original_top2_cap3,9,9,COMPLETE_MEASUREMENT_GRID,0.000494804985490041,0.000494804985490041,1.0,5.333333333333333,6,9,21.70556149998447,2.2636912000598386,2.0713600299067067e-20,1.2197274440461925e-19,OWNER_NOT_ASSIGNED
eff_frozen,2002,top1_cap1,9,9,COMPLETE_MEASUREMENT_GRID,0.0004634654059844451,0.000494804985490041,0.9366627652820474,1,1,9,7.933203800057527,0.7216652000206523,2.0713600299067067e-20,1.0842021724855044e-19,OWNER_NOT_ASSIGNED
eff_frozen,2002,top1_cap2,9,9,COMPLETE_MEASUREMENT_GRID,0.0004879102323399515,0.000494804985490041,0.9860657160855785,2,2,9,14.61785399983637,1.358659900026396,2.0713600299067067e-20,1.0842021724855044e-19,OWNER_NOT_ASSIGNED
eff_frozen,2002,top1_cap3,9,9,COMPLETE_MEASUREMENT_GRID,0.0004948818913127672,0.000494804985490041,1.0001554265316264,2.6666666666666665,3,9,18.823442600143608,1.9188346000155434,2.0713600299067067e-20,1.0842021724855044e-19,OWNER_NOT_ASSIGNED
eff_frozen,2002,top2_cap1,9,9,COMPLETE_MEASUREMENT_GRID,0.00046386527538392816,0.000494804985490041,0.9374709006307385,2,2,9,8.352060600067489,0.8110034000128508,2.0713600299067067e-20,9.825582188149884e-20,OWNER_NOT_ASSIGNED
eff_frozen,2009,original_top2_cap3,9,9,COMPLETE_MEASUREMENT_GRID,0.0012145040734238227,0.0012145040734238227,1.0,5.777777777777778,6,9,15.483440400043037,1.368273500003852,9.620275395132042e-20,3.2526065174565133e-19,OWNER_NOT_ASSIGNED
eff_frozen,2009,top1_cap1,9,9,COMPLETE_MEASUREMENT_GRID,0.0009406819702696738,0.0012145040734238227,0.7745399878468799,1,1,9,5.045090600207914,0.42832310002995655,9.620275395132042e-20,6.776263578034403e-20,OWNER_NOT_ASSIGNED
eff_frozen,2009,top1_cap2,9,9,COMPLETE_MEASUREMENT_GRID,0.001205477088757163,0.0012145040734238227,0.9925673492051684,1.8888888888888888,2,9,8.70109070010949,0.8320546000613831,9.620275395132042e-20,5.421010862427522e-20,OWNER_NOT_ASSIGNED
eff_frozen,2009,top1_cap3,9,9,COMPLETE_MEASUREMENT_GRID,0.0012148408033862796,0.0012145040734238227,1.0002772571700873,2.5555555555555554,3,9,10.817001900053583,1.125285999965854,9.620275395132042e-20,5.421010862427522e-20,OWNER_NOT_ASSIGNED
eff_frozen,2009,top2_cap1,9,9,COMPLETE_MEASUREMENT_GRID,0.0009466099553967654,0.0012145040734238227,0.7794209802262467,2,2,9,6.023168999876361,0.5483140999567695,9.620275395132042e-20,2.710505431213761e-19,OWNER_NOT_ASSIGNED
