scope,object,phase,k,policy,source,result_sha256,cell_payload_sha256,status,gain,sum_positive_accepted_gain,gain_retention,baseline_gain,Jd_directions,Jx_directions,Jd_physical_rhs,Jx_physical_rhs,total_tangent_rhs,incremental_online_wall_s,cost_scope,standalone_cold_wall_s,accepted_count,receiver_full_gap,final_full_gap,receiver_risk_identity_error,final_risk_identity_error,telescoping_gain_identity_error,reference_gradient_relative_residual,gradient_scope,gradient_at_x_available,quality_material_error,constraints_violated,gate_decision
eff_frozen,2002,early,4,original_top2_cap3,evidence/final_snapshot/results/frozen_pilot_v1/object_2002/result.json,3ac7c09a6329cbb10dd00ab2ff877fe54c1ed515ab4643eade91603375ac737d,8ae4f21790be187ac1a6c5b1b21d36771abe54e29f2be2617dc83dea80228523,MEASURED,0.0003429832355407844,0.0003429832355407844,1.0,0.0003429832355407844,4,1,24,6,30,1.7817296999855898,PERSISTED_PUBLIC_MAPS_NOT_COLD,,1,0.0006891547974062239,0.0003461715618654395,-3.1648077343060444e-21,-2.0713600299067067e-20,0.0,6.470350573453869e-12,g(0) only; g(x) NOT_SAVED,False,0.4976448431133674,True,OWNER_NOT_ASSIGNED
eff_frozen,2002,early,4,top1_cap3,evidence/final_snapshot/results/frozen_pilot_v1/object_2002/result.json,3ac7c09a6329cbb10dd00ab2ff877fe54c1ed515ab4643eade91603375ac737d,d4b6200f403cc1e4ade156b2adb3d12deec4a7e6b9791f25f7cabe8b2c41f659,MEASURED,0.0003429832355407844,0.0003429832355407843,0.9999999999999997,0.0003429832355407844,2,1,12,6,18,0.7346722999936901,PERSISTED_PUBLIC_MAPS_NOT_COLD,,1,0.0006891547974062239,0.0003461715618654395,-3.1648077343060444e-21,-2.0713600299067067e-20,1.0842021724855044e-19,6.470350573453869e-12,g(0) only; g(x) NOT_SAVED,False,0.4976448431133674,True,OWNER_NOT_ASSIGNED
eff_frozen,2002,early,4,top2_cap1,evidence/final_snapshot/results/frozen_pilot_v1/object_2002/result.json,3ac7c09a6329cbb10dd00ab2ff877fe54c1ed515ab4643eade91603375ac737d,6ebbf68d710290f4516e4daa5d8aedd92a9f3e6fb82a5a6aebceae397b861470,MEASURED,0.0003429832355407844,0.0003429832355407844,1.0,0.0003429832355407844,2,1,12,6,18,0.49660410004435107,PERSISTED_PUBLIC_MAPS_NOT_COLD,,1,0.0006891547974062239,0.0003461715618654395,-3.1648077343060444e-21,-2.0713600299067067e-20,0.0,6.470350573453869e-12,g(0) only; g(x) NOT_SAVED,False,0.4976448431133674,True,OWNER_NOT_ASSIGNED
eff_frozen,2002,early,4,top1_cap1,evidence/final_snapshot/results/frozen_pilot_v1/object_2002/result.json,3ac7c09a6329cbb10dd00ab2ff877fe54c1ed515ab4643eade91603375ac737d,d1e7e98f5a0cb27e95292bfb9f5b72b99a881849b4756ef2a2921d06bcb89e3e,MEASURED,0.0003429832355407844,0.0003429832355407843,0.9999999999999997,0.0003429832355407844,1,1,6,6,12,0.45390219998080283,PERSISTED_PUBLIC_MAPS_NOT_COLD,,1,0.0006891547974062239,0.0003461715618654395,-3.1648077343060444e-21,-2.0713600299067067e-20,1.0842021724855044e-19,6.470350573453869e-12,g(0) only; g(x) NOT_SAVED,False,0.4976448431133674,True,OWNER_NOT_ASSIGNED
eff_frozen,2002,early,4,top1_cap2,evidence/final_snapshot/results/frozen_pilot_v1/object_2002/result.json,3ac7c09a6329cbb10dd00ab2ff877fe54c1ed515ab4643eade91603375ac737d,8378818ade97481b00fdbfaf283cfb2bc5ad640499a0cc3ac6ad28d7cf837aff,MEASURED,0.0003429832355407844,0.0003429832355407843,0.9999999999999997,0.0003429832355407844,2,1,12,6,18,0.7783590999897569,PERSISTED_PUBLIC_MAPS_NOT_COLD,,1,0.0006891547974062239,0.0003461715618654395,-3.1648077343060444e-21,-2.0713600299067067e-20,1.0842021724855044e-19,6.470350573453869e-12,g(0) only; g(x) NOT_SAVED,False,0.4976448431133674,True,OWNER_NOT_ASSIGNED
eff_frozen,2002,early,8,original_top2_cap3,evidence/final_snapshot/results/frozen_pilot_v1/object_2002/result.json,3ac7c09a6329cbb10dd00ab2ff877fe54c1ed515ab4643eade91603375ac737d,5efe9987204b2ce1895b4f7e422732408ad0844839734f5bb5789947f77b331e,MEASURED,1.1311589556081621e-05,1.1311589556081651e-05,1.0,1.1311589556081651e-05,4,1,24,6,30,1.533648099983111,PERSISTED_PUBLIC_MAPS_NOT_COLD,,1,0.00022409330706022818,0.00021278171750414656,1.0062784057139544e-20,1.2596217592706675e-20,-3.049318610115481e-20,6.470350573453869e-12,g(0) only; g(x) NOT_SAVED,False,0.4913776684025423,True,OWNER_NOT_ASSIGNED
eff_frozen,2002,early,8,top1_cap3,evidence/final_snapshot/results/frozen_pilot_v1/object_2002/result.json,3ac7c09a6329cbb10dd00ab2ff877fe54c1ed515ab4643eade91603375ac737d,8a61fb4e38345c5a4b79eb78a0af60dfd16a6eb563ac49cf92ba8a7854ca08a3,MEASURED,1.1311589556081621e-05,1.1311589556081663e-05,1.000000000000001,1.1311589556081651e-05,2,1,12,6,18,1.2890235999948345,PERSISTED_PUBLIC_MAPS_NOT_COLD,,1,0.00022409330706022818,0.00021278171750414656,1.0062784057139544e-20,1.2596217592706675e-20,-4.2351647362715017e-20,6.470350573453869e-12,g(0) only; g(x) NOT_SAVED,False,0.4913776684025423,True,OWNER_NOT_ASSIGNED
eff_frozen,2002,early,8,top2_cap1,evidence/final_snapshot/results/frozen_pilot_v1/object_2002/result.json,3ac7c09a6329cbb10dd00ab2ff877fe54c1ed515ab4643eade91603375ac737d,bfc8390d852e7203f1244feaf9ceebf97675df1ac8ab08396737632ae40c2b2e,MEASURED,1.1311589556081621e-05,1.1311589556081651e-05,1.0,1.1311589556081651e-05,2,1,12,6,18,0.7509297999786213,PERSISTED_PUBLIC_MAPS_NOT_COLD,,1,0.00022409330706022818,0.00021278171750414656,1.0062784057139544e-20,1.2596217592706675e-20,-3.049318610115481e-20,6.470350573453869e-12,g(0) only; g(x) NOT_SAVED,False,0.4913776684025423,True,OWNER_NOT_ASSIGNED
eff_frozen,2002,early,8,top1_cap1,evidence/final_snapshot/results/frozen_pilot_v1/object_2002/result.json,3ac7c09a6329cbb10dd00ab2ff877fe54c1ed515ab4643eade91603375ac737d,a8160d9b57ed3254d3573b364245e0c6354c636296c7bbadde423f638fde7a1e,MEASURED,1.1311589556081621e-05,1.1311589556081663e-05,1.000000000000001,1.1311589556081651e-05,1,1,6,6,12,0.7216652000206523,PERSISTED_PUBLIC_MAPS_NOT_COLD,,1,0.00022409330706022818,0.00021278171750414656,1.0062784057139544e-20,1.2596217592706675e-20,-4.2351647362715017e-20,6.470350573453869e-12,g(0) only; g(x) NOT_SAVED,False,0.4913776684025423,True,OWNER_NOT_ASSIGNED
eff_frozen,2002,early,8,top1_cap2,evidence/final_snapshot/results/frozen_pilot_v1/object_2002/result.json,3ac7c09a6329cbb10dd00ab2ff877fe54c1ed515ab4643eade91603375ac737d,f3abae8ae6f9d3877c9b977d25f08327994e5f80b9dff6e28e02ffeb17729f79,MEASURED,1.1311589556081621e-05,1.1311589556081663e-05,1.000000000000001,1.1311589556081651e-05,2,1,12,6,18,1.371132599946577,PERSISTED_PUBLIC_MAPS_NOT_COLD,,1,0.00022409330706022818,0.00021278171750414656,1.0062784057139544e-20,1.2596217592706675e-20,-4.2351647362715017e-20,6.470350573453869e-12,g(0) only; g(x) NOT_SAVED,False,0.4913776684025423,True,OWNER_NOT_ASSIGNED
eff_frozen,2002,early,16,original_top2_cap3,evidence/final_snapshot/results/frozen_pilot_v1/object_2002/result.json,3ac7c09a6329cbb10dd00ab2ff877fe54c1ed515ab4643eade91603375ac737d,2c3076b3d3ef3a0e4483e3c1bdcf2fc01e5623b5c80d1126a68e519a8c97ec38,MEASURED,1.654812772586481e-05,1.6548127725864812e-05,1.0,1.6548127725864812e-05,4,1,24,6,30,2.9117270999704488,PERSISTED_PUBLIC_MAPS_NOT_COLD,,1,5.294419605630184e-05,3.6396068330437034e-05,4.280325082497578e-22,2.9649568211645304e-21,-3.3881317890172014e-21,6.470350573453869e-12,g(0) only; g(x) NOT_SAVED,False,0.46650566219275824,True,OWNER_NOT_ASSIGNED
eff_frozen,2002,early,16,top1_cap3,evidence/final_snapshot/results/frozen_pilot_v1/object_2002/result.json,3ac7c09a6329cbb10dd00ab2ff877fe54c1ed515ab4643eade91603375ac737d,01edeec28f2f9a6f5093a194df2079c605b8d96dffaa14f17192ca778783087c,MEASURED,1.654812772586481e-05,1.6548127725864812e-05,1.0,1.6548127725864812e-05,2,1,12,6,18,2.740382799995132,PERSISTED_PUBLIC_MAPS_NOT_COLD,,1,5.294419605630184e-05,3.6396068330437034e-05,4.280325082497578e-22,2.9649568211645304e-21,-3.3881317890172014e-21,6.470350573453869e-12,g(0) only; g(x) NOT_SAVED,False,0.46650566219275824,True,OWNER_NOT_ASSIGNED
eff_frozen,2002,early,16,top2_cap1,evidence/final_snapshot/results/frozen_pilot_v1/object_2002/result.json,3ac7c09a6329cbb10dd00ab2ff877fe54c1ed515ab4643eade91603375ac737d,a2df18ff18683120c1594b4250d6fbbad0f1b395ddd1635be01c502fb750cb7a,MEASURED,1.654812772586481e-05,1.6548127725864812e-05,1.0,1.6548127725864812e-05,2,1,12,6,18,1.470604399975855,PERSISTED_PUBLIC_MAPS_NOT_COLD,,1,5.294419605630184e-05,3.6396068330437034e-05,4.280325082497578e-22,2.9649568211645304e-21,-3.3881317890172014e-21,6.470350573453869e-12,g(0) only; g(x) NOT_SAVED,False,0.46650566219275824,True,OWNER_NOT_ASSIGNED
eff_frozen,2002,early,16,top1_cap1,evidence/final_snapshot/results/frozen_pilot_v1/object_2002/result.json,3ac7c09a6329cbb10dd00ab2ff877fe54c1ed515ab4643eade91603375ac737d,2f239c75e6c7c56561e3cb31eac57d56b88d566886f3f0cdb6a8d3c3243cbf3b,MEASURED,1.654812772586481e-05,1.6548127725864812e-05,1.0,1.6548127725864812e-05,1,1,6,6,12,1.436898999963887,PERSISTED_PUBLIC_MAPS_NOT_COLD,,1,5.294419605630184e-05,3.6396068330437034e-05,4.280325082497578e-22,2.9649568211645304e-21,-3.3881317890172014e-21,6.470350573453869e-12,g(0) only; g(x) NOT_SAVED,False,0.46650566219275824,True,OWNER_NOT_ASSIGNED
eff_frozen,2002,early,16,top1_cap2,evidence/final_snapshot/results/frozen_pilot_v1/object_2002/result.json,3ac7c09a6329cbb10dd00ab2ff877fe54c1ed515ab4643eade91603375ac737d,d722f44831bdc8109a3eb07c62e27a7a1a0c2b94b6261ea88b8a608385414ce3,MEASURED,1.654812772586481e-05,1.6548127725864812e-05,1.0,1.6548127725864812e-05,2,1,12,6,18,2.746771499980241,PERSISTED_PUBLIC_MAPS_NOT_COLD,,1,5.294419605630184e-05,3.6396068330437034e-05,4.280325082497578e-22,2.9649568211645304e-21,-3.3881317890172014e-21,6.470350573453869e-12,g(0) only; g(x) NOT_SAVED,False,0.46650566219275824,True,OWNER_NOT_ASSIGNED
eff_frozen,2002,middle,4,original_top2_cap3,evidence/final_snapshot/results/frozen_pilot_v1/object_2002/result.json,3ac7c09a6329cbb10dd00ab2ff877fe54c1ed515ab4643eade91603375ac737d,4b659614b4e054eb6236ed47e64078c5ac849390ddeb6afd16b03083c84fe6ac,MEASURED,5.135427864283972e-05,5.135427864283978e-05,1.0,5.135427864283978e-05,6,1,36,6,42,1.2152996000368148,PERSISTED_PUBLIC_MAPS_NOT_COLD,,3,7.119329782337559e-05,1.9839019180535867e-05,-6.203666143617497e-21,-1.6404525469384556e-21,-6.098637220230962e-20,5.481550240597161e-12,g(0) only; g(x) NOT_SAVED,False,0.34140708163527717,True,OWNER_NOT_ASSIGNED
eff_frozen,2002,middle,4,top1_cap3,evidence/final_snapshot/results/frozen_pilot_v1/object_2002/result.json,3ac7c09a6329cbb10dd00ab2ff877fe54c1ed515ab4643eade91603375ac737d,20cf5b8c3601a9b82630820abeef1cfa9a0ae40e000bc3a0c599c351b82faccf,MEASURED,5.135427864283972e-05,5.135427864283974e-05,0.9999999999999992,5.135427864283978e-05,3,1,18,6,24,1.0606537000858225,PERSISTED_PUBLIC_MAPS_NOT_COLD,,3,7.119329782337559e-05,1.9839019180535867e-05,-6.203666143617497e-21,-1.6404525469384556e-21,-2.0328790734103208e-20,5.481550240597161e-12,g(0) only; g(x) NOT_SAVED,False,0.34140708163527717,True,OWNER_NOT_ASSIGNED
eff_frozen,2002,middle,4,top2_cap1,evidence/final_snapshot/results/frozen_pilot_v1/object_2002/result.json,3ac7c09a6329cbb10dd00ab2ff877fe54c1ed515ab4643eade91603375ac737d,1f40822df996cfa104cd3aced8e99a6ae2f8a7b293d6861409bcca7ecdcb2bbc,MEASURED,3.1975262350255904e-05,3.197526235025591e-05,0.6226406678329256,5.135427864283978e-05,2,1,12,6,18,0.5427705000038259,PERSISTED_PUBLIC_MAPS_NOT_COLD,,1,7.119329782337559e-05,3.9218035473119684e-05,-6.203666143617497e-21,-6.357503586382932e-23,-6.776263578034403e-21,5.481550240597161e-12,g(0) only; g(x) NOT_SAVED,False,0.3429430227444283,True,OWNER_NOT_ASSIGNED
eff_frozen,2002,middle,4,top1_cap1,evidence/final_snapshot/results/frozen_pilot_v1/object_2002/result.json,3ac7c09a6329cbb10dd00ab2ff877fe54c1ed515ab4643eade91603375ac737d,2bbe14f12a73f9045afbfcbd8550ffd04968411f87ddad1f8710829a58754f34,MEASURED,3.1975262350255904e-05,3.1975262350255925e-05,0.6226406678329259,5.135427864283978e-05,1,1,6,6,12,0.48094379995018244,PERSISTED_PUBLIC_MAPS_NOT_COLD,,1,7.119329782337559e-05,3.9218035473119684e-05,-6.203666143617497e-21,-6.357503586382932e-23,-2.0328790734103208e-20,5.481550240597161e-12,g(0) only; g(x) NOT_SAVED,False,0.3429430227444283,True,OWNER_NOT_ASSIGNED
eff_frozen,2002,middle,4,top1_cap2,evidence/final_snapshot/results/frozen_pilot_v1/object_2002/result.json,3ac7c09a6329cbb10dd00ab2ff877fe54c1ed515ab4643eade91603375ac737d,87c27a123fd7e301d4af0adccfd83ece6f67eebb07f5f76e72361320949924dd,MEASURED,4.5943697851857996e-05,4.594369785185801e-05,0.8946420642258177,5.135427864283978e-05,2,1,12,6,18,0.7722416999749839,PERSISTED_PUBLIC_MAPS_NOT_COLD,,2,7.119329782337559e-05,2.5249599971517595e-05,-6.203666143617497e-21,-1.6753182700926368e-21,-1.3552527156068805e-20,5.481550240597161e-12,g(0) only; g(x) NOT_SAVED,False,0.3406186785859456,True,OWNER_NOT_ASSIGNED
eff_frozen,2002,middle,8,original_top2_cap3,evidence/final_snapshot/results/frozen_pilot_v1/object_2002/result.json,3ac7c09a6329cbb10dd00ab2ff877fe54c1ed515ab4643eade91603375ac737d,7063cd14b8dee5ca311aa7a3620a22edc9dbc99fda1dec9bedf766842ad2d2d6,MEASURED,3.381854481414724e-05,3.38185448141472e-05,1.0,3.38185448141472e-05,6,1,36,6,42,2.2636912000598386,PERSISTED_PUBLIC_MAPS_NOT_COLD,,3,5.022639518576049e-05,1.6407850371613245e-05,3.3017002575414303e-21,-1.0473953835217763e-21,4.0657581468206416e-20,5.481550240597161e-12,g(0) only; g(x) NOT_SAVED,False,0.33212115835093114,True,OWNER_NOT_ASSIGNED
eff_frozen,2002,middle,8,top1_cap3,evidence/final_snapshot/results/frozen_pilot_v1/object_2002/result.json,3ac7c09a6329cbb10dd00ab2ff877fe54c1ed515ab4643eade91603375ac737d,82d422bd7364b0bbb1cf2a8951c638eac960a8f68dcb5891642c5dd61858bc81,MEASURED,3.381854481414724e-05,3.381854481414725e-05,1.0000000000000013,3.38185448141472e-05,3,1,18,6,24,1.9780143000534736,PERSISTED_PUBLIC_MAPS_NOT_COLD,,3,5.022639518576049e-05,1.6407850371613245e-05,3.3017002575414303e-21,-1.0473953835217763e-21,-6.776263578034403e-21,5.481550240597161e-12,g(0) only; g(x) NOT_SAVED,False,0.33212115835093114,True,OWNER_NOT_ASSIGNED
eff_frozen,2002,middle,8,top2_cap1,evidence/final_snapshot/results/frozen_pilot_v1/object_2002/result.json,3ac7c09a6329cbb10dd00ab2ff877fe54c1ed515ab4643eade91603375ac737d,58b3359fa5072c8332cbac44aca22083315ab2b107b9c0969be8152c3c947ad9,MEASURED,3.0360049546480505e-05,3.0360049546480465e-05,0.8977337645166815,3.38185448141472e-05,2,1,12,6,18,0.8242878000019118,PERSISTED_PUBLIC_MAPS_NOT_COLD,,1,5.022639518576049e-05,1.9866345639279983e-05,3.3017002575414303e-21,-1.446595289137515e-22,4.0657581468206416e-20,5.481550240597161e-12,g(0) only; g(x) NOT_SAVED,False,0.335746691105137,True,OWNER_NOT_ASSIGNED
eff_frozen,2002,middle,8,top1_cap1,evidence/final_snapshot/results/frozen_pilot_v1/object_2002/result.json,3ac7c09a6329cbb10dd00ab2ff877fe54c1ed515ab4643eade91603375ac737d,cae8e1e3ec5272bece4a9ac4fa599550294374d3099a0aca2a2ae56e4a463c70,MEASURED,3.0360049546480505e-05,3.0360049546480505e-05,0.8977337645166827,3.38185448141472e-05,1,1,6,6,12,0.7209593000006862,PERSISTED_PUBLIC_MAPS_NOT_COLD,,1,5.022639518576049e-05,1.9866345639279983e-05,3.3017002575414303e-21,-1.446595289137515e-22,0.0,5.481550240597161e-12,g(0) only; g(x) NOT_SAVED,False,0.335746691105137,True,OWNER_NOT_ASSIGNED
eff_frozen,2002,middle,8,top1_cap2,evidence/final_snapshot/results/frozen_pilot_v1/object_2002/result.json,3ac7c09a6329cbb10dd00ab2ff877fe54c1ed515ab4643eade91603375ac737d,2a18ea26d4a96628e26887dfdbc4f8177ad60955af2f1f06e517b0406ebccb9d,MEASURED,3.2749789082904725e-05,3.274978908290473e-05,0.9683973471621589,3.38185448141472e-05,2,1,12,6,18,1.358659900026396,PERSISTED_PUBLIC_MAPS_NOT_COLD,,2,5.022639518576049e-05,1.7476606102855764e-05,3.3017002575414303e-21,9.900759928604375e-22,-6.776263578034403e-21,5.481550240597161e-12,g(0) only; g(x) NOT_SAVED,False,0.33524300596896567,True,OWNER_NOT_ASSIGNED
eff_frozen,2002,middle,16,original_top2_cap3,evidence/final_snapshot/results/frozen_pilot_v1/object_2002/result.json,3ac7c09a6329cbb10dd00ab2ff877fe54c1ed515ab4643eade91603375ac737d,3756a90743f09ba05ab9773076308fd331ecdeddb77454bb612ed0866f530c1a,MEASURED,2.5144041105977777e-06,2.5144041105977777e-06,1.0,2.5144041105977777e-06,6,1,36,6,42,4.281403299944941,PERSISTED_PUBLIC_MAPS_NOT_COLD,,3,5.4400289712050664e-06,2.9256248606072887e-06,-3.3872531792766005e-22,8.596362629061073e-23,0.0,5.481550240597161e-12,g(0) only; g(x) NOT_SAVED,False,0.3185271611349301,True,OWNER_NOT_ASSIGNED
eff_frozen,2002,middle,16,top1_cap3,evidence/final_snapshot/results/frozen_pilot_v1/object_2002/result.json,3ac7c09a6329cbb10dd00ab2ff877fe54c1ed515ab4643eade91603375ac737d,f7a631a94359e73bf6424526069979acb154d0f0e3aedd65bf5af6736c408888,MEASURED,2.5960368760216753e-06,2.596036876021677e-06,1.0324660483491224,2.5144041105977777e-06,3,1,18,6,24,3.9984774999902584,PERSISTED_PUBLIC_MAPS_NOT_COLD,,3,5.4400289712050664e-06,2.843992095183391e-06,-3.3872531792766005e-22,-1.6491480652949967e-22,-1.6940658945086007e-21,5.481550240597161e-12,g(0) only; g(x) NOT_SAVED,False,0.31885145977205165,True,OWNER_NOT_ASSIGNED
eff_frozen,2002,middle,16,top2_cap1,evidence/final_snapshot/results/frozen_pilot_v1/object_2002/result.json,3ac7c09a6329cbb10dd00ab2ff877fe54c1ed515ab4643eade91603375ac737d,c6aa28806e70d2a873138057c183febe007a1e7c3b3fc50747ec7d7eeec7aea7,MEASURED,1.9898487336599992e-06,1.9898487336599997e-06,0.791379844342893,2.5144041105977777e-06,2,1,12,6,18,1.502698100055568,PERSISTED_PUBLIC_MAPS_NOT_COLD,,1,5.4400289712050664e-06,3.450180237545067e-06,-3.3872531792766005e-22,-1.9612860137919044e-23,-4.235164736271502e-22,5.481550240597161e-12,g(0) only; g(x) NOT_SAVED,False,0.31933689872408383,True,OWNER_NOT_ASSIGNED
eff_frozen,2002,middle,16,top1_cap1,evidence/final_snapshot/results/frozen_pilot_v1/object_2002/result.json,3ac7c09a6329cbb10dd00ab2ff877fe54c1ed515ab4643eade91603375ac737d,58dc3e6fcfdfe3e4ba93e2c5aa5c6a9336d46c9aff1c71ade141017c0679a182,MEASURED,1.5959737174381954e-06,1.595973717438195e-06,0.6347323847870923,2.5144041105977777e-06,1,1,6,6,12,1.4534130999818444,PERSISTED_PUBLIC_MAPS_NOT_COLD,,1,5.4400289712050664e-06,3.844055253766871e-06,-3.3872531792766005e-22,3.4755876197325773e-22,4.235164736271502e-22,5.481550240597161e-12,g(0) only; g(x) NOT_SAVED,False,0.3204733715972752,True,OWNER_NOT_ASSIGNED
eff_frozen,2002,middle,16,top1_cap2,evidence/final_snapshot/results/frozen_pilot_v1/object_2002/result.json,3ac7c09a6329cbb10dd00ab2ff877fe54c1ed515ab4643eade91603375ac737d,7fb284df9d5f25c49d17c69038e4709dedeefa6645a3a701db3f2c56458405ef,MEASURED,2.185701482690527e-06,2.1857014826905277e-06,0.8692721561654209,2.5144041105977777e-06,2,1,12,6,18,2.695828599971719,PERSISTED_PUBLIC_MAPS_NOT_COLD,,2,5.4400289712050664e-06,3.2543274885145396e-06,-3.3872531792766005e-22,-8.377380069573739e-23,-8.470329472543003e-22,5.481550240597161e-12,g(0) only; g(x) NOT_SAVED,False,0.3190250262393432,True,OWNER_NOT_ASSIGNED
eff_frozen,2002,late,4,original_top2_cap3,evidence/final_snapshot/results/frozen_pilot_v1/object_2002/result.json,3ac7c09a6329cbb10dd00ab2ff877fe54c1ed515ab4643eade91603375ac737d,d151fe0ad77caf4145a2080b93e6304e197fbbca4fc36420866eb63bc3d26497,MEASURED,3.311855811468785e-05,3.311855811468773e-05,1.0,3.311855811468773e-05,6,1,36,6,42,1.1856001999694854,PERSISTED_PUBLIC_MAPS_NOT_COLD,,2,3.76057298564645e-05,4.487171741776649e-06,2.1854688985038287e-21,4.9521370924188134e-23,1.2197274440461925e-19,6.957386619275975e-12,g(0) only; g(x) NOT_SAVED,False,0.20368039959897485,True,OWNER_NOT_ASSIGNED
eff_frozen,2002,late,4,top1_cap3,evidence/final_snapshot/results/frozen_pilot_v1/object_2002/result.json,3ac7c09a6329cbb10dd00ab2ff877fe54c1ed515ab4643eade91603375ac737d,b8b0e2b4ec6914aba66959e4264b9482ef913ae155ca86b51f03364827b65099,MEASURED,3.311855811468785e-05,3.3118558114687865e-05,1.000000000000004,3.311855811468773e-05,3,1,18,6,24,1.0346246000262909,PERSISTED_PUBLIC_MAPS_NOT_COLD,,2,3.76057298564645e-05,4.487171741776649e-06,2.1854688985038287e-21,4.9521370924188134e-23,-1.3552527156068805e-20,6.957386619275975e-12,g(0) only; g(x) NOT_SAVED,False,0.20368039959897485,True,OWNER_NOT_ASSIGNED
eff_frozen,2002,late,4,top2_cap1,evidence/final_snapshot/results/frozen_pilot_v1/object_2002/result.json,3ac7c09a6329cbb10dd00ab2ff877fe54c1ed515ab4643eade91603375ac737d,b61f9550cd8d2d3e20075bfd24da3ed5137ba237432cd919f4297f43b16dadde,MEASURED,2.5661711118050533e-05,2.5661711118050435e-05,0.774843851268686,3.311855811468773e-05,2,1,12,6,18,0.519402000005357,PERSISTED_PUBLIC_MAPS_NOT_COLD,,1,3.76057298564645e-05,1.1944018738413967e-05,2.1854688985038287e-21,8.216655327384116e-22,9.825582188149884e-20,6.957386619275975e-12,g(0) only; g(x) NOT_SAVED,False,0.20446410791628217,True,OWNER_NOT_ASSIGNED
eff_frozen,2002,late,4,top1_cap1,evidence/final_snapshot/results/frozen_pilot_v1/object_2002/result.json,3ac7c09a6329cbb10dd00ab2ff877fe54c1ed515ab4643eade91603375ac737d,24f213e26fc3431a90a861e32bb6bf4273a8b5d0bb0f28d60a63a7ea7b2bc89f,MEASURED,2.5661711118050533e-05,2.5661711118050543e-05,0.7748438512686894,3.311855811468773e-05,1,1,6,6,12,0.4740074000437744,PERSISTED_PUBLIC_MAPS_NOT_COLD,,1,3.76057298564645e-05,1.1944018738413967e-05,2.1854688985038287e-21,8.216655327384116e-22,-1.0164395367051604e-20,6.957386619275975e-12,g(0) only; g(x) NOT_SAVED,False,0.20446410791628217,True,OWNER_NOT_ASSIGNED
eff_frozen,2002,late,4,top1_cap2,evidence/final_snapshot/results/frozen_pilot_v1/object_2002/result.json,3ac7c09a6329cbb10dd00ab2ff877fe54c1ed515ab4643eade91603375ac737d,17bfacd169b77246a5a597cda4e7f786521224057028d823b9e7922b21110b15,MEASURED,3.311855811468785e-05,3.3118558114687865e-05,1.000000000000004,3.311855811468773e-05,2,1,12,6,18,0.7736055999994278,PERSISTED_PUBLIC_MAPS_NOT_COLD,,2,3.76057298564645e-05,4.487171741776649e-06,2.1854688985038287e-21,4.9521370924188134e-23,-1.3552527156068805e-20,6.957386619275975e-12,g(0) only; g(x) NOT_SAVED,False,0.20368039959897485,True,OWNER_NOT_ASSIGNED
eff_frozen,2002,late,8,original_top2_cap3,evidence/final_snapshot/results/frozen_pilot_v1/object_2002/result.json,3ac7c09a6329cbb10dd00ab2ff877fe54c1ed515ab4643eade91603375ac737d,9e2c96e38b51cbeb305ee513828b79dce315de564f3033eb2b4a5e3d9cc8b854,MEASURED,2.9694182633863493e-06,2.969418263386349e-06,1.0,2.969418263386349e-06,6,1,36,6,42,2.2723863000283018,PERSISTED_PUBLIC_MAPS_NOT_COLD,,3,3.4102060681535615e-06,4.4078780476721216e-07,1.0542284319361175e-22,2.4715754638923484e-23,4.235164736271502e-22,6.957386619275975e-12,g(0) only; g(x) NOT_SAVED,False,0.2005227353411676,True,OWNER_NOT_ASSIGNED
eff_frozen,2002,late,8,top1_cap3,evidence/final_snapshot/results/frozen_pilot_v1/object_2002/result.json,3ac7c09a6329cbb10dd00ab2ff877fe54c1ed515ab4643eade91603375ac737d,fc608088ab1f15d76c7012ad8379c6a4cddaf209cbb288936c8f48ea0c1bbcf2,MEASURED,2.9694182633863493e-06,2.9694182633863497e-06,1.0000000000000002,2.969418263386349e-06,3,1,18,6,24,1.9188346000155434,PERSISTED_PUBLIC_MAPS_NOT_COLD,,3,3.4102060681535615e-06,4.4078780476721216e-07,1.0542284319361175e-22,2.4715754638923484e-23,-4.235164736271502e-22,6.957386619275975e-12,g(0) only; g(x) NOT_SAVED,False,0.2005227353411676,True,OWNER_NOT_ASSIGNED
eff_frozen,2002,late,8,top2_cap1,evidence/final_snapshot/results/frozen_pilot_v1/object_2002/result.json,3ac7c09a6329cbb10dd00ab2ff877fe54c1ed515ab4643eade91603375ac737d,e68c43cd1aa73b37dff8e9eaa3be927d9f4bd5ce71c8ce136204c969996ecc5c,MEASURED,2.881982437900156e-06,2.8819824379001566e-06,0.9705545606140107,2.969418263386349e-06,2,1,12,6,18,0.8110034000128508,PERSISTED_PUBLIC_MAPS_NOT_COLD,,1,3.4102060681535615e-06,5.282236302534055e-07,1.0542284319361175e-22,4.985968545316437e-23,-4.235164736271502e-22,6.957386619275975e-12,g(0) only; g(x) NOT_SAVED,False,0.20082676160573287,True,OWNER_NOT_ASSIGNED
eff_frozen,2002,late,8,top1_cap1,evidence/final_snapshot/results/frozen_pilot_v1/object_2002/result.json,3ac7c09a6329cbb10dd00ab2ff877fe54c1ed515ab4643eade91603375ac737d,69b0d0e5e4ed7a10c2357e80a13d627fc08f466969f1495bc0b0778965115b02,MEASURED,2.881982437900156e-06,2.881982437900156e-06,0.9705545606140106,2.969418263386349e-06,1,1,6,6,12,0.7242181000765413,PERSISTED_PUBLIC_MAPS_NOT_COLD,,1,3.4102060681535615e-06,5.282236302534055e-07,1.0542284319361175e-22,4.985968545316437e-23,0.0,6.957386619275975e-12,g(0) only; g(x) NOT_SAVED,False,0.20082676160573287,True,OWNER_NOT_ASSIGNED
eff_frozen,2002,late,8,top1_cap2,evidence/final_snapshot/results/frozen_pilot_v1/object_2002/result.json,3ac7c09a6329cbb10dd00ab2ff877fe54c1ed515ab4643eade91603375ac737d,f50055d188937ec5c6b6c74efd71c913a22cebde5d8c007a49a711b498645287,MEASURED,2.9023261621061696e-06,2.9023261621061696e-06,0.977405641331354,2.969418263386349e-06,2,1,12,6,18,1.3309415999683551,PERSISTED_PUBLIC_MAPS_NOT_COLD,,2,3.4102060681535615e-06,5.07879906047392e-07,1.0542284319361175e-22,-3.291239566341404e-23,0.0,6.957386619275975e-12,g(0) only; g(x) NOT_SAVED,False,0.20113080702714042,True,OWNER_NOT_ASSIGNED
eff_frozen,2002,late,16,original_top2_cap3,evidence/final_snapshot/results/frozen_pilot_v1/object_2002/result.json,3ac7c09a6329cbb10dd00ab2ff877fe54c1ed515ab4643eade91603375ac737d,9787d99c50c356a05736f4ec1214d1615da6785c1326234023b1a1a5cca162d7,MEASURED,1.8682872165122395e-07,1.8682872165122392e-07,1.0,1.8682872165122392e-07,6,1,36,6,42,4.260076000005938,PERSISTED_PUBLIC_MAPS_NOT_COLD,,3,2.741481596545216e-07,8.731943800329767e-08,-8.048566601465953e-24,4.963921752785337e-24,2.6469779601696886e-23,6.957386619275975e-12,g(0) only; g(x) NOT_SAVED,False,0.1989044126914635,True,OWNER_NOT_ASSIGNED
eff_frozen,2002,late,16,top1_cap3,evidence/final_snapshot/results/frozen_pilot_v1/object_2002/result.json,3ac7c09a6329cbb10dd00ab2ff877fe54c1ed515ab4643eade91603375ac737d,fa681f6c5dddda11df0fead4bf69f5a0a5528992272a240b5ae2542e2baba36d,MEASURED,1.8210177895352967e-07,1.821017789535298e-07,0.9746990577470284,1.8682872165122392e-07,3,1,18,6,24,4.068759199988563,PERSISTED_PUBLIC_MAPS_NOT_COLD,,3,2.741481596545216e-07,9.204638070099195e-08,-8.048566601465953e-24,-3.467746815439371e-24,-1.3234889800848443e-22,6.957386619275975e-12,g(0) only; g(x) NOT_SAVED,False,0.19927577020608042,True,OWNER_NOT_ASSIGNED
eff_frozen,2002,late,16,top2_cap1,evidence/final_snapshot/results/frozen_pilot_v1/object_2002/result.json,3ac7c09a6329cbb10dd00ab2ff877fe54c1ed515ab4643eade91603375ac737d,43f718d71ac766a282780a939a86d6613f176880c6bad5df4a0dc0b54fb86238,MEASURED,1.5346837485031866e-07,1.534683748503187e-07,0.8214388745688521,1.8682872165122392e-07,2,1,12,6,18,1.4337604999891482,PERSISTED_PUBLIC_MAPS_NOT_COLD,,1,2.741481596545216e-07,1.2067978480420297e-07,-8.048566601465953e-24,7.516348077797067e-24,-5.293955920339377e-23,6.957386619275975e-12,g(0) only; g(x) NOT_SAVED,False,0.19917378289095,True,OWNER_NOT_ASSIGNED
eff_frozen,2002,late,16,top1_cap1,evidence/final_snapshot/results/frozen_pilot_v1/object_2002/result.json,3ac7c09a6329cbb10dd00ab2ff877fe54c1ed515ab4643eade91603375ac737d,3613c45d8d8146737d64325dc95edf06fc0cc240c6dac087233448c3ef515831,MEASURED,1.4747399158901e-07,1.4747399158901004e-07,0.7893539616693295,1.8682872165122392e-07,1,1,6,6,12,1.4671957000391558,PERSISTED_PUBLIC_MAPS_NOT_COLD,,1,2.741481596545216e-07,1.2667416806551163e-07,-8.048566601465953e-24,-6.382263282872296e-24,-5.293955920339377e-23,6.957386619275975e-12,g(0) only; g(x) NOT_SAVED,False,0.1992649629649426,True,OWNER_NOT_ASSIGNED
eff_frozen,2002,late,16,top1_cap2,evidence/final_snapshot/results/frozen_pilot_v1/object_2002/result.json,3ac7c09a6329cbb10dd00ab2ff877fe54c1ed515ab4643eade91603375ac737d,eb7f2ff45008659bc78504d8afbc735913ec7b8747fd264ce45b1d00cd4f6d6d,MEASURED,1.6720682297343958e-07,1.672068229734397e-07,0.8949738642733165,1.8682872165122392e-07,2,1,12,6,18,2.7903133999789134,PERSISTED_PUBLIC_MAPS_NOT_COLD,,2,2.741481596545216e-07,1.0694133668108203e-07,-8.048566601465953e-24,4.858794543214729e-24,-1.3234889800848443e-22,6.957386619275975e-12,g(0) only; g(x) NOT_SAVED,False,0.1990660222399282,True,OWNER_NOT_ASSIGNED
eff_frozen,2009,early,4,original_top2_cap3,evidence/final_snapshot/results/frozen_pilot_v1/object_2009/result.json,7f41a5848cb216f80558e6667ce3865ce3eb942883eca8a457e6734ee71e0a90,09cec2ccf6da56231d8c8887dab1962bf15267038ce3ae35ada3a34ec08e7dff,MEASURED,0.00036452208870949953,0.0003645220887094998,1.0,0.0003645220887094998,4,1,24,6,30,0.4799727000063285,PERSISTED_PUBLIC_MAPS_NOT_COLD,,1,0.0010242125862320378,0.0006596904975225382,-9.620275395132042e-20,1.1060300206914835e-20,-2.710505431213761e-19,1.071070936513853e-12,g(0) only; g(x) NOT_SAVED,False,0.7563162350281353,True,OWNER_NOT_ASSIGNED
eff_frozen,2009,early,4,top1_cap3,evidence/final_snapshot/results/frozen_pilot_v1/object_2009/result.json,7f41a5848cb216f80558e6667ce3865ce3eb942883eca8a457e6734ee71e0a90,329f6519d4deeb35ce6c25e83becdd345cf09603fa0fdd0538e394279a967596,MEASURED,0.00036452208870949964,0.00036452208870949964,0.9999999999999996,0.0003645220887094998,2,1,12,6,18,0.40052100003231317,PERSISTED_PUBLIC_MAPS_NOT_COLD,,1,0.0010242125862320378,0.0006596904975225381,-9.620275395132042e-20,1.1060300206914835e-20,0.0,1.071070936513853e-12,g(0) only; g(x) NOT_SAVED,False,0.7563162350281353,True,OWNER_NOT_ASSIGNED
eff_frozen,2009,early,4,top2_cap1,evidence/final_snapshot/results/frozen_pilot_v1/object_2009/result.json,7f41a5848cb216f80558e6667ce3865ce3eb942883eca8a457e6734ee71e0a90,806a9eff78bc6a50cb8d9844f8187fa7695e18c422445e2099fee75f0efc7a48,MEASURED,0.00036452208870949953,0.0003645220887094998,1.0,0.0003645220887094998,2,1,12,6,18,0.26926089997868985,PERSISTED_PUBLIC_MAPS_NOT_COLD,,1,0.0010242125862320378,0.0006596904975225382,-9.620275395132042e-20,1.1060300206914835e-20,-2.710505431213761e-19,1.071070936513853e-12,g(0) only; g(x) NOT_SAVED,False,0.7563162350281353,True,OWNER_NOT_ASSIGNED
eff_frozen,2009,early,4,top1_cap1,evidence/final_snapshot/results/frozen_pilot_v1/object_2009/result.json,7f41a5848cb216f80558e6667ce3865ce3eb942883eca8a457e6734ee71e0a90,fc9198cc8e60250e26cc57753cf5a0ec00a56460b4066dbbe40e0b91043c5f90,MEASURED,0.00036452208870949964,0.00036452208870949964,0.9999999999999996,0.0003645220887094998,1,1,6,6,12,0.2316588000394404,PERSISTED_PUBLIC_MAPS_NOT_COLD,,1,0.0010242125862320378,0.0006596904975225381,-9.620275395132042e-20,1.1060300206914835e-20,0.0,1.071070936513853e-12,g(0) only; g(x) NOT_SAVED,False,0.7563162350281353,True,OWNER_NOT_ASSIGNED
eff_frozen,2009,early,4,top1_cap2,evidence/final_snapshot/results/frozen_pilot_v1/object_2009/result.json,7f41a5848cb216f80558e6667ce3865ce3eb942883eca8a457e6734ee71e0a90,2946e9c22f2b97008e007dd803322fbd0b9fb0763b21651afca96e2e4fd68636,MEASURED,0.00036452208870949964,0.00036452208870949964,0.9999999999999996,0.0003645220887094998,2,1,12,6,18,0.40584279998438433,PERSISTED_PUBLIC_MAPS_NOT_COLD,,1,0.0010242125862320378,0.0006596904975225381,-9.620275395132042e-20,1.1060300206914835e-20,0.0,1.071070936513853e-12,g(0) only; g(x) NOT_SAVED,False,0.7563162350281353,True,OWNER_NOT_ASSIGNED
eff_frozen,2009,early,8,original_top2_cap3,evidence/final_snapshot/results/frozen_pilot_v1/object_2009/result.json,7f41a5848cb216f80558e6667ce3865ce3eb942883eca8a457e6734ee71e0a90,c3de78664d84604c88ae036dd98f701d2d879f05d72207d858b37b3e51eb80af,MEASURED,0.0003352465243979364,0.0003352465243979366,1.0,0.0003352465243979366,6,1,36,6,42,1.2605158000369556,PERSISTED_PUBLIC_MAPS_NOT_COLD,,2,0.000649396333041205,0.00031414980864326856,-1.7728902452263852e-20,-1.9103809084806136e-20,-2.168404344971009e-19,1.071070936513853e-12,g(0) only; g(x) NOT_SAVED,False,0.7411363311126183,True,OWNER_NOT_ASSIGNED
eff_frozen,2009,early,8,top1_cap3,evidence/final_snapshot/results/frozen_pilot_v1/object_2009/result.json,7f41a5848cb216f80558e6667ce3865ce3eb942883eca8a457e6734ee71e0a90,51ffb4763554c7307e28266b2ec034db9cd3e412517463661af191addae55c43,MEASURED,0.0003352465243979364,0.0003352465243979364,0.9999999999999993,0.0003352465243979366,3,1,18,6,24,1.125285999965854,PERSISTED_PUBLIC_MAPS_NOT_COLD,,2,0.000649396333041205,0.00031414980864326856,-1.7728902452263852e-20,-1.9103809084806136e-20,0.0,1.071070936513853e-12,g(0) only; g(x) NOT_SAVED,False,0.7411363311126183,True,OWNER_NOT_ASSIGNED
eff_frozen,2009,early,8,top2_cap1,evidence/final_snapshot/results/frozen_pilot_v1/object_2009/result.json,7f41a5848cb216f80558e6667ce3865ce3eb942883eca8a457e6734ee71e0a90,8a60d24b1b74e98710d5c52c1624b05057aae8efec648d6875aec4af48d5817a,MEASURED,0.00011706800495881354,0.00011706800495881351,0.34919975731009856,0.0003352465243979366,2,1,12,6,18,0.5376080999267288,PERSISTED_PUBLIC_MAPS_NOT_COLD,,1,0.000649396333041205,0.0005323283280823914,-1.7728902452263852e-20,2.7505317177874154e-20,2.710505431213761e-20,1.071070936513853e-12,g(0) only; g(x) NOT_SAVED,False,0.7465074431850423,True,OWNER_NOT_ASSIGNED
eff_frozen,2009,early,8,top1_cap1,evidence/final_snapshot/results/frozen_pilot_v1/object_2009/result.json,7f41a5848cb216f80558e6667ce3865ce3eb942883eca8a457e6734ee71e0a90,d080128c3dafc0c9296c146052ea7b09c10a79de58005ddb3ab211b438f34bea,MEASURED,0.00011706800495881343,0.0001170680049588134,0.3491997573100982,0.0003352465243979366,1,1,6,6,12,0.42832310002995655,PERSISTED_PUBLIC_MAPS_NOT_COLD,,1,0.000649396333041205,0.0005323283280823915,-1.7728902452263852e-20,2.7505317177874154e-20,2.710505431213761e-20,1.071070936513853e-12,g(0) only; g(x) NOT_SAVED,False,0.7465074431850423,True,OWNER_NOT_ASSIGNED
eff_frozen,2009,early,8,top1_cap2,evidence/final_snapshot/results/frozen_pilot_v1/object_2009/result.json,7f41a5848cb216f80558e6667ce3865ce3eb942883eca8a457e6734ee71e0a90,c5dbb0f80d5a46b083f4ea4a46545388c3bfcbeacfc010ba74cbe6b34536de58,MEASURED,0.0003352465243979364,0.0003352465243979364,0.9999999999999993,0.0003352465243979366,2,1,12,6,18,0.8320546000613831,PERSISTED_PUBLIC_MAPS_NOT_COLD,,2,0.000649396333041205,0.00031414980864326856,-1.7728902452263852e-20,-1.9103809084806136e-20,0.0,1.071070936513853e-12,g(0) only; g(x) NOT_SAVED,False,0.7411363311126183,True,OWNER_NOT_ASSIGNED
eff_frozen,2009,early,16,original_top2_cap3,evidence/final_snapshot/results/frozen_pilot_v1/object_2009/result.json,7f41a5848cb216f80558e6667ce3865ce3eb942883eca8a457e6734ee71e0a90,8919cb8763c43b312e3b8ab0e61a7bafc1ba8b5e64f9e75d976929901e1d32fc,MEASURED,4.788186824359278e-05,4.7881868243592776e-05,1.0,4.7881868243592776e-05,6,1,36,6,42,3.176093199988827,PERSISTED_PUBLIC_MAPS_NOT_COLD,,2,8.508011831457121e-05,3.719825007097843e-05,5.976331787233821e-21,-8.274966487698905e-22,6.776263578034403e-21,1.071070936513853e-12,g(0) only; g(x) NOT_SAVED,False,0.7246983158400075,True,OWNER_NOT_ASSIGNED
eff_frozen,2009,early,16,top1_cap3,evidence/final_snapshot/results/frozen_pilot_v1/object_2009/result.json,7f41a5848cb216f80558e6667ce3865ce3eb942883eca8a457e6734ee71e0a90,36aea8e69e7859952c24370513e6964a8970675013d8faa577fd20233f89b8ce,MEASURED,5.055708988798718e-05,5.055708988798716e-05,1.055871287870067,4.7881868243592776e-05,3,1,18,6,24,2.8315317999804392,PERSISTED_PUBLIC_MAPS_NOT_COLD,,2,8.508011831457121e-05,3.452302842658403e-05,5.976331787233821e-21,2.2879682181176883e-22,2.0328790734103208e-20,1.071070936513853e-12,g(0) only; g(x) NOT_SAVED,False,0.7225923431751403,True,OWNER_NOT_ASSIGNED
eff_frozen,2009,early,16,top2_cap1,evidence/final_snapshot/results/frozen_pilot_v1/object_2009/result.json,7f41a5848cb216f80558e6667ce3865ce3eb942883eca8a457e6734ee71e0a90,5b1af8782fa36f50cb03d112ecfd240163987b4021a307a69b891f3577fbf184,MEASURED,3.4972958959183996e-05,3.4972958959183996e-05,0.730400885388674,4.7881868243592776e-05,2,1,12,6,18,1.1688351000193506,PERSISTED_PUBLIC_MAPS_NOT_COLD,,1,8.508011831457121e-05,5.0107159355387216e-05,5.976331787233821e-21,-5.866436742485356e-22,0.0,1.071070936513853e-12,g(0) only; g(x) NOT_SAVED,False,0.7243983622173074,True,OWNER_NOT_ASSIGNED
eff_frozen,2009,early,16,top1_cap1,evidence/final_snapshot/results/frozen_pilot_v1/object_2009/result.json,7f41a5848cb216f80558e6667ce3865ce3eb942883eca8a457e6734ee71e0a90,efd068abcd7fe216696cc70e27c453b23019fdae19f8e6eb9d8712d611fb1716,MEASURED,3.4037449155213774e-05,3.403744915521377e-05,0.7108630135744218,4.7881868243592776e-05,1,1,6,6,12,1.0203992000315338,PERSISTED_PUBLIC_MAPS_NOT_COLD,,1,8.508011831457121e-05,5.104266915935744e-05,5.976331787233821e-21,-1.8607914808211448e-21,6.776263578034403e-21,1.071070936513853e-12,g(0) only; g(x) NOT_SAVED,False,0.721878556036359,True,OWNER_NOT_ASSIGNED
eff_frozen,2009,early,16,top1_cap2,evidence/final_snapshot/results/frozen_pilot_v1/object_2009/result.json,7f41a5848cb216f80558e6667ce3865ce3eb942883eca8a457e6734ee71e0a90,34e4f7fa70c8c58dac6aa9e59a18a71a519d752a9596b1fc212a08194613f9eb,MEASURED,5.055708988798718e-05,5.055708988798716e-05,1.055871287870067,4.7881868243592776e-05,2,1,12,6,18,1.9927593999891542,PERSISTED_PUBLIC_MAPS_NOT_COLD,,2,8.508011831457121e-05,3.452302842658403e-05,5.976331787233821e-21,2.2879682181176883e-22,2.0328790734103208e-20,1.071070936513853e-12,g(0) only; g(x) NOT_SAVED,False,0.7225923431751403,True,OWNER_NOT_ASSIGNED
eff_frozen,2009,middle,4,original_top2_cap3,evidence/final_snapshot/results/frozen_pilot_v1/object_2009/result.json,7f41a5848cb216f80558e6667ce3865ce3eb942883eca8a457e6734ee71e0a90,e2f9a3e259dbd4d83057349bc468a6ef462998406ad5b43d47fecbe232d5c8e5,MEASURED,0.0001239372382506055,0.0001239372382506056,1.0,0.0001239372382506056,6,1,36,6,42,0.7196584999910556,PERSISTED_PUBLIC_MAPS_NOT_COLD,,3,0.00016568966250967123,4.1752424259065734e-05,1.5408670193270952e-21,1.6015795684884223e-21,-8.131516293641283e-20,3.988488879330766e-12,g(0) only; g(x) NOT_SAVED,False,0.5965382450601574,True,OWNER_NOT_ASSIGNED
eff_frozen,2009,middle,4,top1_cap3,evidence/final_snapshot/results/frozen_pilot_v1/object_2009/result.json,7f41a5848cb216f80558e6667ce3865ce3eb942883eca8a457e6734ee71e0a90,9d5f4ffa631df33ab49602844bbebd46f535c3a7e658ef2ceea99495f119468c,MEASURED,0.00012393723825060549,0.00012393723825060549,0.9999999999999991,0.0001239372382506056,3,1,18,6,24,0.6050048999604769,PERSISTED_PUBLIC_MAPS_NOT_COLD,,3,0.00016568966250967123,4.175242425906574e-05,1.5408670193270952e-21,1.6015795684884223e-21,0.0,3.988488879330766e-12,g(0) only; g(x) NOT_SAVED,False,0.5965382450601574,True,OWNER_NOT_ASSIGNED
eff_frozen,2009,middle,4,top2_cap1,evidence/final_snapshot/results/frozen_pilot_v1/object_2009/result.json,7f41a5848cb216f80558e6667ce3865ce3eb942883eca8a457e6734ee71e0a90,609c67bffb92f60c5067fc6355df683607f7d930b17a4f4ced6284c991d6a416,MEASURED,0.00011795918836845771,0.00011795918836845781,0.9517655067473753,0.0001239372382506056,2,1,12,6,18,0.32295120001072064,PERSISTED_PUBLIC_MAPS_NOT_COLD,,1,0.00016568966250967123,4.773047414121351e-05,1.5408670193270952e-21,1.0253124067473406e-21,-9.486769009248164e-20,3.988488879330766e-12,g(0) only; g(x) NOT_SAVED,False,0.5928323667230068,True,OWNER_NOT_ASSIGNED
eff_frozen,2009,middle,4,top1_cap1,evidence/final_snapshot/results/frozen_pilot_v1/object_2009/result.json,7f41a5848cb216f80558e6667ce3865ce3eb942883eca8a457e6734ee71e0a90,8d98ae2f02474676afee183b4aa3da2c000d6b627dda7d5f9edfde743e72fcf2,MEASURED,0.00011795918836845771,0.0001179591883684577,0.9517655067473744,0.0001239372382506056,1,1,6,6,12,0.24989660002756864,PERSISTED_PUBLIC_MAPS_NOT_COLD,,1,0.00016568966250967123,4.773047414121351e-05,1.5408670193270952e-21,1.0253124067473406e-21,1.3552527156068805e-20,3.988488879330766e-12,g(0) only; g(x) NOT_SAVED,False,0.5928323667230068,True,OWNER_NOT_ASSIGNED
eff_frozen,2009,middle,4,top1_cap2,evidence/final_snapshot/results/frozen_pilot_v1/object_2009/result.json,7f41a5848cb216f80558e6667ce3865ce3eb942883eca8a457e6734ee71e0a90,03b70ef2f8099135d6b370af96c91b47f994eb12d39e547dcaf2eaa1dc7d62b9,MEASURED,0.00012124228875024865,0.00012124228875024862,0.9782555304733539,0.0001239372382506056,2,1,12,6,18,0.4215130000375211,PERSISTED_PUBLIC_MAPS_NOT_COLD,,2,0.00016568966250967123,4.4447373759422585e-05,1.5408670193270952e-21,2.2825441493829227e-21,2.710505431213761e-20,3.988488879330766e-12,g(0) only; g(x) NOT_SAVED,False,0.5930674989689629,True,OWNER_NOT_ASSIGNED
eff_frozen,2009,middle,8,original_top2_cap3,evidence/final_snapshot/results/frozen_pilot_v1/object_2009/result.json,7f41a5848cb216f80558e6667ce3865ce3eb942883eca8a457e6734ee71e0a90,894cdbc85f1aefd450a020a362f2b9a3997664a708b24d9a4d865cbc519c4b6b,MEASURED,1.842809901543817e-05,1.8428099015438122e-05,1.0,1.8428099015438122e-05,6,1,36,6,42,1.3697540999855846,PERSISTED_PUBLIC_MAPS_NOT_COLD,,2,4.3054315996254145e-05,2.4626216980815976e-05,1.2560397251593806e-21,-1.5867438179333709e-21,4.743384504624082e-20,3.988488879330766e-12,g(0) only; g(x) NOT_SAVED,False,0.5937456585864336,True,OWNER_NOT_ASSIGNED
eff_frozen,2009,middle,8,top1_cap3,evidence/final_snapshot/results/frozen_pilot_v1/object_2009/result.json,7f41a5848cb216f80558e6667ce3865ce3eb942883eca8a457e6734ee71e0a90,25979372ad5287609a30964700f06ed6b8469817b118a546ea3f3aa019fbf611,MEASURED,1.842809901543817e-05,1.842809901543815e-05,1.0000000000000016,1.8428099015438122e-05,3,1,18,6,24,1.1818093999754637,PERSISTED_PUBLIC_MAPS_NOT_COLD,,2,4.3054315996254145e-05,2.4626216980815976e-05,1.2560397251593806e-21,-1.5867438179333709e-21,2.0328790734103208e-20,3.988488879330766e-12,g(0) only; g(x) NOT_SAVED,False,0.5937456585864336,True,OWNER_NOT_ASSIGNED
eff_frozen,2009,middle,8,top2_cap1,evidence/final_snapshot/results/frozen_pilot_v1/object_2009/result.json,7f41a5848cb216f80558e6667ce3865ce3eb942883eca8a457e6734ee71e0a90,149dd1fd940feb04c122c1355ae6df3f95514cc347a8ef981579353482324761,MEASURED,1.61998382789723e-05,1.6199838278972267e-05,0.87908352703124,1.8428099015438122e-05,2,1,12,6,18,0.5483140999567695,PERSISTED_PUBLIC_MAPS_NOT_COLD,,1,4.3054315996254145e-05,2.6854477717281844e-05,1.2560397251593806e-21,7.430525919726978e-22,3.3881317890172014e-20,3.988488879330766e-12,g(0) only; g(x) NOT_SAVED,False,0.5787366424716858,True,OWNER_NOT_ASSIGNED
eff_frozen,2009,middle,8,top1_cap1,evidence/final_snapshot/results/frozen_pilot_v1/object_2009/result.json,7f41a5848cb216f80558e6667ce3865ce3eb942883eca8a457e6734ee71e0a90,c7d2e12aeaf70463d8adbd46b2123d2c7fb1d4cd6a06c512afa71f9550fab801,MEASURED,1.61998382789723e-05,1.619983827897229e-05,0.8790835270312414,1.8428099015438122e-05,1,1,6,6,12,0.4234422000590712,PERSISTED_PUBLIC_MAPS_NOT_COLD,,1,4.3054315996254145e-05,2.6854477717281844e-05,1.2560397251593806e-21,7.430525919726978e-22,1.0164395367051604e-20,3.988488879330766e-12,g(0) only; g(x) NOT_SAVED,False,0.5787366424716858,True,OWNER_NOT_ASSIGNED
eff_frozen,2009,middle,8,top1_cap2,evidence/final_snapshot/results/frozen_pilot_v1/object_2009/result.json,7f41a5848cb216f80558e6667ce3865ce3eb942883eca8a457e6734ee71e0a90,7cd9930c8af4a7cd04fccbf69e6e13f33c20071311efa3c6b2e85f6353515d13,MEASURED,1.842809901543817e-05,1.842809901543815e-05,1.0000000000000016,1.8428099015438122e-05,2,1,12,6,18,0.7859823000035249,PERSISTED_PUBLIC_MAPS_NOT_COLD,,2,4.3054315996254145e-05,2.4626216980815976e-05,1.2560397251593806e-21,-1.5867438179333709e-21,2.0328790734103208e-20,3.988488879330766e-12,g(0) only; g(x) NOT_SAVED,False,0.5937456585864336,True,OWNER_NOT_ASSIGNED
eff_frozen,2009,middle,16,original_top2_cap3,evidence/final_snapshot/results/frozen_pilot_v1/object_2009/result.json,7f41a5848cb216f80558e6667ce3865ce3eb942883eca8a457e6734ee71e0a90,342a7721b88d82f5029aa15dbf201040e798b2c2d92373acb8f75c24daa3c872,MEASURED,1.837483261037077e-06,1.8374832610370752e-06,1.0,1.8374832610370752e-06,6,1,36,6,42,3.107947200012859,PERSISTED_PUBLIC_MAPS_NOT_COLD,,2,7.733384867756309e-06,5.895901606719232e-06,7.42254794584016e-22,1.915835140829569e-22,1.9058241313221758e-21,3.988488879330766e-12,g(0) only; g(x) NOT_SAVED,False,0.5745266070524169,True,OWNER_NOT_ASSIGNED
eff_frozen,2009,middle,16,top1_cap3,evidence/final_snapshot/results/frozen_pilot_v1/object_2009/result.json,7f41a5848cb216f80558e6667ce3865ce3eb942883eca8a457e6734ee71e0a90,d6b3359d2cff2b97530358402e91cad15f0a7e3ca8174b0c550b6d9cbf3bd81d,MEASURED,1.5067749805870658e-06,1.5067749805870658e-06,0.8200210649737524,1.8374832610370752e-06,2,1,12,6,18,1.9069326999597251,PERSISTED_PUBLIC_MAPS_NOT_COLD,,1,7.733384867756309e-06,6.226609887169243e-06,7.42254794584016e-22,3.6893459905481556e-22,0.0,3.988488879330766e-12,g(0) only; g(x) NOT_SAVED,False,0.5731674939975157,True,OWNER_NOT_ASSIGNED
eff_frozen,2009,middle,16,top2_cap1,evidence/final_snapshot/results/frozen_pilot_v1/object_2009/result.json,7f41a5848cb216f80558e6667ce3865ce3eb942883eca8a457e6734ee71e0a90,83e0f0fbbc46040a9428283fb2a14615c102f218bcdf1774a6d5445630cd4637,MEASURED,1.5067749805870658e-06,1.5067749805870624e-06,0.8200210649737505,1.8374832610370752e-06,2,1,12,6,18,1.147272400034126,PERSISTED_PUBLIC_MAPS_NOT_COLD,,1,7.733384867756309e-06,6.226609887169243e-06,7.42254794584016e-22,3.6893459905481556e-22,3.3881317890172014e-21,3.988488879330766e-12,g(0) only; g(x) NOT_SAVED,False,0.5731674939975157,True,OWNER_NOT_ASSIGNED
eff_frozen,2009,middle,16,top1_cap1,evidence/final_snapshot/results/frozen_pilot_v1/object_2009/result.json,7f41a5848cb216f80558e6667ce3865ce3eb942883eca8a457e6734ee71e0a90,71c3157a6ff6aa1a0336a726b35238dc91fe6dcab9537d23a2a912f2fbd5d5e0,MEASURED,1.5067749805870658e-06,1.5067749805870658e-06,0.8200210649737524,1.8374832610370752e-06,1,1,6,6,12,0.9697665999410674,PERSISTED_PUBLIC_MAPS_NOT_COLD,,1,7.733384867756309e-06,6.226609887169243e-06,7.42254794584016e-22,3.6893459905481556e-22,0.0,3.988488879330766e-12,g(0) only; g(x) NOT_SAVED,False,0.5731674939975157,True,OWNER_NOT_ASSIGNED
eff_frozen,2009,middle,16,top1_cap2,evidence/final_snapshot/results/frozen_pilot_v1/object_2009/result.json,7f41a5848cb216f80558e6667ce3865ce3eb942883eca8a457e6734ee71e0a90,c02f2d6d5a72e918e4883d57c1063aea7a6e5f4f52610b4b33e539858fdc03ce,MEASURED,1.5067749805870658e-06,1.5067749805870658e-06,0.8200210649737524,1.8374832610370752e-06,2,1,12,6,18,1.936054799996782,PERSISTED_PUBLIC_MAPS_NOT_COLD,,1,7.733384867756309e-06,6.226609887169243e-06,7.42254794584016e-22,3.6893459905481556e-22,0.0,3.988488879330766e-12,g(0) only; g(x) NOT_SAVED,False,0.5731674939975157,True,OWNER_NOT_ASSIGNED
eff_frozen,2009,late,4,original_top2_cap3,evidence/final_snapshot/results/frozen_pilot_v1/object_2009/result.json,7f41a5848cb216f80558e6667ce3865ce3eb942883eca8a457e6734ee71e0a90,d4868bc818853fe56b00b20d86b43867e79c9e873fee2990076f36a8134d6dd8,MEASURED,0.0001901363137485222,0.00019013631374852237,1.0,0.00019013631374852237,6,1,36,6,42,0.7247694000252523,PERSISTED_PUBLIC_MAPS_NOT_COLD,,2,0.00035901717430921804,0.00016888086056069583,2.2802073533301208e-20,-3.704865396076808e-21,-1.6263032587282567e-19,5.385292138971104e-12,g(0) only; g(x) NOT_SAVED,False,0.597158041904324,True,OWNER_NOT_ASSIGNED
eff_frozen,2009,late,4,top1_cap3,evidence/final_snapshot/results/frozen_pilot_v1/object_2009/result.json,7f41a5848cb216f80558e6667ce3865ce3eb942883eca8a457e6734ee71e0a90,27fb060a13acb91c0f7969ec5576fe4d6745dfb6edcef9d92aafbdb71b8e9ab3,MEASURED,0.00018982353356269735,0.0001898235335626973,0.9983549687081934,0.00019013631374852237,3,1,18,6,24,0.5814070000778884,PERSISTED_PUBLIC_MAPS_NOT_COLD,,2,0.00035901717430921804,0.0001691936407465207,2.2802073533301208e-20,1.0690201630059917e-20,5.421010862427522e-20,5.385292138971104e-12,g(0) only; g(x) NOT_SAVED,False,0.6091397562565823,True,OWNER_NOT_ASSIGNED
eff_frozen,2009,late,4,top2_cap1,evidence/final_snapshot/results/frozen_pilot_v1/object_2009/result.json,7f41a5848cb216f80558e6667ce3865ce3eb942883eca8a457e6734ee71e0a90,1466a94f49d79f407dce3621767d4e5d257976ea994137b2dd864f534be46657,MEASURED,0.00018982353356269735,0.00018982353356269754,0.9983549687081947,0.00019013631374852237,2,1,12,6,18,0.31085030001122504,PERSISTED_PUBLIC_MAPS_NOT_COLD,,1,0.00035901717430921804,0.0001691936407465207,2.2802073533301208e-20,1.0690201630059917e-20,-1.8973538018496328e-19,5.385292138971104e-12,g(0) only; g(x) NOT_SAVED,False,0.6091397562565823,True,OWNER_NOT_ASSIGNED
eff_frozen,2009,late,4,top1_cap1,evidence/final_snapshot/results/frozen_pilot_v1/object_2009/result.json,7f41a5848cb216f80558e6667ce3865ce3eb942883eca8a457e6734ee71e0a90,9524a04e19809fb6946512714e85636ce9bfceaa649ba8c0ccef928ac2941031,MEASURED,0.00018517201540721204,0.000185172015407212,0.973890845765127,0.00019013631374852237,1,1,6,6,12,0.25760400004219264,PERSISTED_PUBLIC_MAPS_NOT_COLD,,1,0.00035901717430921804,0.000173845158902006,2.2802073533301208e-20,8.44898802688782e-21,5.421010862427522e-20,5.385292138971104e-12,g(0) only; g(x) NOT_SAVED,False,0.5818820772303387,True,OWNER_NOT_ASSIGNED
eff_frozen,2009,late,4,top1_cap2,evidence/final_snapshot/results/frozen_pilot_v1/object_2009/result.json,7f41a5848cb216f80558e6667ce3865ce3eb942883eca8a457e6734ee71e0a90,013cd6776026fb4e13b20dab9bc1e403ac08cc29ba8fc8e1f5573737941a8ba2,MEASURED,0.00018982353356269735,0.0001898235335626973,0.9983549687081934,0.00019013631374852237,2,1,12,6,18,0.4373470999998972,PERSISTED_PUBLIC_MAPS_NOT_COLD,,2,0.00035901717430921804,0.0001691936407465207,2.2802073533301208e-20,1.0690201630059917e-20,5.421010862427522e-20,5.385292138971104e-12,g(0) only; g(x) NOT_SAVED,False,0.6091397562565823,True,OWNER_NOT_ASSIGNED
eff_frozen,2009,late,8,original_top2_cap3,evidence/final_snapshot/results/frozen_pilot_v1/object_2009/result.json,7f41a5848cb216f80558e6667ce3865ce3eb942883eca8a457e6734ee71e0a90,356c91c005e5b06470a563687826b4ed4f9d28fe10788e45534759b695bdcd79,MEASURED,0.0001308194545815284,0.00013081945458152808,1.0,0.00013081945458152808,6,1,36,6,42,1.368273500003852,PERSISTED_PUBLIC_MAPS_NOT_COLD,,3,0.00017220686856180155,4.1387413980273146e-05,5.2153716487761485e-21,1.0803298421583063e-21,3.2526065174565133e-19,5.385292138971104e-12,g(0) only; g(x) NOT_SAVED,False,0.5159070685513193,True,OWNER_NOT_ASSIGNED
eff_frozen,2009,late,8,top1_cap3,evidence/final_snapshot/results/frozen_pilot_v1/object_2009/result.json,7f41a5848cb216f80558e6667ce3865ce3eb942883eca8a457e6734ee71e0a90,8a5cfec992c3d3651b81a592c686a42850e01afc487dacebbb8b85094cda3adf,MEASURED,0.0001308194545815284,0.00013081945458152846,1.0000000000000029,0.00013081945458152808,3,1,18,6,24,1.2041030000546016,PERSISTED_PUBLIC_MAPS_NOT_COLD,,3,0.00017220686856180155,4.1387413980273146e-05,5.2153716487761485e-21,1.0803298421583063e-21,-5.421010862427522e-20,5.385292138971104e-12,g(0) only; g(x) NOT_SAVED,False,0.5159070685513193,True,OWNER_NOT_ASSIGNED
eff_frozen,2009,late,8,top2_cap1,evidence/final_snapshot/results/frozen_pilot_v1/object_2009/result.json,7f41a5848cb216f80558e6667ce3865ce3eb942883eca8a457e6734ee71e0a90,72dea3e5d2cc16b5371c24e8e4b015173c1fe44d8feac9ca2f69553704457583,MEASURED,0.00010421661041091792,0.00010421661041091765,0.7966445873382597,0.00013081945458152808,2,1,12,6,18,0.5804789999965578,PERSISTED_PUBLIC_MAPS_NOT_COLD,,1,0.00017220686856180155,6.799025815088364e-05,5.2153716487761485e-21,-6.416560945029127e-21,2.710505431213761e-19,5.385292138971104e-12,g(0) only; g(x) NOT_SAVED,False,0.5406261822220091,True,OWNER_NOT_ASSIGNED
eff_frozen,2009,late,8,top1_cap1,evidence/final_snapshot/results/frozen_pilot_v1/object_2009/result.json,7f41a5848cb216f80558e6667ce3865ce3eb942883eca8a457e6734ee71e0a90,174dfd36f542a9a15de5d90567fbe42e3e6e327013fba393e4300562ea160ca7,MEASURED,0.00010421661041091793,0.000104216610410918,0.7966445873382624,0.00013081945458152808,1,1,6,6,12,0.45992420002585277,PERSISTED_PUBLIC_MAPS_NOT_COLD,,1,0.00017220686856180155,6.799025815088362e-05,5.2153716487761485e-21,-6.416560945029127e-21,-6.776263578034403e-20,5.385292138971104e-12,g(0) only; g(x) NOT_SAVED,False,0.5406261822220091,True,OWNER_NOT_ASSIGNED
eff_frozen,2009,late,8,top1_cap2,evidence/final_snapshot/results/frozen_pilot_v1/object_2009/result.json,7f41a5848cb216f80558e6667ce3865ce3eb942883eca8a457e6734ee71e0a90,29e2348c0cf94404c8b0c8f8c1be91a37bc6e06ab69ee8fbac8441e8d97f8adf,MEASURED,0.00012415068945276873,0.00012415068945276876,0.9490231391799353,0.00013081945458152808,2,1,12,6,18,0.8912447000620887,PERSISTED_PUBLIC_MAPS_NOT_COLD,,2,0.00017220686856180155,4.805617910903283e-05,5.2153716487761485e-21,-7.476822111857224e-22,-2.710505431213761e-20,5.385292138971104e-12,g(0) only; g(x) NOT_SAVED,False,0.520860317717487,True,OWNER_NOT_ASSIGNED
eff_frozen,2009,late,16,original_top2_cap3,evidence/final_snapshot/results/frozen_pilot_v1/object_2009/result.json,7f41a5848cb216f80558e6667ce3865ce3eb942883eca8a457e6734ee71e0a90,a7c893aab292aeeed726900bbc9da1cddeea8b575bca4064f905407313211763,MEASURED,1.6950032156622978e-06,1.6950032156622796e-06,1.0,1.6950032156622796e-06,6,1,36,6,42,3.276455999992322,PERSISTED_PUBLIC_MAPS_NOT_COLD,,2,1.0080062934862888e-05,8.38505971920059e-06,2.2981238816480434e-22,4.0968823920908557e-22,1.8211208365967457e-20,5.385292138971104e-12,g(0) only; g(x) NOT_SAVED,False,0.5114353596422135,True,OWNER_NOT_ASSIGNED
eff_frozen,2009,late,16,top1_cap3,evidence/final_snapshot/results/frozen_pilot_v1/object_2009/result.json,7f41a5848cb216f80558e6667ce3865ce3eb942883eca8a457e6734ee71e0a90,cbabbeae9af1f33154232fa7a24e36fb17485368d1d23ffcfd0517d1f776588f,MEASURED,0.0,0,0.0,1.6950032156622796e-06,1,1,6,6,12,0.9804061000468209,PERSISTED_PUBLIC_MAPS_NOT_COLD,,0,1.0080062934862888e-05,1.0080062934862888e-05,2.2981238816480434e-22,2.2981238816480434e-22,0.0,5.385292138971104e-12,g(0) only; g(x) NOT_SAVED,False,0.5193852990924359,True,OWNER_NOT_ASSIGNED
eff_frozen,2009,late,16,top2_cap1,evidence/final_snapshot/results/frozen_pilot_v1/object_2009/result.json,7f41a5848cb216f80558e6667ce3865ce3eb942883eca8a457e6734ee71e0a90,af7d66f1b532a48f4ae5a80d8821e95d6f62d8a170092a98ccfdb16c66584da7,MEASURED,3.409571676358786e-07,3.4095716763585376e-07,0.20115428955256193,1.6950032156622796e-06,2,1,12,6,18,1.1375978999421932,PERSISTED_PUBLIC_MAPS_NOT_COLD,,1,1.0080062934862888e-05,9.739105767227009e-06,2.2981238816480434e-22,7.242446928038593e-22,2.482865326639168e-20,5.385292138971104e-12,g(0) only; g(x) NOT_SAVED,False,0.512697756160166,True,OWNER_NOT_ASSIGNED
eff_frozen,2009,late,16,top1_cap1,evidence/final_snapshot/results/frozen_pilot_v1/object_2009/result.json,7f41a5848cb216f80558e6667ce3865ce3eb942883eca8a457e6734ee71e0a90,70f1287baed2593a99090283d62e94864bc4ff6e6dd82d01fc2ac1ad93dba9f7,MEASURED,0.0,0,0.0,1.6950032156622796e-06,1,1,6,6,12,1.0040759000112303,PERSISTED_PUBLIC_MAPS_NOT_COLD,,0,1.0080062934862888e-05,1.0080062934862888e-05,2.2981238816480434e-22,2.2981238816480434e-22,0.0,5.385292138971104e-12,g(0) only; g(x) NOT_SAVED,False,0.5193852990924359,True,OWNER_NOT_ASSIGNED
eff_frozen,2009,late,16,top1_cap2,evidence/final_snapshot/results/frozen_pilot_v1/object_2009/result.json,7f41a5848cb216f80558e6667ce3865ce3eb942883eca8a457e6734ee71e0a90,e938769ff112245ab0b5df4381055babc14810c34eb930561f59265a54277e32,MEASURED,0.0,0,0.0,1.6950032156622796e-06,1,1,6,6,12,0.9982919999747537,PERSISTED_PUBLIC_MAPS_NOT_COLD,,0,1.0080062934862888e-05,1.0080062934862888e-05,2.2981238816480434e-22,2.2981238816480434e-22,0.0,5.385292138971104e-12,g(0) only; g(x) NOT_SAVED,False,0.5193852990924359,True,OWNER_NOT_ASSIGNED
closure_saved_frozen,2009,early,16,original_top2_cap3,evidence/project/Gaussian/A17/CLOSURE_R1/remote_snapshots/primary_complete_v1/results/locked_validation_continuation_v1/object_2009/early/k16/offline_evaluation.json,6d153ad6406480c4b844b8fec47fe90d7dcb4dfb7c29bf28a10d4d7ca1e8739e,2e81bd9f3b884d68f21fdff6ff7767ff8e9687ec694cb30e397fae76ecc6f484,MEASURED,4.788186824359278e-05,4.7881868243592776e-05,1.0,4.7881868243592776e-05,6,1,36,6,42,3.061282599985134,ORIGINAL_SHARED_ACQUISITION,,2,8.508011831457121e-05,3.719825007097843e-05,5.976331787233821e-21,-8.274966487698905e-22,6.776263578034403e-21,1.071070936513853e-12,g(0) only; g(x) NOT_SAVED,False,0.7246983158400075,True,OWNER_NOT_ASSIGNED
closure_saved_frozen,2009,early,4,original_top2_cap3,evidence/project/Gaussian/A17/CLOSURE_R1/remote_snapshots/primary_complete_v1/results/locked_validation_continuation_v1/object_2009/early/k4/offline_evaluation.json,1cca51078ea2222ecdc7741f593a7407f10ef8288ce30a5e5c24b1d879090f05,25a788cf83e682c2dca33788a6ecf2b6d64e2aef98138bc9ec68f65c45fa7435,MEASURED,0.00036452208870949953,0.0003645220887094998,1.0,0.0003645220887094998,4,1,24,6,30,0.7491147000109777,ORIGINAL_SHARED_ACQUISITION,,1,0.0010242125862320378,0.0006596904975225382,-9.620275395132042e-20,1.1060300206914835e-20,-2.710505431213761e-19,1.071070936513853e-12,g(0) only; g(x) NOT_SAVED,False,0.7563162350281353,True,OWNER_NOT_ASSIGNED
closure_saved_frozen,2009,early,8,original_top2_cap3,evidence/project/Gaussian/A17/CLOSURE_R1/remote_snapshots/primary_complete_v1/results/locked_validation_continuation_v1/object_2009/early/k8/offline_evaluation.json,7341bb157edb1731e7cdbc4adee5dba640a4dc50992833a801f6db6874564e2c,325881b1752d19ae6689c4b000d6fe67443eb8402bf8c4b9f3096e98840ec351,MEASURED,0.0003352465243979364,0.0003352465243979366,1.0,0.0003352465243979366,6,1,36,6,42,1.3999867000384256,ORIGINAL_SHARED_ACQUISITION,,2,0.000649396333041205,0.00031414980864326856,-1.7728902452263852e-20,-1.9103809084806136e-20,-2.168404344971009e-19,1.071070936513853e-12,g(0) only; g(x) NOT_SAVED,False,0.7411363311126183,True,OWNER_NOT_ASSIGNED
closure_saved_frozen,2009,late,16,original_top2_cap3,evidence/project/Gaussian/A17/CLOSURE_R1/remote_snapshots/primary_complete_v1/results/locked_validation_continuation_v1/object_2009/late/k16/offline_evaluation.json,05916c0a7521461317907ab5ead9828cf38d8872424d84004eb68cab9907a89c,97e84de46fc0e709a2052780863fa7a02dc5a63fe16657d7c0ea55e29ac365a3,MEASURED,1.6950032156622978e-06,1.6950032156622796e-06,1.0,1.6950032156622796e-06,6,1,36,6,42,3.0672081999946386,ORIGINAL_SHARED_ACQUISITION,,2,1.0080062934862888e-05,8.38505971920059e-06,2.2981238816480434e-22,4.0968823920908557e-22,1.8211208365967457e-20,5.385292138971104e-12,g(0) only; g(x) NOT_SAVED,False,0.5114353596422135,True,OWNER_NOT_ASSIGNED
closure_saved_frozen,2009,late,4,original_top2_cap3,evidence/project/Gaussian/A17/CLOSURE_R1/remote_snapshots/primary_complete_v1/results/locked_validation_continuation_v1/object_2009/late/k4/offline_evaluation.json,d1c4996187ad5ea21ee1a4bea43d80daca31f3d6b944fc98eaa499e5c4ebbc74,a28f075974db2ac609143a3a60f608c94ee505ecebe85c765f1b759938fe7ca7,MEASURED,0.0001901363137485222,0.00019013631374852237,1.0,0.00019013631374852237,6,1,36,6,42,1.0051983000012115,ORIGINAL_SHARED_ACQUISITION,,2,0.00035901717430921804,0.00016888086056069583,2.2802073533301208e-20,-3.704865396076808e-21,-1.6263032587282567e-19,5.385292138971104e-12,g(0) only; g(x) NOT_SAVED,False,0.597158041904324,True,OWNER_NOT_ASSIGNED
closure_saved_frozen,2009,late,8,original_top2_cap3,evidence/project/Gaussian/A17/CLOSURE_R1/remote_snapshots/primary_complete_v1/results/locked_validation_continuation_v1/object_2009/late/k8/offline_evaluation.json,8d311403c8189b32f1af3b0b5412ebe79d893be2cd57b8518179b0904280c78e,4ed0be252d4d22927b6862d11b5c979653710d3958c2f7839bfe7065735426a6,MEASURED,0.0001308194545815284,0.00013081945458152806,1.0,0.00013081945458152806,6,1,36,6,42,1.4108175999717787,ORIGINAL_SHARED_ACQUISITION,,3,0.00017220686856180155,4.1387413980273146e-05,5.2153716487761485e-21,1.0803298421583063e-21,3.5236570605778894e-19,5.385292138971104e-12,g(0) only; g(x) NOT_SAVED,False,0.5159070685513193,True,OWNER_NOT_ASSIGNED
closure_saved_frozen,2009,middle,16,original_top2_cap3,evidence/project/Gaussian/A17/CLOSURE_R1/remote_snapshots/primary_complete_v1/results/locked_validation_continuation_v1/object_2009/middle/k16/offline_evaluation.json,ca2e99a7c7324fb7d0620ff8c1842fa78310f5acf67eb8d4bcac123aacd432cf,9041e1bd80431e41c0c8ac587cc5e4c4781182c4f550428a7d4f4ed4091bed14,MEASURED,1.837483261037077e-06,1.8374832610370752e-06,1.0,1.8374832610370752e-06,6,1,36,6,42,3.0815263999975286,ORIGINAL_SHARED_ACQUISITION,,2,7.733384867756309e-06,5.895901606719232e-06,7.42254794584016e-22,1.915835140829569e-22,1.9058241313221758e-21,3.988488879330766e-12,g(0) only; g(x) NOT_SAVED,False,0.5745266070524169,True,OWNER_NOT_ASSIGNED
closure_saved_frozen,2009,middle,4,original_top2_cap3,evidence/project/Gaussian/A17/CLOSURE_R1/remote_snapshots/primary_complete_v1/results/locked_validation_continuation_v1/object_2009/middle/k4/offline_evaluation.json,18bd0b6aaa07f23e35527abde53eddc5f4a8e141ad5bf1466db5a3b4f4b60147,b3d2ae5caa254c3c14cb63c25ec70b527a76a5868546732d87b90c3fa6d2da8c,MEASURED,0.0001239372382506055,0.0001239372382506056,1.0,0.0001239372382506056,6,1,36,6,42,0.9921610999736004,ORIGINAL_SHARED_ACQUISITION,,3,0.00016568966250967123,4.1752424259065734e-05,1.5408670193270952e-21,1.6015795684884223e-21,-8.131516293641283e-20,3.988488879330766e-12,g(0) only; g(x) NOT_SAVED,False,0.5965382450601574,True,OWNER_NOT_ASSIGNED
closure_saved_frozen,2009,middle,8,original_top2_cap3,evidence/project/Gaussian/A17/CLOSURE_R1/remote_snapshots/primary_complete_v1/results/locked_validation_continuation_v1/object_2009/middle/k8/offline_evaluation.json,afe16bc0bda235e28b696abc48af1f3b619b62d18c5ccca4a675c9e127ca495e,311814c47402ffb24e67b3ebb45d56cb7f7fc143b5716957794c1f98c3e1fcc9,MEASURED,1.842809901543817e-05,1.8428099015438122e-05,1.0,1.8428099015438122e-05,6,1,36,6,42,1.331325699982699,ORIGINAL_SHARED_ACQUISITION,,2,4.3054315996254145e-05,2.4626216980815976e-05,1.2560397251593806e-21,-1.5867438179333709e-21,4.743384504624082e-20,3.988488879330766e-12,g(0) only; g(x) NOT_SAVED,False,0.5937456585864336,True,OWNER_NOT_ASSIGNED
closure_saved_frozen,2002,early,16,original_top2_cap3,evidence/project/Gaussian/A17/CLOSURE_R1/remote_snapshots/primary_complete_v1/results/locked_validation_v1/object_2002/early/k16/offline_evaluation.json,003f50a71da989cc1722f4fe0ec79e0834e2a86ac2c0429302c050561426d5d5,07e5c03c099fca2db8e7662e133f8d0df9f544fdb377adb25adcd06aeff1d764,MEASURED,1.654812772586481e-05,1.6548127725864812e-05,1.0,1.6548127725864812e-05,4,1,24,6,30,2.8800430999835953,ORIGINAL_SHARED_ACQUISITION,,1,5.294419605630184e-05,3.6396068330437034e-05,4.280325082497578e-22,2.9649568211645304e-21,-3.3881317890172014e-21,6.470350573453869e-12,g(0) only; g(x) NOT_SAVED,False,0.46650566219275824,True,OWNER_NOT_ASSIGNED
closure_saved_frozen,2002,early,4,original_top2_cap3,evidence/project/Gaussian/A17/CLOSURE_R1/remote_snapshots/primary_complete_v1/results/locked_validation_v1/object_2002/early/k4/offline_evaluation.json,9f6b4c3b9e82169abce3afd8574eff08ded6c38a82f33992dcbaf5ad1f1020e6,b132873fc24a859cf9bf4a6142c45d0f560933a48e86a73a4418f96957e53e5d,MEASURED,0.0003429832355407844,0.0003429832355407844,1.0,0.0003429832355407844,4,1,24,6,30,2.163982500031125,ORIGINAL_SHARED_ACQUISITION,,1,0.0006891547974062239,0.0003461715618654395,-3.1648077343060444e-21,-2.0713600299067067e-20,0.0,6.470350573453869e-12,g(0) only; g(x) NOT_SAVED,False,0.4976448431133674,True,OWNER_NOT_ASSIGNED
closure_saved_frozen,2002,early,8,original_top2_cap3,evidence/project/Gaussian/A17/CLOSURE_R1/remote_snapshots/primary_complete_v1/results/locked_validation_v1/object_2002/early/k8/offline_evaluation.json,45da71e9a5b9dc376426c58c306e85bac2b5837bb6a1b70c7d980c5ef8b516f6,26c129fa38d4fb43c2905c7789036798a342c8fa3445214f275031cc28beac9a,MEASURED,1.1311589556081621e-05,1.1311589556081651e-05,1.0,1.1311589556081651e-05,4,1,24,6,30,1.4012876999913715,ORIGINAL_SHARED_ACQUISITION,,1,0.00022409330706022818,0.00021278171750414656,1.0062784057139544e-20,1.2596217592706675e-20,-3.049318610115481e-20,6.470350573453869e-12,g(0) only; g(x) NOT_SAVED,False,0.4913776684025423,True,OWNER_NOT_ASSIGNED
closure_saved_frozen,2002,late,16,original_top2_cap3,evidence/project/Gaussian/A17/CLOSURE_R1/remote_snapshots/primary_complete_v1/results/locked_validation_v1/object_2002/late/k16/offline_evaluation.json,04805a4a388a1d118a15b0fa9596e5cffae0f9614a1c02725c8a8eae54a3d7a7,0fab9ecf6fb0b001f5f8830c7fdffc15c3c7ecf0a832dd80fd88d4317aff8a6c,MEASURED,1.8682872165122395e-07,1.8682872165122392e-07,1.0,1.8682872165122392e-07,6,1,36,6,42,4.204451399971731,ORIGINAL_SHARED_ACQUISITION,,3,2.741481596545216e-07,8.731943800329767e-08,-8.048566601465953e-24,4.963921752785337e-24,2.6469779601696886e-23,6.957386619275975e-12,g(0) only; g(x) NOT_SAVED,False,0.1989044126914635,True,OWNER_NOT_ASSIGNED
closure_saved_frozen,2002,late,4,original_top2_cap3,evidence/project/Gaussian/A17/CLOSURE_R1/remote_snapshots/primary_complete_v1/results/locked_validation_v1/object_2002/late/k4/offline_evaluation.json,fcc29222da05fce7d66aca4879f7ec6b3e47c79ce0d6d8c8d53e8237ed4874b7,4bc953f1a90dd258c35c4cf3d88a07985c50b08f51ad20d4c2019c52c4bd5a41,MEASURED,3.311855811468785e-05,3.311855811468773e-05,1.0,3.311855811468773e-05,6,1,36,6,42,2.5493306000134908,ORIGINAL_SHARED_ACQUISITION,,2,3.76057298564645e-05,4.487171741776649e-06,2.1854688985038287e-21,4.9521370924188134e-23,1.2197274440461925e-19,6.957386619275975e-12,g(0) only; g(x) NOT_SAVED,False,0.20368039959897485,True,OWNER_NOT_ASSIGNED
closure_saved_frozen,2002,late,8,original_top2_cap3,evidence/project/Gaussian/A17/CLOSURE_R1/remote_snapshots/primary_complete_v1/results/locked_validation_v1/object_2002/late/k8/offline_evaluation.json,4f37faa4a7fccf3304e41d2a8c1798bce169f2679aa0a8cc342ef0e309923f3f,77279c79fc5fe624ef78ae59696a4248d94e9ed2b8e0b7d98aadbe4c99bd7ea5,MEASURED,2.9694182633863493e-06,2.969418263386349e-06,1.0,2.969418263386349e-06,6,1,36,6,42,2.187431799946353,ORIGINAL_SHARED_ACQUISITION,,3,3.4102060681535615e-06,4.4078780476721216e-07,1.0542284319361175e-22,2.4715754638923484e-23,4.235164736271502e-22,6.957386619275975e-12,g(0) only; g(x) NOT_SAVED,False,0.2005227353411676,True,OWNER_NOT_ASSIGNED
closure_saved_frozen,2002,middle,16,original_top2_cap3,evidence/project/Gaussian/A17/CLOSURE_R1/remote_snapshots/primary_complete_v1/results/locked_validation_v1/object_2002/middle/k16/offline_evaluation.json,d1c05f619c7fda19973afdd694d9946de002799c96c6f36eaa2b9f12e78ef09c,050c8de01dabfa0bf3eb3787e45855d7e4fa670dd88839448e4a14b41f4dbb7f,MEASURED,2.5144041105977777e-06,2.5144041105977777e-06,1.0,2.5144041105977777e-06,6,1,36,6,42,4.191160799993668,ORIGINAL_SHARED_ACQUISITION,,3,5.4400289712050664e-06,2.9256248606072887e-06,-3.3872531792766005e-22,8.596362629061073e-23,0.0,5.481550240597161e-12,g(0) only; g(x) NOT_SAVED,False,0.3185271611349301,True,OWNER_NOT_ASSIGNED
closure_saved_frozen,2002,middle,4,original_top2_cap3,evidence/project/Gaussian/A17/CLOSURE_R1/remote_snapshots/primary_complete_v1/results/locked_validation_v1/object_2002/middle/k4/offline_evaluation.json,46ecbba5357f67ad58dc8550438baff03e8de89a0585600b65f81f2560c59376,4c15535905fac2cf6af4b13653f72571674922d3f4b1ad5d50374c3549a737c7,MEASURED,5.135427864283972e-05,5.1354278642839776e-05,1.0,5.1354278642839776e-05,6,1,36,6,42,2.5927050999598578,ORIGINAL_SHARED_ACQUISITION,,3,7.119329782337559e-05,1.9839019180535867e-05,-6.203666143617497e-21,-1.6404525469384556e-21,-5.421010862427522e-20,5.481550240597161e-12,g(0) only; g(x) NOT_SAVED,False,0.34140708163527717,True,OWNER_NOT_ASSIGNED
closure_saved_frozen,2002,middle,8,original_top2_cap3,evidence/project/Gaussian/A17/CLOSURE_R1/remote_snapshots/primary_complete_v1/results/locked_validation_v1/object_2002/middle/k8/offline_evaluation.json,2c13c3a641db71d26a4788ef743ae974c602db713009f3ac96123c6f2cb42761,de368249a12cdd98d7b647c4fcabe305f6ba6b1ecb5b95b15403959b3c5f6171,MEASURED,3.381854481414724e-05,3.38185448141472e-05,1.0,3.38185448141472e-05,6,1,36,6,42,2.1593225999968126,ORIGINAL_SHARED_ACQUISITION,,3,5.022639518576049e-05,1.6407850371613245e-05,3.3017002575414303e-21,-1.0473953835217763e-21,4.0657581468206416e-20,5.481550240597161e-12,g(0) only; g(x) NOT_SAVED,False,0.33212115835093114,True,OWNER_NOT_ASSIGNED
