scope,object,comparison_stratum,method,unique_repetitions,measurement_status,gate_decision,child_wall_total_s_n,child_wall_total_s_median,child_wall_total_s_mad,child_wall_total_s_min,child_wall_total_s_max,child_wall_total_s_std,online_stage_exclusive_sum_s_n,online_stage_exclusive_sum_s_median,online_stage_exclusive_sum_s_mad,online_stage_exclusive_sum_s_min,online_stage_exclusive_sum_s_max,online_stage_exclusive_sum_s_std,online_driver_policy_sum_s_n,online_driver_policy_sum_s_median,online_driver_policy_sum_s_mad,online_driver_policy_sum_s_min,online_driver_policy_sum_s_max,online_driver_policy_sum_s_std,material_complex_relative_n,material_complex_relative_median,material_complex_relative_mad,material_complex_relative_min,material_complex_relative_max,material_complex_relative_std,heldout_data_relative_n,heldout_data_relative_median,heldout_data_relative_mad,heldout_data_relative_min,heldout_data_relative_max,heldout_data_relative_std,Jd_directions_n,Jd_directions_median,Jd_directions_mad,Jd_directions_min,Jd_directions_max,Jd_directions_std,accepted_updates_n,accepted_updates_median,accepted_updates_mad,accepted_updates_min,accepted_updates_max,accepted_updates_std,matched_receiver_wall_ratio_n,matched_receiver_wall_ratio_median,matched_receiver_wall_ratio_mad,matched_receiver_wall_ratio_min,matched_receiver_wall_ratio_max,matched_receiver_wall_ratio_std,matched_original_wall_ratio_n,matched_original_wall_ratio_median,matched_original_wall_ratio_mad,matched_original_wall_ratio_min,matched_original_wall_ratio_max,matched_original_wall_ratio_std
closure_saved_nonlinear,2002,a17.closure.nonlinear_transfer.v1|07bc4efd04a87f88623b123fc1df4beb335c818c8e4a9418a75a544de3ee273d,receiver_only,[null],PARTIAL,OWNER_NOT_ASSIGNED,1,216.4555556999985,0.0,216.4555556999985,216.4555556999985,,0,,,,,,1,4.787568600149825,0.0,4.787568600149825,4.787568600149825,,1,0.30265989991235853,0.0,0.30265989991235853,0.30265989991235853,,1,0.006637256077039983,0.0,0.006637256077039983,0.006637256077039983,,1,0,0,0,0,,1,18,0,18,18,,1,1.0,0.0,1.0,1.0,,0,,,,,
closure_saved_nonlinear,2002,a17.closure.nonlinear_transfer.v1|07bc4efd04a87f88623b123fc1df4beb335c818c8e4a9418a75a544de3ee273d,verified_exchange,[null],PARTIAL,OWNER_NOT_ASSIGNED,1,579.8921897999826,0.0,579.8921897999826,579.8921897999826,,1,32.50268310017418,0.0,32.50268310017418,32.50268310017418,,1,248.2050617999048,0.0,248.2050617999048,248.2050617999048,,1,0.2698557010210403,0.0,0.2698557010210403,0.2698557010210403,,1,0.0028364970125612566,0.0,0.0028364970125612566,0.0028364970125612566,,1,100,0,100,100,,1,18,0,18,18,,1,2.679035832204267,0.0,2.679035832204267,2.679035832204267,,0,,,,,
closure_saved_nonlinear,2009,a17.closure.nonlinear_transfer.v1|07bc4efd04a87f88623b123fc1df4beb335c818c8e4a9418a75a544de3ee273d,receiver_only,[null],PARTIAL,OWNER_NOT_ASSIGNED,1,405.90425640001195,0.0,405.90425640001195,405.90425640001195,,0,,,,,,1,3.5754357998957857,0.0,3.5754357998957857,3.5754357998957857,,1,0.609640498111005,0.0,0.609640498111005,0.609640498111005,,1,0.014189977176007021,0.0,0.014189977176007021,0.014189977176007021,,1,0,0,0,0,,1,18,0,18,18,,1,1.0,0.0,1.0,1.0,,0,,,,,
closure_saved_nonlinear,2009,a17.closure.nonlinear_transfer.v1|07bc4efd04a87f88623b123fc1df4beb335c818c8e4a9418a75a544de3ee273d,verified_exchange,[null],PARTIAL,OWNER_NOT_ASSIGNED,1,592.2920954999863,0.0,592.2920954999863,592.2920954999863,,1,20.58914650074439,0.0,20.58914650074439,20.58914650074439,,1,224.4079380996991,0.0,224.4079380996991,224.4079380996991,,1,0.5659891533320636,0.0,0.5659891533320636,0.5659891533320636,,1,0.012179283961979336,0.0,0.012179283961979336,0.012179283961979336,,1,106,0,106,106,,1,18,0,18,18,,1,1.4591916348772953,0.0,1.4591916348772953,1.4591916348772953,,0,,,,,
eff_nonlinear,2002,a17.efficiency.nonlinear_reuse_transfer.v1|472d0749d894cc092304b8808527600cb3c9caa8085ce9480e8be06917b2a941|sources=95740c633b3d4240e9b0292c0a18c7d65a561d6a9d2fe9cc52951c5e8a6e9d4c|driver=fb633f0ac6f517033ff3d0a4ab25e6868f94fd80b75125f8eb3a31096dc9005a,reuse_previous:geometry_cache,[0],PARTIAL,OWNER_NOT_ASSIGNED,1,664.9003737999592,0.0,664.9003737999592,664.9003737999592,,1,21.450596000126097,0.0,21.450596000126097,21.450596000126097,,1,183.59491730009904,0.0,183.59491730009904,183.59491730009904,,1,0.3893114351339478,0.0,0.3893114351339478,0.3893114351339478,,1,0.011254538666160725,0.0,0.011254538666160725,0.011254538666160725,,1,58,0,58,58,,1,18,0,18,18,,0,,,,,,0,,,,,
eff_nonlinear,2002,a17.efficiency.nonlinear_reuse_transfer.v1|472d0749d894cc092304b8808527600cb3c9caa8085ce9480e8be06917b2a941|sources=95740c633b3d4240e9b0292c0a18c7d65a561d6a9d2fe9cc52951c5e8a6e9d4c|driver=fb633f0ac6f517033ff3d0a4ab25e6868f94fd80b75125f8eb3a31096dc9005a,reuse_reset3:geometry_cache,[0],PARTIAL,OWNER_NOT_ASSIGNED,1,471.1663362000254,0.0,471.1663362000254,471.1663362000254,,1,24.778460099652875,0.0,24.778460099652875,24.778460099652875,,1,187.05324489995837,0.0,187.05324489995837,187.05324489995837,,1,0.2982025216972302,0.0,0.2982025216972302,0.2982025216972302,,1,0.004664765792724966,0.0,0.004664765792724966,0.004664765792724966,,1,70,0,70,70,,1,18,0,18,18,,0,,,,,,0,,,,,
eff_nonlinear,2002,a17.efficiency.nonlinear_top1cap3_transfer.v1|b3ce29f8016755e3803deae2eb8b5b3c353a5fb9872c75edd7a415e158e318b9|sources=0ae607cd593148eb2d27d00e8688245b5b4ab764ec539e204a53627744b8dbae|driver=66f7f4be7078cb95b119fec1011823631d62e0521056e1c5b6c7cb4cb1680acc,top1_cap3:geometry_cache,"[0, 1, 2]",COMPLETE_MEASUREMENT_GRID,OWNER_NOT_ASSIGNED,3,425.03123689995846,0.135670899937395,424.89556600002106,425.46944789995905,0.29993774595399403,3,30.43915259995265,0.07554040028480813,30.074840299785137,30.514693000237457,0.2351950262455009,3,192.4714304000372,0.055437000293750316,191.62106050009606,192.52686740033096,0.5077217689904291,3,0.2636868606845988,0.0,0.2636868606845988,0.2636868606845988,0.0,3,0.0025458184043677078,0.0,0.0025458184043677078,0.0025458184043677078,0.0,3,50,0,50,50,0.0,3,18,0,18,18,0.0,0,,,,,,0,,,,,
eff_nonlinear,2002,a17.efficiency.nonlinear_transfer.v1|988f1c0f2abec91f01cf3a472834e89d56cee90d5bf7ae4ab0d6167d95506648|sources=a6cccb252761d44a51b53c345c315092b265cf858cff28f5f8c43d37b78fd7d1|driver=fe1efc44b7bb83451a84c1563c664217ab6aebc675f8c910c0a3ba8ee6901864,original_top2_cap3:geometry_cache,"[0, 1, 2]",COMPLETE_MEASUREMENT_GRID,OWNER_NOT_ASSIGNED,3,528.1471921000048,0.014737099991180003,528.1324550000136,529.0343863000162,0.5165286053025026,3,32.80587880051462,0.3100175009458326,32.49586129956879,33.33529489970533,0.42446849628156724,3,194.930869799864,0.060448199743404984,194.8704216001206,196.1843830998987,0.741782133459138,3,0.2698557010210403,0.0,0.2698557010210403,0.2698557010210403,0.0,3,0.0028364970125612566,0.0,0.0028364970125612566,0.0028364970125612566,0.0,3,100,0,100,100,0.0,3,18,0,18,18,0.0,3,2.4332644416600253,0.005911198040299048,2.4218319294379476,2.4391756397003244,0.00881711294061031,3,0.9088275724206241,0.0003375300147027138,0.9084900424059213,0.9096676901196672,0.0006064347171187721
eff_nonlinear,2002,a17.efficiency.nonlinear_transfer.v1|988f1c0f2abec91f01cf3a472834e89d56cee90d5bf7ae4ab0d6167d95506648|sources=a6cccb252761d44a51b53c345c315092b265cf858cff28f5f8c43d37b78fd7d1|driver=fe1efc44b7bb83451a84c1563c664217ab6aebc675f8c910c0a3ba8ee6901864,original_top2_cap3:uncached,"[0, 1, 2]",COMPLETE_MEASUREMENT_GRID,OWNER_NOT_ASSIGNED,3,581.346154000028,0.7602898999466561,580.57734790002,582.1064438999747,0.7645519525020406,3,33.17515960003948,0.039976700383704156,33.10656659991946,33.21513630042318,0.05490979892287146,3,248.27320820005843,0.2461727000772953,248.02703549998114,248.7972019002773,0.3933460478758954,3,0.2698557010210403,0.0,0.2698557010210403,0.2698557010210403,0.0,3,0.0028364970125612566,0.0,0.0028364970125612566,0.0028364970125612566,0.0,3,100,0,100,100,0.0,3,18,0,18,18,0.0,3,2.6783611576150013,0.005509483769351231,2.6623259853489514,2.6838706413843525,0.011192656556051875,3,1.0,0.0,1.0,1.0,0.0
eff_nonlinear,2002,a17.efficiency.nonlinear_transfer.v1|988f1c0f2abec91f01cf3a472834e89d56cee90d5bf7ae4ab0d6167d95506648|sources=a6cccb252761d44a51b53c345c315092b265cf858cff28f5f8c43d37b78fd7d1|driver=fe1efc44b7bb83451a84c1563c664217ab6aebc675f8c910c0a3ba8ee6901864,receiver_only:uncached,"[0, 1, 2]",COMPLETE_MEASUREMENT_GRID,OWNER_NOT_ASSIGNED,3,217.05293639999582,0.1622878999914974,216.89064850000432,218.07147249998525,0.6400649014483216,0,,,,,,3,4.830163800099399,0.019223199924454093,4.750814000144601,4.849387000023853,0.05225348229766933,3,0.30265989991235853,0.0,0.30265989991235853,0.30265989991235853,0.0,3,0.006637256077039983,0.0,0.006637256077039983,0.006637256077039983,0.0,3,0,0,0,0,0.0,3,18,0,18,18,0.0,3,1.0,0.0,1.0,1.0,0.0,3,0.3733626427327931,0.0007664435790978308,0.3725961991536953,0.3756114035257519,0.0015671533784305698
eff_nonlinear,2002,a17.efficiency.nonlinear_transfer.v1|988f1c0f2abec91f01cf3a472834e89d56cee90d5bf7ae4ab0d6167d95506648|sources=a6cccb252761d44a51b53c345c315092b265cf858cff28f5f8c43d37b78fd7d1|driver=fe1efc44b7bb83451a84c1563c664217ab6aebc675f8c910c0a3ba8ee6901864,top1_cap2:geometry_cache,"[0, 1, 2]",COMPLETE_MEASUREMENT_GRID,OWNER_NOT_ASSIGNED,3,466.857052700012,0.8006747000617906,466.0563779999502,467.90722970000934,0.9282244450431758,3,23.609285299724434,0.04275449994020164,23.566530799784232,24.050086799950805,0.26769395310193644,3,183.58038109983318,0.15544409968424588,183.42493700014893,184.240013700095,0.43274859180395064,3,0.28590429092219277,0.0,0.28590429092219277,0.28590429092219277,0.0,3,0.003436220019210295,0.0,0.003436220019210295,0.003436220019210295,0.0,3,36,0,36,36,0.0,3,18,0,18,18,0.0,3,2.1472014418689023,0.0063572161298224295,2.14084422573908,2.1573416509010994,0.00832068780324443,3,0.8038172994017078,0.00030820495814976034,0.8016848048158374,0.8041255043598575,0.0013291311522428738
eff_nonlinear,2009,a17.efficiency.nonlinear_reuse_transfer.v1|472d0749d894cc092304b8808527600cb3c9caa8085ce9480e8be06917b2a941|sources=95740c633b3d4240e9b0292c0a18c7d65a561d6a9d2fe9cc52951c5e8a6e9d4c|driver=fb633f0ac6f517033ff3d0a4ab25e6868f94fd80b75125f8eb3a31096dc9005a,reuse_previous:geometry_cache,[0],PARTIAL,OWNER_NOT_ASSIGNED,1,605.6055908999988,0.0,605.6055908999988,605.6055908999988,,1,12.712758000125177,0.0,12.712758000125177,12.712758000125177,,1,164.52944970020326,0.0,164.52944970020326,164.52944970020326,,1,0.6476195067046642,0.0,0.6476195067046642,0.6476195067046642,,1,0.017395621309561415,0.0,0.017395621309561415,0.017395621309561415,,1,64,0,64,64,,1,18,0,18,18,,0,,,,,,0,,,,,
eff_nonlinear,2009,a17.efficiency.nonlinear_reuse_transfer.v1|472d0749d894cc092304b8808527600cb3c9caa8085ce9480e8be06917b2a941|sources=95740c633b3d4240e9b0292c0a18c7d65a561d6a9d2fe9cc52951c5e8a6e9d4c|driver=fb633f0ac6f517033ff3d0a4ab25e6868f94fd80b75125f8eb3a31096dc9005a,reuse_reset3:geometry_cache,[0],PARTIAL,OWNER_NOT_ASSIGNED,1,573.3473103999859,0.0,573.3473103999859,573.3473103999859,,1,15.330273699539248,0.0,15.330273699539248,15.330273699539248,,1,165.12810559989884,0.0,165.12810559989884,165.12810559989884,,1,0.5589652317085052,0.0,0.5589652317085052,0.5589652317085052,,1,0.012069696259660883,0.0,0.012069696259660883,0.012069696259660883,,1,78,0,78,78,,1,18,0,18,18,,0,,,,,,0,,,,,
eff_nonlinear,2009,a17.efficiency.nonlinear_top1cap3_transfer.v1|b3ce29f8016755e3803deae2eb8b5b3c353a5fb9872c75edd7a415e158e318b9|sources=0ae607cd593148eb2d27d00e8688245b5b4ab764ec539e204a53627744b8dbae|driver=66f7f4be7078cb95b119fec1011823631d62e0521056e1c5b6c7cb4cb1680acc,top1_cap3:geometry_cache,"[0, 1, 2]",COMPLETE_MEASUREMENT_GRID,OWNER_NOT_ASSIGNED,3,535.5980476000113,0.5546407999936491,535.0434068000177,539.8526239999919,2.631147304783512,3,16.62642829993274,0.04486240044934675,16.38167910015909,16.671290700382087,0.155879058219102,3,166.61907770001562,0.08734839991666377,164.99527370010037,166.7064260999323,0.9637091287104654,3,0.5413348367419729,0.0,0.5413348367419729,0.5413348367419729,0.0,3,0.011600403947968185,0.0,0.011600403947968185,0.011600403947968185,0.0,3,52,0,52,52,0.0,3,18,0,18,18,0.0,0,,,,,,0,,,,,
eff_nonlinear,2009,a17.efficiency.nonlinear_transfer.v1|988f1c0f2abec91f01cf3a472834e89d56cee90d5bf7ae4ab0d6167d95506648|sources=a6cccb252761d44a51b53c345c315092b265cf858cff28f5f8c43d37b78fd7d1|driver=fe1efc44b7bb83451a84c1563c664217ab6aebc675f8c910c0a3ba8ee6901864,original_top2_cap3:geometry_cache,"[0, 1, 2]",COMPLETE_MEASUREMENT_GRID,OWNER_NOT_ASSIGNED,3,539.2558660999639,0.1941017999779433,539.061764299986,540.116821100004,0.5615549649727266,3,20.363859999692068,0.23023969982750714,20.13362029986456,20.70399409980746,0.28694592902359123,3,169.6599105001078,0.0023006999399513006,169.65760980016785,171.08446350012673,0.8231310167251128,3,0.5659891533320636,0.0,0.5659891533320636,0.5659891533320636,0.0,3,0.012179283961979336,0.0,0.012179283961979336,0.012179283961979336,0.0,3,106,0,106,106,0.0,3,18,0,18,18,0.0,3,1.327746095534289,0.0015668768655126009,1.3261792186687764,1.3334317444297703,0.003816211829992455,3,0.9098032648439628,1.27052912244352e-05,0.9086403005017439,0.9098159701351872,0.0006751353657722159
eff_nonlinear,2009,a17.efficiency.nonlinear_transfer.v1|988f1c0f2abec91f01cf3a472834e89d56cee90d5bf7ae4ab0d6167d95506648|sources=a6cccb252761d44a51b53c345c315092b265cf858cff28f5f8c43d37b78fd7d1|driver=fe1efc44b7bb83451a84c1563c664217ab6aebc675f8c910c0a3ba8ee6901864,original_top2_cap3:uncached,"[0, 1, 2]",COMPLETE_MEASUREMENT_GRID,OWNER_NOT_ASSIGNED,3,592.7087276999955,0.2050677000079304,592.5036599999876,594.4231406000326,1.0540137670945944,3,20.363302100333385,0.03132319980068132,20.331978900532704,20.760399799910374,0.23882078108861662,3,223.8927123005269,0.7284046994755045,223.05700740014436,224.6211170000024,0.7826679720790017,3,0.5659891533320636,0.0,0.5659891533320636,0.5659891533320636,0.0,3,0.012179283961979336,0.0,0.012179283961979336,0.012179283961979336,0.0,3,106,0,106,106,0.0,3,18,0,18,18,0.0,3,1.4612449995901768,0.0035900648211473207,1.4576549347690295,1.4656059996744608,0.00398175673720251,3,1.0,0.0,1.0,1.0,0.0
eff_nonlinear,2009,a17.efficiency.nonlinear_transfer.v1|988f1c0f2abec91f01cf3a472834e89d56cee90d5bf7ae4ab0d6167d95506648|sources=a6cccb252761d44a51b53c345c315092b265cf858cff28f5f8c43d37b78fd7d1|driver=fe1efc44b7bb83451a84c1563c664217ab6aebc675f8c910c0a3ba8ee6901864,receiver_only:uncached,"[0, 1, 2]",COMPLETE_MEASUREMENT_GRID,OWNER_NOT_ASSIGNED,3,406.47731220000423,0.3149373999913223,404.412050599989,406.79224959999556,1.292919069524646,0,,,,,,3,3.549748699995689,0.01992340001743287,3.513799400010612,3.569672100013122,0.02831681668562049,3,0.609640498111005,0.0,0.609640498111005,0.609640498111005,0.0,3,0.014189977176007021,0.0,0.014189977176007021,0.014189977176007021,0.0,3,0,0,0,0,0.0,3,18,0,18,18,0.0,3,1.0,0.0,1.0,1.0,0.0,3,0.6843479363696447,0.001685483575833313,0.6823116173256109,0.6860334199454781,0.001863655228967588
eff_nonlinear,2009,a17.efficiency.nonlinear_transfer.v1|988f1c0f2abec91f01cf3a472834e89d56cee90d5bf7ae4ab0d6167d95506648|sources=a6cccb252761d44a51b53c345c315092b265cf858cff28f5f8c43d37b78fd7d1|driver=fe1efc44b7bb83451a84c1563c664217ab6aebc675f8c910c0a3ba8ee6901864,top1_cap2:geometry_cache,"[0, 1, 2]",COMPLETE_MEASUREMENT_GRID,OWNER_NOT_ASSIGNED,3,551.9268009000225,0.18875050003407523,551.7380503999884,552.339581999986,0.3076402806162222,3,11.702516800607555,0.0021493990789167583,11.613522899860982,11.704666199686471,0.052012234761913426,3,159.38736500003142,0.023027200368233025,159.3643377996632,159.44122710026568,0.039461674118870284,3,0.5465821877365741,0.0,0.5465821877365741,0.5465821877365741,0.0,3,0.011981911648931951,0.0,0.011981911648931951,0.011981911648931951,0.0,3,36,0,36,36,0.0,3,18,0,18,18,0.0,3,1.3573649348687626,0.0005868707764900005,1.3567780640922726,1.3657841826931973,0.00503882134848135,3,0.9311977083820883,0.000692706229044826,0.9285082682731484,0.9318904146111331,0.0017866096323705624
