scope,object,method,geometry_cache,repetition,source,result_sha256,config_sha256,comparison_stratum,match_identity_eligible,match_identity_errors,match_identity_source_sha256,match_identity_driver_sha256,match_identity_scope
closure_saved_nonlinear,2002,receiver_only,,,evidence/project/Gaussian/A17/CLOSURE_R1/remote_snapshots/nonlinear_phase_closed_v1/source/results/nonlinear_transfer_v1/object_2002/receiver_only/result.json,2102eb12148e472f6daca1807fb9e00e72de5842a476c2cbddd920a01e429e2f,07bc4efd04a87f88623b123fc1df4beb335c818c8e4a9418a75a544de3ee273d,a17.closure.nonlinear_transfer.v1|07bc4efd04a87f88623b123fc1df4beb335c818c8e4a9418a75a544de3ee273d,True,[],,,legacy_saved_schema_separate_scope
closure_saved_nonlinear,2002,verified_exchange,,,evidence/project/Gaussian/A17/CLOSURE_R1/remote_snapshots/nonlinear_phase_closed_v1/source/results/nonlinear_transfer_v1/object_2002/verified_exchange/result.json,612d46de2245ef57442dfaa0a2d6623094e96ad4cbfafc16a3c409cf778f25c5,07bc4efd04a87f88623b123fc1df4beb335c818c8e4a9418a75a544de3ee273d,a17.closure.nonlinear_transfer.v1|07bc4efd04a87f88623b123fc1df4beb335c818c8e4a9418a75a544de3ee273d,True,[],,,legacy_saved_schema_separate_scope
closure_saved_nonlinear,2009,receiver_only,,,evidence/project/Gaussian/A17/CLOSURE_R1/remote_snapshots/nonlinear_phase_closed_v1/source/results/nonlinear_transfer_v1/object_2009/receiver_only/result.json,a3538e3aa1914fc16dab599c4853fec0e29058a79cddb782b5ad4c94bed70fb0,07bc4efd04a87f88623b123fc1df4beb335c818c8e4a9418a75a544de3ee273d,a17.closure.nonlinear_transfer.v1|07bc4efd04a87f88623b123fc1df4beb335c818c8e4a9418a75a544de3ee273d,True,[],,,legacy_saved_schema_separate_scope
closure_saved_nonlinear,2009,verified_exchange,,,evidence/project/Gaussian/A17/CLOSURE_R1/remote_snapshots/nonlinear_phase_closed_v1/source/results/nonlinear_transfer_v1/object_2009/verified_exchange/result.json,be2398b5363b9284093e361cf9dfbb95240b95e2e6afab2fa19116289a70f015,07bc4efd04a87f88623b123fc1df4beb335c818c8e4a9418a75a544de3ee273d,a17.closure.nonlinear_transfer.v1|07bc4efd04a87f88623b123fc1df4beb335c818c8e4a9418a75a544de3ee273d,True,[],,,legacy_saved_schema_separate_scope
eff_nonlinear,2002,top1_cap3:geometry_cache,True,0,evidence/final_snapshot/results/nonlinear_top1cap3_transfer_v1/object_2002/top1_cap3_cache/rep0/result.json,ca114ca3dfe212d36bd20f8b34ce3aa01787d5954612bcf50324b92ece06acfa,b3ce29f8016755e3803deae2eb8b5b3c353a5fb9872c75edd7a415e158e318b9,a17.efficiency.nonlinear_top1cap3_transfer.v1|b3ce29f8016755e3803deae2eb8b5b3c353a5fb9872c75edd7a415e158e318b9|sources=0ae607cd593148eb2d27d00e8688245b5b4ab764ec539e204a53627744b8dbae|driver=66f7f4be7078cb95b119fec1011823631d62e0521056e1c5b6c7cb4cb1680acc,True,[],0ae607cd593148eb2d27d00e8688245b5b4ab764ec539e204a53627744b8dbae,66f7f4be7078cb95b119fec1011823631d62e0521056e1c5b6c7cb4cb1680acc,explicit_lock_source_driver_method_cache_rep
eff_nonlinear,2002,top1_cap3:geometry_cache,True,1,evidence/final_snapshot/results/nonlinear_top1cap3_transfer_v1/object_2002/top1_cap3_cache/rep1/result.json,c60a8815de965ad064a0e3f1c982717f13758e3fa0ab673ba87d260653245f93,b3ce29f8016755e3803deae2eb8b5b3c353a5fb9872c75edd7a415e158e318b9,a17.efficiency.nonlinear_top1cap3_transfer.v1|b3ce29f8016755e3803deae2eb8b5b3c353a5fb9872c75edd7a415e158e318b9|sources=0ae607cd593148eb2d27d00e8688245b5b4ab764ec539e204a53627744b8dbae|driver=66f7f4be7078cb95b119fec1011823631d62e0521056e1c5b6c7cb4cb1680acc,True,[],0ae607cd593148eb2d27d00e8688245b5b4ab764ec539e204a53627744b8dbae,66f7f4be7078cb95b119fec1011823631d62e0521056e1c5b6c7cb4cb1680acc,explicit_lock_source_driver_method_cache_rep
eff_nonlinear,2002,top1_cap3:geometry_cache,True,2,evidence/final_snapshot/results/nonlinear_top1cap3_transfer_v1/object_2002/top1_cap3_cache/rep2/result.json,4613a5bb0adb9d17646d77c3f45aa304dde9641d101b6d2afc9613a7913f789d,b3ce29f8016755e3803deae2eb8b5b3c353a5fb9872c75edd7a415e158e318b9,a17.efficiency.nonlinear_top1cap3_transfer.v1|b3ce29f8016755e3803deae2eb8b5b3c353a5fb9872c75edd7a415e158e318b9|sources=0ae607cd593148eb2d27d00e8688245b5b4ab764ec539e204a53627744b8dbae|driver=66f7f4be7078cb95b119fec1011823631d62e0521056e1c5b6c7cb4cb1680acc,True,[],0ae607cd593148eb2d27d00e8688245b5b4ab764ec539e204a53627744b8dbae,66f7f4be7078cb95b119fec1011823631d62e0521056e1c5b6c7cb4cb1680acc,explicit_lock_source_driver_method_cache_rep
eff_nonlinear,2009,top1_cap3:geometry_cache,True,0,evidence/final_snapshot/results/nonlinear_top1cap3_transfer_v1/object_2009/top1_cap3_cache/rep0/result.json,262bf190fa972a34f12e2c1d897874f246ce7b8a47ced7d38fdf6dfd90546e00,b3ce29f8016755e3803deae2eb8b5b3c353a5fb9872c75edd7a415e158e318b9,a17.efficiency.nonlinear_top1cap3_transfer.v1|b3ce29f8016755e3803deae2eb8b5b3c353a5fb9872c75edd7a415e158e318b9|sources=0ae607cd593148eb2d27d00e8688245b5b4ab764ec539e204a53627744b8dbae|driver=66f7f4be7078cb95b119fec1011823631d62e0521056e1c5b6c7cb4cb1680acc,True,[],0ae607cd593148eb2d27d00e8688245b5b4ab764ec539e204a53627744b8dbae,66f7f4be7078cb95b119fec1011823631d62e0521056e1c5b6c7cb4cb1680acc,explicit_lock_source_driver_method_cache_rep
eff_nonlinear,2009,top1_cap3:geometry_cache,True,1,evidence/final_snapshot/results/nonlinear_top1cap3_transfer_v1/object_2009/top1_cap3_cache/rep1/result.json,5c45c27b0e8b154d9f90f48ce51cdf3fb178072ad39bb895cfe1e5f00bd0e2d1,b3ce29f8016755e3803deae2eb8b5b3c353a5fb9872c75edd7a415e158e318b9,a17.efficiency.nonlinear_top1cap3_transfer.v1|b3ce29f8016755e3803deae2eb8b5b3c353a5fb9872c75edd7a415e158e318b9|sources=0ae607cd593148eb2d27d00e8688245b5b4ab764ec539e204a53627744b8dbae|driver=66f7f4be7078cb95b119fec1011823631d62e0521056e1c5b6c7cb4cb1680acc,True,[],0ae607cd593148eb2d27d00e8688245b5b4ab764ec539e204a53627744b8dbae,66f7f4be7078cb95b119fec1011823631d62e0521056e1c5b6c7cb4cb1680acc,explicit_lock_source_driver_method_cache_rep
eff_nonlinear,2009,top1_cap3:geometry_cache,True,2,evidence/final_snapshot/results/nonlinear_top1cap3_transfer_v1/object_2009/top1_cap3_cache/rep2/result.json,30b65fccbf5cd7299aefd8c12307d3aa09232e54fad3fcf72ecffb955b8b3fd4,b3ce29f8016755e3803deae2eb8b5b3c353a5fb9872c75edd7a415e158e318b9,a17.efficiency.nonlinear_top1cap3_transfer.v1|b3ce29f8016755e3803deae2eb8b5b3c353a5fb9872c75edd7a415e158e318b9|sources=0ae607cd593148eb2d27d00e8688245b5b4ab764ec539e204a53627744b8dbae|driver=66f7f4be7078cb95b119fec1011823631d62e0521056e1c5b6c7cb4cb1680acc,True,[],0ae607cd593148eb2d27d00e8688245b5b4ab764ec539e204a53627744b8dbae,66f7f4be7078cb95b119fec1011823631d62e0521056e1c5b6c7cb4cb1680acc,explicit_lock_source_driver_method_cache_rep
eff_nonlinear,2002,original_top2_cap3:geometry_cache,True,0,evidence/final_snapshot/results/nonlinear_transfer_v1/object_2002/original_top2_cap3_cache/rep0/result.json,03d1cea9d1c2187f45c8bce78b82d2124e0c729223f575ac586d0e1f9b12de12,988f1c0f2abec91f01cf3a472834e89d56cee90d5bf7ae4ab0d6167d95506648,a17.efficiency.nonlinear_transfer.v1|988f1c0f2abec91f01cf3a472834e89d56cee90d5bf7ae4ab0d6167d95506648|sources=a6cccb252761d44a51b53c345c315092b265cf858cff28f5f8c43d37b78fd7d1|driver=fe1efc44b7bb83451a84c1563c664217ab6aebc675f8c910c0a3ba8ee6901864,True,[],a6cccb252761d44a51b53c345c315092b265cf858cff28f5f8c43d37b78fd7d1,fe1efc44b7bb83451a84c1563c664217ab6aebc675f8c910c0a3ba8ee6901864,explicit_lock_source_driver_method_cache_rep
eff_nonlinear,2002,original_top2_cap3:geometry_cache,True,1,evidence/final_snapshot/results/nonlinear_transfer_v1/object_2002/original_top2_cap3_cache/rep1/result.json,6705050fa9f7141392c4dbc74ec69d984ffe708725195834bd9b057edb3f6f77,988f1c0f2abec91f01cf3a472834e89d56cee90d5bf7ae4ab0d6167d95506648,a17.efficiency.nonlinear_transfer.v1|988f1c0f2abec91f01cf3a472834e89d56cee90d5bf7ae4ab0d6167d95506648|sources=a6cccb252761d44a51b53c345c315092b265cf858cff28f5f8c43d37b78fd7d1|driver=fe1efc44b7bb83451a84c1563c664217ab6aebc675f8c910c0a3ba8ee6901864,True,[],a6cccb252761d44a51b53c345c315092b265cf858cff28f5f8c43d37b78fd7d1,fe1efc44b7bb83451a84c1563c664217ab6aebc675f8c910c0a3ba8ee6901864,explicit_lock_source_driver_method_cache_rep
eff_nonlinear,2002,original_top2_cap3:geometry_cache,True,2,evidence/final_snapshot/results/nonlinear_transfer_v1/object_2002/original_top2_cap3_cache/rep2/result.json,1baf42752f87d1b55ef874e01e7faacd574cd750808988ea279391a2321e24e7,988f1c0f2abec91f01cf3a472834e89d56cee90d5bf7ae4ab0d6167d95506648,a17.efficiency.nonlinear_transfer.v1|988f1c0f2abec91f01cf3a472834e89d56cee90d5bf7ae4ab0d6167d95506648|sources=a6cccb252761d44a51b53c345c315092b265cf858cff28f5f8c43d37b78fd7d1|driver=fe1efc44b7bb83451a84c1563c664217ab6aebc675f8c910c0a3ba8ee6901864,True,[],a6cccb252761d44a51b53c345c315092b265cf858cff28f5f8c43d37b78fd7d1,fe1efc44b7bb83451a84c1563c664217ab6aebc675f8c910c0a3ba8ee6901864,explicit_lock_source_driver_method_cache_rep
eff_nonlinear,2002,original_top2_cap3:uncached,False,0,evidence/final_snapshot/results/nonlinear_transfer_v1/object_2002/original_top2_cap3_no_cache/rep0/result.json,2f724362b4f4d70b5adafa8be2fbbf9a1838a15f09a03ce60269a16717b8bb4c,988f1c0f2abec91f01cf3a472834e89d56cee90d5bf7ae4ab0d6167d95506648,a17.efficiency.nonlinear_transfer.v1|988f1c0f2abec91f01cf3a472834e89d56cee90d5bf7ae4ab0d6167d95506648|sources=a6cccb252761d44a51b53c345c315092b265cf858cff28f5f8c43d37b78fd7d1|driver=fe1efc44b7bb83451a84c1563c664217ab6aebc675f8c910c0a3ba8ee6901864,True,[],a6cccb252761d44a51b53c345c315092b265cf858cff28f5f8c43d37b78fd7d1,fe1efc44b7bb83451a84c1563c664217ab6aebc675f8c910c0a3ba8ee6901864,explicit_lock_source_driver_method_cache_rep
eff_nonlinear,2002,original_top2_cap3:uncached,False,1,evidence/final_snapshot/results/nonlinear_transfer_v1/object_2002/original_top2_cap3_no_cache/rep1/result.json,f634339f574817171c358f4f0cbbb86248631ca8d6699b6f94c54a1d9421e667,988f1c0f2abec91f01cf3a472834e89d56cee90d5bf7ae4ab0d6167d95506648,a17.efficiency.nonlinear_transfer.v1|988f1c0f2abec91f01cf3a472834e89d56cee90d5bf7ae4ab0d6167d95506648|sources=a6cccb252761d44a51b53c345c315092b265cf858cff28f5f8c43d37b78fd7d1|driver=fe1efc44b7bb83451a84c1563c664217ab6aebc675f8c910c0a3ba8ee6901864,True,[],a6cccb252761d44a51b53c345c315092b265cf858cff28f5f8c43d37b78fd7d1,fe1efc44b7bb83451a84c1563c664217ab6aebc675f8c910c0a3ba8ee6901864,explicit_lock_source_driver_method_cache_rep
eff_nonlinear,2002,original_top2_cap3:uncached,False,2,evidence/final_snapshot/results/nonlinear_transfer_v1/object_2002/original_top2_cap3_no_cache/rep2/result.json,32ae2c5d2984b1a25fbf4f87739ca7de1afec4076f631f2f9b191a669f2ef30d,988f1c0f2abec91f01cf3a472834e89d56cee90d5bf7ae4ab0d6167d95506648,a17.efficiency.nonlinear_transfer.v1|988f1c0f2abec91f01cf3a472834e89d56cee90d5bf7ae4ab0d6167d95506648|sources=a6cccb252761d44a51b53c345c315092b265cf858cff28f5f8c43d37b78fd7d1|driver=fe1efc44b7bb83451a84c1563c664217ab6aebc675f8c910c0a3ba8ee6901864,True,[],a6cccb252761d44a51b53c345c315092b265cf858cff28f5f8c43d37b78fd7d1,fe1efc44b7bb83451a84c1563c664217ab6aebc675f8c910c0a3ba8ee6901864,explicit_lock_source_driver_method_cache_rep
eff_nonlinear,2002,receiver_only:uncached,False,0,evidence/final_snapshot/results/nonlinear_transfer_v1/object_2002/receiver_only_no_cache/rep0/result.json,0b77ca9f3605643f49977e85d5baadaa230198f652d337f8256765ef276118ab,988f1c0f2abec91f01cf3a472834e89d56cee90d5bf7ae4ab0d6167d95506648,a17.efficiency.nonlinear_transfer.v1|988f1c0f2abec91f01cf3a472834e89d56cee90d5bf7ae4ab0d6167d95506648|sources=a6cccb252761d44a51b53c345c315092b265cf858cff28f5f8c43d37b78fd7d1|driver=fe1efc44b7bb83451a84c1563c664217ab6aebc675f8c910c0a3ba8ee6901864,True,[],a6cccb252761d44a51b53c345c315092b265cf858cff28f5f8c43d37b78fd7d1,fe1efc44b7bb83451a84c1563c664217ab6aebc675f8c910c0a3ba8ee6901864,explicit_lock_source_driver_method_cache_rep
eff_nonlinear,2002,receiver_only:uncached,False,1,evidence/final_snapshot/results/nonlinear_transfer_v1/object_2002/receiver_only_no_cache/rep1/result.json,3ce42a2f182c4669373ac11a07e72b06ec92aa6a353fbe53ddb4f905b256786c,988f1c0f2abec91f01cf3a472834e89d56cee90d5bf7ae4ab0d6167d95506648,a17.efficiency.nonlinear_transfer.v1|988f1c0f2abec91f01cf3a472834e89d56cee90d5bf7ae4ab0d6167d95506648|sources=a6cccb252761d44a51b53c345c315092b265cf858cff28f5f8c43d37b78fd7d1|driver=fe1efc44b7bb83451a84c1563c664217ab6aebc675f8c910c0a3ba8ee6901864,True,[],a6cccb252761d44a51b53c345c315092b265cf858cff28f5f8c43d37b78fd7d1,fe1efc44b7bb83451a84c1563c664217ab6aebc675f8c910c0a3ba8ee6901864,explicit_lock_source_driver_method_cache_rep
eff_nonlinear,2002,receiver_only:uncached,False,2,evidence/final_snapshot/results/nonlinear_transfer_v1/object_2002/receiver_only_no_cache/rep2/result.json,6b6c164531b7024f03aaddd9a1d5a6f5e63d22d6622ba8b26df93e5a3fc1e8ac,988f1c0f2abec91f01cf3a472834e89d56cee90d5bf7ae4ab0d6167d95506648,a17.efficiency.nonlinear_transfer.v1|988f1c0f2abec91f01cf3a472834e89d56cee90d5bf7ae4ab0d6167d95506648|sources=a6cccb252761d44a51b53c345c315092b265cf858cff28f5f8c43d37b78fd7d1|driver=fe1efc44b7bb83451a84c1563c664217ab6aebc675f8c910c0a3ba8ee6901864,True,[],a6cccb252761d44a51b53c345c315092b265cf858cff28f5f8c43d37b78fd7d1,fe1efc44b7bb83451a84c1563c664217ab6aebc675f8c910c0a3ba8ee6901864,explicit_lock_source_driver_method_cache_rep
eff_nonlinear,2002,reuse_previous:geometry_cache,True,0,evidence/final_snapshot/results/nonlinear_transfer_v1/object_2002/reuse_previous_cache/rep0/result.json,2302b0438a2b734492a9e7e2c99520164889e0ff844e9092748a9df8397594d4,472d0749d894cc092304b8808527600cb3c9caa8085ce9480e8be06917b2a941,a17.efficiency.nonlinear_reuse_transfer.v1|472d0749d894cc092304b8808527600cb3c9caa8085ce9480e8be06917b2a941|sources=95740c633b3d4240e9b0292c0a18c7d65a561d6a9d2fe9cc52951c5e8a6e9d4c|driver=fb633f0ac6f517033ff3d0a4ab25e6868f94fd80b75125f8eb3a31096dc9005a,True,[],95740c633b3d4240e9b0292c0a18c7d65a561d6a9d2fe9cc52951c5e8a6e9d4c,fb633f0ac6f517033ff3d0a4ab25e6868f94fd80b75125f8eb3a31096dc9005a,explicit_lock_source_driver_method_cache_rep
eff_nonlinear,2002,reuse_reset3:geometry_cache,True,0,evidence/final_snapshot/results/nonlinear_transfer_v1/object_2002/reuse_reset3_cache/rep0/result.json,05f23399b923c69e3ae87257bcdbea9419d6bc59d05023b1b4cb2f131b6ae074,472d0749d894cc092304b8808527600cb3c9caa8085ce9480e8be06917b2a941,a17.efficiency.nonlinear_reuse_transfer.v1|472d0749d894cc092304b8808527600cb3c9caa8085ce9480e8be06917b2a941|sources=95740c633b3d4240e9b0292c0a18c7d65a561d6a9d2fe9cc52951c5e8a6e9d4c|driver=fb633f0ac6f517033ff3d0a4ab25e6868f94fd80b75125f8eb3a31096dc9005a,True,[],95740c633b3d4240e9b0292c0a18c7d65a561d6a9d2fe9cc52951c5e8a6e9d4c,fb633f0ac6f517033ff3d0a4ab25e6868f94fd80b75125f8eb3a31096dc9005a,explicit_lock_source_driver_method_cache_rep
eff_nonlinear,2002,top1_cap2:geometry_cache,True,0,evidence/final_snapshot/results/nonlinear_transfer_v1/object_2002/top1_cap2_cache/rep0/result.json,332830a7f3d0c03ba114c5ec0d7972997689e5fd763f8cac2b8750fffa803184,988f1c0f2abec91f01cf3a472834e89d56cee90d5bf7ae4ab0d6167d95506648,a17.efficiency.nonlinear_transfer.v1|988f1c0f2abec91f01cf3a472834e89d56cee90d5bf7ae4ab0d6167d95506648|sources=a6cccb252761d44a51b53c345c315092b265cf858cff28f5f8c43d37b78fd7d1|driver=fe1efc44b7bb83451a84c1563c664217ab6aebc675f8c910c0a3ba8ee6901864,True,[],a6cccb252761d44a51b53c345c315092b265cf858cff28f5f8c43d37b78fd7d1,fe1efc44b7bb83451a84c1563c664217ab6aebc675f8c910c0a3ba8ee6901864,explicit_lock_source_driver_method_cache_rep
eff_nonlinear,2002,top1_cap2:geometry_cache,True,1,evidence/final_snapshot/results/nonlinear_transfer_v1/object_2002/top1_cap2_cache/rep1/result.json,107ecdc7f23d376b45d22375d7c08434f8bc9547a446dbde53438039132705e2,988f1c0f2abec91f01cf3a472834e89d56cee90d5bf7ae4ab0d6167d95506648,a17.efficiency.nonlinear_transfer.v1|988f1c0f2abec91f01cf3a472834e89d56cee90d5bf7ae4ab0d6167d95506648|sources=a6cccb252761d44a51b53c345c315092b265cf858cff28f5f8c43d37b78fd7d1|driver=fe1efc44b7bb83451a84c1563c664217ab6aebc675f8c910c0a3ba8ee6901864,True,[],a6cccb252761d44a51b53c345c315092b265cf858cff28f5f8c43d37b78fd7d1,fe1efc44b7bb83451a84c1563c664217ab6aebc675f8c910c0a3ba8ee6901864,explicit_lock_source_driver_method_cache_rep
eff_nonlinear,2002,top1_cap2:geometry_cache,True,2,evidence/final_snapshot/results/nonlinear_transfer_v1/object_2002/top1_cap2_cache/rep2/result.json,279f41fc1af9320c2ee928c22f9b560788543479c141444fa0895f1ed96309ad,988f1c0f2abec91f01cf3a472834e89d56cee90d5bf7ae4ab0d6167d95506648,a17.efficiency.nonlinear_transfer.v1|988f1c0f2abec91f01cf3a472834e89d56cee90d5bf7ae4ab0d6167d95506648|sources=a6cccb252761d44a51b53c345c315092b265cf858cff28f5f8c43d37b78fd7d1|driver=fe1efc44b7bb83451a84c1563c664217ab6aebc675f8c910c0a3ba8ee6901864,True,[],a6cccb252761d44a51b53c345c315092b265cf858cff28f5f8c43d37b78fd7d1,fe1efc44b7bb83451a84c1563c664217ab6aebc675f8c910c0a3ba8ee6901864,explicit_lock_source_driver_method_cache_rep
eff_nonlinear,2009,original_top2_cap3:geometry_cache,True,0,evidence/final_snapshot/results/nonlinear_transfer_v1/object_2009/original_top2_cap3_cache/rep0/result.json,b72280487bff4cf2617f32bf0d2e6c0bca323446605a36e606fde4b29cb5b391,988f1c0f2abec91f01cf3a472834e89d56cee90d5bf7ae4ab0d6167d95506648,a17.efficiency.nonlinear_transfer.v1|988f1c0f2abec91f01cf3a472834e89d56cee90d5bf7ae4ab0d6167d95506648|sources=a6cccb252761d44a51b53c345c315092b265cf858cff28f5f8c43d37b78fd7d1|driver=fe1efc44b7bb83451a84c1563c664217ab6aebc675f8c910c0a3ba8ee6901864,True,[],a6cccb252761d44a51b53c345c315092b265cf858cff28f5f8c43d37b78fd7d1,fe1efc44b7bb83451a84c1563c664217ab6aebc675f8c910c0a3ba8ee6901864,explicit_lock_source_driver_method_cache_rep
eff_nonlinear,2009,original_top2_cap3:geometry_cache,True,1,evidence/final_snapshot/results/nonlinear_transfer_v1/object_2009/original_top2_cap3_cache/rep1/result.json,9a1713dea1b91d0597b593fdfbbd91deab2313a891a195c4ee51e388d78b36ac,988f1c0f2abec91f01cf3a472834e89d56cee90d5bf7ae4ab0d6167d95506648,a17.efficiency.nonlinear_transfer.v1|988f1c0f2abec91f01cf3a472834e89d56cee90d5bf7ae4ab0d6167d95506648|sources=a6cccb252761d44a51b53c345c315092b265cf858cff28f5f8c43d37b78fd7d1|driver=fe1efc44b7bb83451a84c1563c664217ab6aebc675f8c910c0a3ba8ee6901864,True,[],a6cccb252761d44a51b53c345c315092b265cf858cff28f5f8c43d37b78fd7d1,fe1efc44b7bb83451a84c1563c664217ab6aebc675f8c910c0a3ba8ee6901864,explicit_lock_source_driver_method_cache_rep
eff_nonlinear,2009,original_top2_cap3:geometry_cache,True,2,evidence/final_snapshot/results/nonlinear_transfer_v1/object_2009/original_top2_cap3_cache/rep2/result.json,fb6daffa2e519480cc81304f4874c1c652754149ebcfced4688ad59ffdba5878,988f1c0f2abec91f01cf3a472834e89d56cee90d5bf7ae4ab0d6167d95506648,a17.efficiency.nonlinear_transfer.v1|988f1c0f2abec91f01cf3a472834e89d56cee90d5bf7ae4ab0d6167d95506648|sources=a6cccb252761d44a51b53c345c315092b265cf858cff28f5f8c43d37b78fd7d1|driver=fe1efc44b7bb83451a84c1563c664217ab6aebc675f8c910c0a3ba8ee6901864,True,[],a6cccb252761d44a51b53c345c315092b265cf858cff28f5f8c43d37b78fd7d1,fe1efc44b7bb83451a84c1563c664217ab6aebc675f8c910c0a3ba8ee6901864,explicit_lock_source_driver_method_cache_rep
eff_nonlinear,2009,original_top2_cap3:uncached,False,0,evidence/final_snapshot/results/nonlinear_transfer_v1/object_2009/original_top2_cap3_no_cache/rep0/result.json,46a5cabbd5400bfce09b4b522d7bda426f42412ef0ce1b6a4fb45c110c22e61f,988f1c0f2abec91f01cf3a472834e89d56cee90d5bf7ae4ab0d6167d95506648,a17.efficiency.nonlinear_transfer.v1|988f1c0f2abec91f01cf3a472834e89d56cee90d5bf7ae4ab0d6167d95506648|sources=a6cccb252761d44a51b53c345c315092b265cf858cff28f5f8c43d37b78fd7d1|driver=fe1efc44b7bb83451a84c1563c664217ab6aebc675f8c910c0a3ba8ee6901864,True,[],a6cccb252761d44a51b53c345c315092b265cf858cff28f5f8c43d37b78fd7d1,fe1efc44b7bb83451a84c1563c664217ab6aebc675f8c910c0a3ba8ee6901864,explicit_lock_source_driver_method_cache_rep
eff_nonlinear,2009,original_top2_cap3:uncached,False,1,evidence/final_snapshot/results/nonlinear_transfer_v1/object_2009/original_top2_cap3_no_cache/rep1/result.json,3266aaea3cbcbc824d6aa41df820d9457d3f4012c848dd43f0b77ac1a8b82049,988f1c0f2abec91f01cf3a472834e89d56cee90d5bf7ae4ab0d6167d95506648,a17.efficiency.nonlinear_transfer.v1|988f1c0f2abec91f01cf3a472834e89d56cee90d5bf7ae4ab0d6167d95506648|sources=a6cccb252761d44a51b53c345c315092b265cf858cff28f5f8c43d37b78fd7d1|driver=fe1efc44b7bb83451a84c1563c664217ab6aebc675f8c910c0a3ba8ee6901864,True,[],a6cccb252761d44a51b53c345c315092b265cf858cff28f5f8c43d37b78fd7d1,fe1efc44b7bb83451a84c1563c664217ab6aebc675f8c910c0a3ba8ee6901864,explicit_lock_source_driver_method_cache_rep
eff_nonlinear,2009,original_top2_cap3:uncached,False,2,evidence/final_snapshot/results/nonlinear_transfer_v1/object_2009/original_top2_cap3_no_cache/rep2/result.json,403480030b9bcaa18c5045eadce1b83b2b1eaba18f7953cbacefc6e94a3e6e69,988f1c0f2abec91f01cf3a472834e89d56cee90d5bf7ae4ab0d6167d95506648,a17.efficiency.nonlinear_transfer.v1|988f1c0f2abec91f01cf3a472834e89d56cee90d5bf7ae4ab0d6167d95506648|sources=a6cccb252761d44a51b53c345c315092b265cf858cff28f5f8c43d37b78fd7d1|driver=fe1efc44b7bb83451a84c1563c664217ab6aebc675f8c910c0a3ba8ee6901864,True,[],a6cccb252761d44a51b53c345c315092b265cf858cff28f5f8c43d37b78fd7d1,fe1efc44b7bb83451a84c1563c664217ab6aebc675f8c910c0a3ba8ee6901864,explicit_lock_source_driver_method_cache_rep
eff_nonlinear,2009,receiver_only:uncached,False,0,evidence/final_snapshot/results/nonlinear_transfer_v1/object_2009/receiver_only_no_cache/rep0/result.json,b5ff2e94c58253441eaa10b33d937724d8e354be1f14a35227f6ade4cb9ded91,988f1c0f2abec91f01cf3a472834e89d56cee90d5bf7ae4ab0d6167d95506648,a17.efficiency.nonlinear_transfer.v1|988f1c0f2abec91f01cf3a472834e89d56cee90d5bf7ae4ab0d6167d95506648|sources=a6cccb252761d44a51b53c345c315092b265cf858cff28f5f8c43d37b78fd7d1|driver=fe1efc44b7bb83451a84c1563c664217ab6aebc675f8c910c0a3ba8ee6901864,True,[],a6cccb252761d44a51b53c345c315092b265cf858cff28f5f8c43d37b78fd7d1,fe1efc44b7bb83451a84c1563c664217ab6aebc675f8c910c0a3ba8ee6901864,explicit_lock_source_driver_method_cache_rep
eff_nonlinear,2009,receiver_only:uncached,False,1,evidence/final_snapshot/results/nonlinear_transfer_v1/object_2009/receiver_only_no_cache/rep1/result.json,ee8759b02829c224cbf57a1e627d9d4e8b9717cbb3508757cbb252803ea8a4f3,988f1c0f2abec91f01cf3a472834e89d56cee90d5bf7ae4ab0d6167d95506648,a17.efficiency.nonlinear_transfer.v1|988f1c0f2abec91f01cf3a472834e89d56cee90d5bf7ae4ab0d6167d95506648|sources=a6cccb252761d44a51b53c345c315092b265cf858cff28f5f8c43d37b78fd7d1|driver=fe1efc44b7bb83451a84c1563c664217ab6aebc675f8c910c0a3ba8ee6901864,True,[],a6cccb252761d44a51b53c345c315092b265cf858cff28f5f8c43d37b78fd7d1,fe1efc44b7bb83451a84c1563c664217ab6aebc675f8c910c0a3ba8ee6901864,explicit_lock_source_driver_method_cache_rep
eff_nonlinear,2009,receiver_only:uncached,False,2,evidence/final_snapshot/results/nonlinear_transfer_v1/object_2009/receiver_only_no_cache/rep2/result.json,5aaa6ef44d5d3c4438163d09fc4fef7a96c6d5f9dc6994e54e1a8fb99c797af3,988f1c0f2abec91f01cf3a472834e89d56cee90d5bf7ae4ab0d6167d95506648,a17.efficiency.nonlinear_transfer.v1|988f1c0f2abec91f01cf3a472834e89d56cee90d5bf7ae4ab0d6167d95506648|sources=a6cccb252761d44a51b53c345c315092b265cf858cff28f5f8c43d37b78fd7d1|driver=fe1efc44b7bb83451a84c1563c664217ab6aebc675f8c910c0a3ba8ee6901864,True,[],a6cccb252761d44a51b53c345c315092b265cf858cff28f5f8c43d37b78fd7d1,fe1efc44b7bb83451a84c1563c664217ab6aebc675f8c910c0a3ba8ee6901864,explicit_lock_source_driver_method_cache_rep
eff_nonlinear,2009,reuse_previous:geometry_cache,True,0,evidence/final_snapshot/results/nonlinear_transfer_v1/object_2009/reuse_previous_cache/rep0/result.json,ebeb22796dd2a6823374c66610f8fc6208e9f250b89d4133d5d025d5666bb625,472d0749d894cc092304b8808527600cb3c9caa8085ce9480e8be06917b2a941,a17.efficiency.nonlinear_reuse_transfer.v1|472d0749d894cc092304b8808527600cb3c9caa8085ce9480e8be06917b2a941|sources=95740c633b3d4240e9b0292c0a18c7d65a561d6a9d2fe9cc52951c5e8a6e9d4c|driver=fb633f0ac6f517033ff3d0a4ab25e6868f94fd80b75125f8eb3a31096dc9005a,True,[],95740c633b3d4240e9b0292c0a18c7d65a561d6a9d2fe9cc52951c5e8a6e9d4c,fb633f0ac6f517033ff3d0a4ab25e6868f94fd80b75125f8eb3a31096dc9005a,explicit_lock_source_driver_method_cache_rep
eff_nonlinear,2009,reuse_reset3:geometry_cache,True,0,evidence/final_snapshot/results/nonlinear_transfer_v1/object_2009/reuse_reset3_cache/rep0/result.json,1a1f03071ed6318c9871cd417762ca60d873a940ef69fdee5f83cc6fd8648ef3,472d0749d894cc092304b8808527600cb3c9caa8085ce9480e8be06917b2a941,a17.efficiency.nonlinear_reuse_transfer.v1|472d0749d894cc092304b8808527600cb3c9caa8085ce9480e8be06917b2a941|sources=95740c633b3d4240e9b0292c0a18c7d65a561d6a9d2fe9cc52951c5e8a6e9d4c|driver=fb633f0ac6f517033ff3d0a4ab25e6868f94fd80b75125f8eb3a31096dc9005a,True,[],95740c633b3d4240e9b0292c0a18c7d65a561d6a9d2fe9cc52951c5e8a6e9d4c,fb633f0ac6f517033ff3d0a4ab25e6868f94fd80b75125f8eb3a31096dc9005a,explicit_lock_source_driver_method_cache_rep
eff_nonlinear,2009,top1_cap2:geometry_cache,True,0,evidence/final_snapshot/results/nonlinear_transfer_v1/object_2009/top1_cap2_cache/rep0/result.json,249336d3e6be1dbd182f342612f91a6a035d032f430c9448f3bfaf6b7ed24bda,988f1c0f2abec91f01cf3a472834e89d56cee90d5bf7ae4ab0d6167d95506648,a17.efficiency.nonlinear_transfer.v1|988f1c0f2abec91f01cf3a472834e89d56cee90d5bf7ae4ab0d6167d95506648|sources=a6cccb252761d44a51b53c345c315092b265cf858cff28f5f8c43d37b78fd7d1|driver=fe1efc44b7bb83451a84c1563c664217ab6aebc675f8c910c0a3ba8ee6901864,True,[],a6cccb252761d44a51b53c345c315092b265cf858cff28f5f8c43d37b78fd7d1,fe1efc44b7bb83451a84c1563c664217ab6aebc675f8c910c0a3ba8ee6901864,explicit_lock_source_driver_method_cache_rep
eff_nonlinear,2009,top1_cap2:geometry_cache,True,1,evidence/final_snapshot/results/nonlinear_transfer_v1/object_2009/top1_cap2_cache/rep1/result.json,77e26c72ae57609f6745b31d1e96c80f204a89a500a9ab13b197257d257d56f8,988f1c0f2abec91f01cf3a472834e89d56cee90d5bf7ae4ab0d6167d95506648,a17.efficiency.nonlinear_transfer.v1|988f1c0f2abec91f01cf3a472834e89d56cee90d5bf7ae4ab0d6167d95506648|sources=a6cccb252761d44a51b53c345c315092b265cf858cff28f5f8c43d37b78fd7d1|driver=fe1efc44b7bb83451a84c1563c664217ab6aebc675f8c910c0a3ba8ee6901864,True,[],a6cccb252761d44a51b53c345c315092b265cf858cff28f5f8c43d37b78fd7d1,fe1efc44b7bb83451a84c1563c664217ab6aebc675f8c910c0a3ba8ee6901864,explicit_lock_source_driver_method_cache_rep
eff_nonlinear,2009,top1_cap2:geometry_cache,True,2,evidence/final_snapshot/results/nonlinear_transfer_v1/object_2009/top1_cap2_cache/rep2/result.json,a38abe75dd22fab152618899cb4bfc70fb796e9aa9f30675e2a6fd7ce64afd32,988f1c0f2abec91f01cf3a472834e89d56cee90d5bf7ae4ab0d6167d95506648,a17.efficiency.nonlinear_transfer.v1|988f1c0f2abec91f01cf3a472834e89d56cee90d5bf7ae4ab0d6167d95506648|sources=a6cccb252761d44a51b53c345c315092b265cf858cff28f5f8c43d37b78fd7d1|driver=fe1efc44b7bb83451a84c1563c664217ab6aebc675f8c910c0a3ba8ee6901864,True,[],a6cccb252761d44a51b53c345c315092b265cf858cff28f5f8c43d37b78fd7d1,fe1efc44b7bb83451a84c1563c664217ab6aebc675f8c910c0a3ba8ee6901864,explicit_lock_source_driver_method_cache_rep
