attempt,unit,status,occupation_s,occupation_charged,start_source,start_line,end_source,end_line,config_sha256,identity_sha256,monitor_error_count,monitor_cpu_s_nested,successful_preflight_wall_s_nested,exit_code,child_wall_s,child_wall_status,version,method,object,repetition,geometry_cache,method_metadata_status
a17_efficiency_cache_block_v1_2002_3110e7d2af7c43a6897883738916d7c7,cache_block_v1_2002,CLOSED_SUCCESS,31.25,True,execution/gpu_attempts.jsonl,11,execution/gpu_attempts.jsonl,12,0b7ce0bec08dd29aa855abe72317d338e6b1874550f80a4966e7e65ee83ea584,c51955a3023e184a7c5f96d051b3c70eb4605cdbe82094cc411396f3c6f4019a,0,0.765625,0.7189999999827705,0,,NOT_MEASURED_FROM_EXECUTION_LEDGERS,,,2002,,,NOT_DECLARED
a17_efficiency_cache_block_v2_2002_d3e9fc6681cc457aac1b516a7a548f84,cache_block_v2_2002,CLOSED_SUCCESS,27.18699999997625,True,execution/gpu_attempts.jsonl,13,execution/gpu_attempts.jsonl,14,dc7d16e5ebd766865cdea08ea6a5ac7ead34c9dadc32c52dc85ebf157a40b27d,2f9c880bc3face55c21f28f9efe3751804e7898835757301ff8de825197033f1,0,0.9375,0.7339999999967404,0,,NOT_MEASURED_FROM_EXECUTION_LEDGERS,,,2002,,,NOT_DECLARED
a17_efficiency_cache_block_v2_2009_59a302ecf84d4d24a3d14d0bb6e628a1,cache_block_v2_2009,CLOSED_SUCCESS,26.06199999997625,True,execution/gpu_attempts.jsonl,15,execution/gpu_attempts.jsonl,16,23dc9be4b9808f0d813fe2e3f41578e160b2b879f6c80b60fb85feb33fed57de,eb26f49ac42d812017bea47195e109a7dee6d28b86f1e856899a8d6cb1f9170b,0,0.75,0.6869999999762513,0,,NOT_MEASURED_FROM_EXECUTION_LEDGERS,,,2009,,,NOT_DECLARED
a17_efficiency_frozen_pilot_v1_2002_554e428f4d3a496193c84f1419c5ab45,frozen_pilot_v1_2002,CLOSED_SUCCESS,114.01600000000326,True,execution/gpu_attempts.jsonl,7,execution/gpu_attempts.jsonl,8,6a2ceab7e060227cc4418bc6cadf670cab93ddba955a359c4e2945ad7d83f9e0,7bcbf30f9350533ab4e7e549f8777e2d1b87f63414e60640055da90b4e9baa41,0,3.078125,0.7349999999860302,0,,NOT_MEASURED_FROM_EXECUTION_LEDGERS,,,2002,,,NOT_DECLARED
a17_efficiency_frozen_pilot_v1_2009_aed01ed4388843d79b19a859ad754f93,frozen_pilot_v1_2009,CLOSED_SUCCESS,86.89100000000326,True,execution/gpu_attempts.jsonl,9,execution/gpu_attempts.jsonl,10,6a2ceab7e060227cc4418bc6cadf670cab93ddba955a359c4e2945ad7d83f9e0,ff80543fffca8c519d660b886baf52142edda88ac828d7c067aa098224724c77,0,2.46875,0.7349999999860302,0,,NOT_MEASURED_FROM_EXECUTION_LEDGERS,,,2009,,,NOT_DECLARED
a17_efficiency_nleff_cond_v1_2002_top1_cap3_cache_r0_f5d4f1af4bab4c43995cf152369e05a7,nleff_cond_v1_2002_top1_cap3_cache_r0,CLOSED_SUCCESS,431.21899999998277,True,execution/gpu_attempts.jsonl,73,execution/gpu_attempts.jsonl,74,b3ce29f8016755e3803deae2eb8b5b3c353a5fb9872c75edd7a415e158e318b9,1bacce5b5f2c8ed92d9d57afe8c666fd52c1e90435495faa579a497ffffe455d,0,12.640625,0.7349999999860302,0,,NOT_MEASURED_FROM_EXECUTION_LEDGERS,a17.efficiency.nonlinear_top1cap3_transfer.v1,top1_cap3,2002,0,True,KNOWN_COMMAND_TOKENS_ONLY
a17_efficiency_nleff_cond_v1_2002_top1_cap3_cache_r1_f3a06e96eec24c64a7fecb90f10025f7,nleff_cond_v1_2002_top1_cap3_cache_r1,CLOSED_SUCCESS,431.0,True,execution/gpu_attempts.jsonl,79,execution/gpu_attempts.jsonl,80,b3ce29f8016755e3803deae2eb8b5b3c353a5fb9872c75edd7a415e158e318b9,1bacce5b5f2c8ed92d9d57afe8c666fd52c1e90435495faa579a497ffffe455d,0,12.453125,0.7189999999827705,0,,NOT_MEASURED_FROM_EXECUTION_LEDGERS,a17.efficiency.nonlinear_top1cap3_transfer.v1,top1_cap3,2002,1,True,KNOWN_COMMAND_TOKENS_ONLY
a17_efficiency_nleff_cond_v1_2002_top1_cap3_cache_r2_30219ac9078a4893b79846b88fc052df,nleff_cond_v1_2002_top1_cap3_cache_r2,CLOSED_SUCCESS,430.9529999999795,True,execution/gpu_attempts.jsonl,81,execution/gpu_attempts.jsonl,82,b3ce29f8016755e3803deae2eb8b5b3c353a5fb9872c75edd7a415e158e318b9,1bacce5b5f2c8ed92d9d57afe8c666fd52c1e90435495faa579a497ffffe455d,0,13.0,0.7339999999967404,0,,NOT_MEASURED_FROM_EXECUTION_LEDGERS,a17.efficiency.nonlinear_top1cap3_transfer.v1,top1_cap3,2002,2,True,KNOWN_COMMAND_TOKENS_ONLY
a17_efficiency_nleff_cond_v1_2009_top1_cap3_cache_r0_ab625593bc27452bb22ee8cfc9c4e712,nleff_cond_v1_2009_top1_cap3_cache_r0,CLOSED_SUCCESS,576.094000000041,True,execution/gpu_attempts.jsonl,75,execution/gpu_attempts.jsonl,76,b3ce29f8016755e3803deae2eb8b5b3c353a5fb9872c75edd7a415e158e318b9,1bacce5b5f2c8ed92d9d57afe8c666fd52c1e90435495faa579a497ffffe455d,0,16.015625,0.75,0,,NOT_MEASURED_FROM_EXECUTION_LEDGERS,a17.efficiency.nonlinear_top1cap3_transfer.v1,top1_cap3,2009,0,True,KNOWN_COMMAND_TOKENS_ONLY
a17_efficiency_nleff_cond_v1_2009_top1_cap3_cache_r1_c6eacd912e3640eaa4d7202c5f6bb9ac,nleff_cond_v1_2009_top1_cap3_cache_r1,CLOSED_SUCCESS,541.219000000041,True,execution/gpu_attempts.jsonl,77,execution/gpu_attempts.jsonl,78,b3ce29f8016755e3803deae2eb8b5b3c353a5fb9872c75edd7a415e158e318b9,1bacce5b5f2c8ed92d9d57afe8c666fd52c1e90435495faa579a497ffffe455d,0,15.390625,0.75,0,,NOT_MEASURED_FROM_EXECUTION_LEDGERS,a17.efficiency.nonlinear_top1cap3_transfer.v1,top1_cap3,2009,1,True,KNOWN_COMMAND_TOKENS_ONLY
a17_efficiency_nleff_cond_v1_2009_top1_cap3_cache_r2_165ee854279e4dda86196e5a591b30f8,nleff_cond_v1_2009_top1_cap3_cache_r2,CLOSED_SUCCESS,540.375,True,execution/gpu_attempts.jsonl,83,execution/gpu_attempts.jsonl,84,b3ce29f8016755e3803deae2eb8b5b3c353a5fb9872c75edd7a415e158e318b9,1bacce5b5f2c8ed92d9d57afe8c666fd52c1e90435495faa579a497ffffe455d,0,15.4375,0.7810000000172295,0,,NOT_MEASURED_FROM_EXECUTION_LEDGERS,a17.efficiency.nonlinear_top1cap3_transfer.v1,top1_cap3,2009,2,True,KNOWN_COMMAND_TOKENS_ONLY
a17_efficiency_nleff_v1_2002_original_top2_cap3_cache_r0_2b48be2709864fd584d9951a2d1f279d,nleff_v1_2002_original_top2_cap3_cache_r0,CLOSED_SUCCESS,533.5310000000172,True,execution/gpu_attempts.jsonl,21,execution/gpu_attempts.jsonl,22,988f1c0f2abec91f01cf3a472834e89d56cee90d5bf7ae4ab0d6167d95506648,723211494532e486e38d0c505a54dd6578e9a95a92388f544c36c48d4517eaf9,0,14.8125,0.7810000000172295,0,,NOT_MEASURED_FROM_EXECUTION_LEDGERS,a17.efficiency.nonlinear_transfer.v1,original_top2_cap3,2002,0,True,KNOWN_COMMAND_TOKENS_ONLY
a17_efficiency_nleff_v1_2002_original_top2_cap3_cache_r1_e5d0c09df53e45d297262a2307a07f61,nleff_v1_2002_original_top2_cap3_cache_r1,CLOSED_SUCCESS,534.125,True,execution/gpu_attempts.jsonl,43,execution/gpu_attempts.jsonl,44,988f1c0f2abec91f01cf3a472834e89d56cee90d5bf7ae4ab0d6167d95506648,723211494532e486e38d0c505a54dd6578e9a95a92388f544c36c48d4517eaf9,0,15.5625,0.7350000000442378,0,,NOT_MEASURED_FROM_EXECUTION_LEDGERS,a17.efficiency.nonlinear_transfer.v1,original_top2_cap3,2002,1,True,KNOWN_COMMAND_TOKENS_ONLY
a17_efficiency_nleff_v1_2002_original_top2_cap3_cache_r2_2bcdfae7a1d94213808f7da3605c757c,nleff_v1_2002_original_top2_cap3_cache_r2,CLOSED_SUCCESS,534.7660000000033,True,execution/gpu_attempts.jsonl,49,execution/gpu_attempts.jsonl,50,988f1c0f2abec91f01cf3a472834e89d56cee90d5bf7ae4ab0d6167d95506648,723211494532e486e38d0c505a54dd6578e9a95a92388f544c36c48d4517eaf9,0,15.21875,0.7349999999860302,0,,NOT_MEASURED_FROM_EXECUTION_LEDGERS,a17.efficiency.nonlinear_transfer.v1,original_top2_cap3,2002,2,True,KNOWN_COMMAND_TOKENS_ONLY
a17_efficiency_nleff_v1_2002_original_top2_cap3_no_cache_r0_c9019c71c77849c7ad1bcf84c50ecfe4,nleff_v1_2002_original_top2_cap3_no_cache_r0,CLOSED_SUCCESS,586.0469999999623,True,execution/gpu_attempts.jsonl,19,execution/gpu_attempts.jsonl,20,988f1c0f2abec91f01cf3a472834e89d56cee90d5bf7ae4ab0d6167d95506648,723211494532e486e38d0c505a54dd6578e9a95a92388f544c36c48d4517eaf9,0,16.71875,0.7349999999860302,0,,NOT_MEASURED_FROM_EXECUTION_LEDGERS,a17.efficiency.nonlinear_transfer.v1,original_top2_cap3,2002,0,False,KNOWN_COMMAND_TOKENS_ONLY
a17_efficiency_nleff_v1_2002_original_top2_cap3_no_cache_r1_535a09656b774940aecab2f91631ab11,nleff_v1_2002_original_top2_cap3_no_cache_r1,CLOSED_SUCCESS,586.9689999999828,True,execution/gpu_attempts.jsonl,41,execution/gpu_attempts.jsonl,42,988f1c0f2abec91f01cf3a472834e89d56cee90d5bf7ae4ab0d6167d95506648,723211494532e486e38d0c505a54dd6578e9a95a92388f544c36c48d4517eaf9,0,16.515625,0.75,0,,NOT_MEASURED_FROM_EXECUTION_LEDGERS,a17.efficiency.nonlinear_transfer.v1,original_top2_cap3,2002,1,False,KNOWN_COMMAND_TOKENS_ONLY
a17_efficiency_nleff_v1_2002_original_top2_cap3_no_cache_r2_be3929b9458a46d69fff973fc86c35ed,nleff_v1_2002_original_top2_cap3_no_cache_r2,CLOSED_SUCCESS,587.4839999999967,True,execution/gpu_attempts.jsonl,55,execution/gpu_attempts.jsonl,56,988f1c0f2abec91f01cf3a472834e89d56cee90d5bf7ae4ab0d6167d95506648,723211494532e486e38d0c505a54dd6578e9a95a92388f544c36c48d4517eaf9,0,16.75,0.6870000000344589,0,,NOT_MEASURED_FROM_EXECUTION_LEDGERS,a17.efficiency.nonlinear_transfer.v1,original_top2_cap3,2002,2,False,KNOWN_COMMAND_TOKENS_ONLY
a17_efficiency_nleff_v1_2002_receiver_only_no_cache_r0_535dd7adc7b34518ad53ddcaacd9c89e,nleff_v1_2002_receiver_only_no_cache_r0,CLOSED_SUCCESS,224.25,True,execution/gpu_attempts.jsonl,17,execution/gpu_attempts.jsonl,18,988f1c0f2abec91f01cf3a472834e89d56cee90d5bf7ae4ab0d6167d95506648,723211494532e486e38d0c505a54dd6578e9a95a92388f544c36c48d4517eaf9,0,5.890625,0.7809999999590218,0,,NOT_MEASURED_FROM_EXECUTION_LEDGERS,a17.efficiency.nonlinear_transfer.v1,receiver_only,2002,0,False,KNOWN_COMMAND_TOKENS_ONLY
a17_efficiency_nleff_v1_2002_receiver_only_no_cache_r1_416cbf2b2f4c4ff6b38dfd83bb1f876c,nleff_v1_2002_receiver_only_no_cache_r1,CLOSED_SUCCESS,222.295999999973,True,execution/gpu_attempts.jsonl,47,execution/gpu_attempts.jsonl,48,988f1c0f2abec91f01cf3a472834e89d56cee90d5bf7ae4ab0d6167d95506648,723211494532e486e38d0c505a54dd6578e9a95a92388f544c36c48d4517eaf9,0,6.515625,0.7339999999967404,0,,NOT_MEASURED_FROM_EXECUTION_LEDGERS,a17.efficiency.nonlinear_transfer.v1,receiver_only,2002,1,False,KNOWN_COMMAND_TOKENS_ONLY
a17_efficiency_nleff_v1_2002_receiver_only_no_cache_r2_d95bdc47f23746369f51a87fb2d14858,nleff_v1_2002_receiver_only_no_cache_r2,CLOSED_SUCCESS,222.48499999998603,True,execution/gpu_attempts.jsonl,53,execution/gpu_attempts.jsonl,54,988f1c0f2abec91f01cf3a472834e89d56cee90d5bf7ae4ab0d6167d95506648,723211494532e486e38d0c505a54dd6578e9a95a92388f544c36c48d4517eaf9,0,6.15625,0.7189999999827705,0,,NOT_MEASURED_FROM_EXECUTION_LEDGERS,a17.efficiency.nonlinear_transfer.v1,receiver_only,2002,2,False,KNOWN_COMMAND_TOKENS_ONLY
a17_efficiency_nleff_v1_2002_reuse_previous_cache_r0_b3967dc55abf41ee9563d9bb2201817f,nleff_v1_2002_reuse_previous_cache_r0,CLOSED_SUCCESS,670.390000000014,True,execution/gpu_attempts.jsonl,65,execution/gpu_attempts.jsonl,66,472d0749d894cc092304b8808527600cb3c9caa8085ce9480e8be06917b2a941,4c822f285139740fc818ea774efad7e4884f261c5c7b096cf2b1068f42873020,0,19.265625,0.7179999999934807,0,,NOT_MEASURED_FROM_EXECUTION_LEDGERS,a17.efficiency.nonlinear_reuse_transfer.v1,reuse_previous,2002,0,True,KNOWN_COMMAND_TOKENS_ONLY
a17_efficiency_nleff_v1_2002_reuse_reset3_cache_r0_e2b0b895fa2942b2aef99991c914ef15,nleff_v1_2002_reuse_reset3_cache_r0,CLOSED_SUCCESS,476.61000000004424,True,execution/gpu_attempts.jsonl,67,execution/gpu_attempts.jsonl,68,472d0749d894cc092304b8808527600cb3c9caa8085ce9480e8be06917b2a941,4c822f285139740fc818ea774efad7e4884f261c5c7b096cf2b1068f42873020,0,14.171875,0.7190000000409782,0,,NOT_MEASURED_FROM_EXECUTION_LEDGERS,a17.efficiency.nonlinear_reuse_transfer.v1,reuse_reset3,2002,0,True,KNOWN_COMMAND_TOKENS_ONLY
a17_efficiency_nleff_v1_2002_top1_cap2_cache_r0_c9e9e45a67c141ce8db986aff0b13ac6,nleff_v1_2002_top1_cap2_cache_r0,CLOSED_SUCCESS,472.4220000000205,True,execution/gpu_attempts.jsonl,23,execution/gpu_attempts.jsonl,24,988f1c0f2abec91f01cf3a472834e89d56cee90d5bf7ae4ab0d6167d95506648,723211494532e486e38d0c505a54dd6578e9a95a92388f544c36c48d4517eaf9,0,13.265625,0.75,0,,NOT_MEASURED_FROM_EXECUTION_LEDGERS,a17.efficiency.nonlinear_transfer.v1,top1_cap2,2002,0,True,KNOWN_COMMAND_TOKENS_ONLY
a17_efficiency_nleff_v1_2002_top1_cap2_cache_r1_729433045c0f498392d45bd324c490b7,nleff_v1_2002_top1_cap2_cache_r1,CLOSED_SUCCESS,471.795999999973,True,execution/gpu_attempts.jsonl,45,execution/gpu_attempts.jsonl,46,988f1c0f2abec91f01cf3a472834e89d56cee90d5bf7ae4ab0d6167d95506648,723211494532e486e38d0c505a54dd6578e9a95a92388f544c36c48d4517eaf9,0,13.4375,0.75,0,,NOT_MEASURED_FROM_EXECUTION_LEDGERS,a17.efficiency.nonlinear_transfer.v1,top1_cap2,2002,1,True,KNOWN_COMMAND_TOKENS_ONLY
a17_efficiency_nleff_v1_2002_top1_cap2_cache_r2_4e102b70e98643799887a2fe6c1006ea,nleff_v1_2002_top1_cap2_cache_r2,CLOSED_SUCCESS,473.5,True,execution/gpu_attempts.jsonl,51,execution/gpu_attempts.jsonl,52,988f1c0f2abec91f01cf3a472834e89d56cee90d5bf7ae4ab0d6167d95506648,723211494532e486e38d0c505a54dd6578e9a95a92388f544c36c48d4517eaf9,0,14.296875,0.7189999999827705,0,,NOT_MEASURED_FROM_EXECUTION_LEDGERS,a17.efficiency.nonlinear_transfer.v1,top1_cap2,2002,2,True,KNOWN_COMMAND_TOKENS_ONLY
a17_efficiency_nleff_v1_2009_original_top2_cap3_cache_r0_e50dd4d82116448187f7dfa645e45824,nleff_v1_2009_original_top2_cap3_cache_r0,CLOSED_SUCCESS,545.0779999999795,True,execution/gpu_attempts.jsonl,29,execution/gpu_attempts.jsonl,30,988f1c0f2abec91f01cf3a472834e89d56cee90d5bf7ae4ab0d6167d95506648,723211494532e486e38d0c505a54dd6578e9a95a92388f544c36c48d4517eaf9,0,16.984375,0.7179999999934807,0,,NOT_MEASURED_FROM_EXECUTION_LEDGERS,a17.efficiency.nonlinear_transfer.v1,original_top2_cap3,2009,0,True,KNOWN_COMMAND_TOKENS_ONLY
a17_efficiency_nleff_v1_2009_original_top2_cap3_cache_r1_26b41f85c3d741efb386cbff06921165,nleff_v1_2009_original_top2_cap3_cache_r1,CLOSED_SUCCESS,545.3279999999795,True,execution/gpu_attempts.jsonl,35,execution/gpu_attempts.jsonl,36,988f1c0f2abec91f01cf3a472834e89d56cee90d5bf7ae4ab0d6167d95506648,723211494532e486e38d0c505a54dd6578e9a95a92388f544c36c48d4517eaf9,0,15.453125,0.7649999999557622,0,,NOT_MEASURED_FROM_EXECUTION_LEDGERS,a17.efficiency.nonlinear_transfer.v1,original_top2_cap3,2009,1,True,KNOWN_COMMAND_TOKENS_ONLY
a17_efficiency_nleff_v1_2009_original_top2_cap3_cache_r2_7d15263c2d3e46f09d105f1ab662ae47,nleff_v1_2009_original_top2_cap3_cache_r2,CLOSED_SUCCESS,545.4369999999763,True,execution/gpu_attempts.jsonl,57,execution/gpu_attempts.jsonl,58,988f1c0f2abec91f01cf3a472834e89d56cee90d5bf7ae4ab0d6167d95506648,723211494532e486e38d0c505a54dd6578e9a95a92388f544c36c48d4517eaf9,0,15.75,0.75,0,,NOT_MEASURED_FROM_EXECUTION_LEDGERS,a17.efficiency.nonlinear_transfer.v1,original_top2_cap3,2009,2,True,KNOWN_COMMAND_TOKENS_ONLY
a17_efficiency_nleff_v1_2009_original_top2_cap3_no_cache_r0_a0da123543654e0da8c4bd2b6c443e23,nleff_v1_2009_original_top2_cap3_no_cache_r0,CLOSED_SUCCESS,598.2660000000033,True,execution/gpu_attempts.jsonl,27,execution/gpu_attempts.jsonl,28,988f1c0f2abec91f01cf3a472834e89d56cee90d5bf7ae4ab0d6167d95506648,723211494532e486e38d0c505a54dd6578e9a95a92388f544c36c48d4517eaf9,0,17.3125,0.7970000000204891,0,,NOT_MEASURED_FROM_EXECUTION_LEDGERS,a17.efficiency.nonlinear_transfer.v1,original_top2_cap3,2009,0,False,KNOWN_COMMAND_TOKENS_ONLY
a17_efficiency_nleff_v1_2009_original_top2_cap3_no_cache_r1_cebe68028c7a4830aa54dc57aee41de6,nleff_v1_2009_original_top2_cap3_no_cache_r1,CLOSED_SUCCESS,598.1869999999763,True,execution/gpu_attempts.jsonl,33,execution/gpu_attempts.jsonl,34,988f1c0f2abec91f01cf3a472834e89d56cee90d5bf7ae4ab0d6167d95506648,723211494532e486e38d0c505a54dd6578e9a95a92388f544c36c48d4517eaf9,0,16.90625,0.6869999999762513,0,,NOT_MEASURED_FROM_EXECUTION_LEDGERS,a17.efficiency.nonlinear_transfer.v1,original_top2_cap3,2009,1,False,KNOWN_COMMAND_TOKENS_ONLY
a17_efficiency_nleff_v1_2009_original_top2_cap3_no_cache_r2_b3d4627523ad4072a618fd418b7ddf5f,nleff_v1_2009_original_top2_cap3_no_cache_r2,CLOSED_SUCCESS,599.9370000000345,True,execution/gpu_attempts.jsonl,63,execution/gpu_attempts.jsonl,64,988f1c0f2abec91f01cf3a472834e89d56cee90d5bf7ae4ab0d6167d95506648,723211494532e486e38d0c505a54dd6578e9a95a92388f544c36c48d4517eaf9,0,17.28125,0.6870000000344589,0,,NOT_MEASURED_FROM_EXECUTION_LEDGERS,a17.efficiency.nonlinear_transfer.v1,original_top2_cap3,2009,2,False,KNOWN_COMMAND_TOKENS_ONLY
a17_efficiency_nleff_v1_2009_receiver_only_no_cache_r0_e3120dbd11154f16b79bd7f7deae23da,nleff_v1_2009_receiver_only_no_cache_r0,CLOSED_SUCCESS,410.0,True,execution/gpu_attempts.jsonl,25,execution/gpu_attempts.jsonl,26,988f1c0f2abec91f01cf3a472834e89d56cee90d5bf7ae4ab0d6167d95506648,723211494532e486e38d0c505a54dd6578e9a95a92388f544c36c48d4517eaf9,0,11.609375,0.7029999999795109,0,,NOT_MEASURED_FROM_EXECUTION_LEDGERS,a17.efficiency.nonlinear_transfer.v1,receiver_only,2009,0,False,KNOWN_COMMAND_TOKENS_ONLY
a17_efficiency_nleff_v1_2009_receiver_only_no_cache_r1_3683ee3368ca46839a2d3788f28513f1,nleff_v1_2009_receiver_only_no_cache_r1,CLOSED_SUCCESS,412.53100000001723,True,execution/gpu_attempts.jsonl,39,execution/gpu_attempts.jsonl,40,988f1c0f2abec91f01cf3a472834e89d56cee90d5bf7ae4ab0d6167d95506648,723211494532e486e38d0c505a54dd6578e9a95a92388f544c36c48d4517eaf9,0,11.59375,0.7189999999827705,0,,NOT_MEASURED_FROM_EXECUTION_LEDGERS,a17.efficiency.nonlinear_transfer.v1,receiver_only,2009,1,False,KNOWN_COMMAND_TOKENS_ONLY
a17_efficiency_nleff_v1_2009_receiver_only_no_cache_r2_9735a746a77c44879cc432cf88f2a8b5,nleff_v1_2009_receiver_only_no_cache_r2,CLOSED_SUCCESS,412.9220000000205,True,execution/gpu_attempts.jsonl,61,execution/gpu_attempts.jsonl,62,988f1c0f2abec91f01cf3a472834e89d56cee90d5bf7ae4ab0d6167d95506648,723211494532e486e38d0c505a54dd6578e9a95a92388f544c36c48d4517eaf9,0,11.890625,0.7029999999795109,0,,NOT_MEASURED_FROM_EXECUTION_LEDGERS,a17.efficiency.nonlinear_transfer.v1,receiver_only,2009,2,False,KNOWN_COMMAND_TOKENS_ONLY
a17_efficiency_nleff_v1_2009_reuse_previous_cache_r0_341958718feb450dac1b4c6a8d84a293,nleff_v1_2009_reuse_previous_cache_r0,CLOSED_SUCCESS,611.7029999999795,True,execution/gpu_attempts.jsonl,69,execution/gpu_attempts.jsonl,70,472d0749d894cc092304b8808527600cb3c9caa8085ce9480e8be06917b2a941,4c822f285139740fc818ea774efad7e4884f261c5c7b096cf2b1068f42873020,0,17.171875,0.7650000000139698,0,,NOT_MEASURED_FROM_EXECUTION_LEDGERS,a17.efficiency.nonlinear_reuse_transfer.v1,reuse_previous,2009,0,True,KNOWN_COMMAND_TOKENS_ONLY
a17_efficiency_nleff_v1_2009_reuse_reset3_cache_r0_20c90ca5c1664bbc90d46c72c38b3950,nleff_v1_2009_reuse_reset3_cache_r0,CLOSED_SUCCESS,578.7970000000205,True,execution/gpu_attempts.jsonl,71,execution/gpu_attempts.jsonl,72,472d0749d894cc092304b8808527600cb3c9caa8085ce9480e8be06917b2a941,4c822f285139740fc818ea774efad7e4884f261c5c7b096cf2b1068f42873020,0,16.234375,0.7970000000204891,0,,NOT_MEASURED_FROM_EXECUTION_LEDGERS,a17.efficiency.nonlinear_reuse_transfer.v1,reuse_reset3,2009,0,True,KNOWN_COMMAND_TOKENS_ONLY
a17_efficiency_nleff_v1_2009_top1_cap2_cache_r0_8e19b4e80a3043b08fed076a742b7d40,nleff_v1_2009_top1_cap2_cache_r0,CLOSED_SUCCESS,558.0,True,execution/gpu_attempts.jsonl,31,execution/gpu_attempts.jsonl,32,988f1c0f2abec91f01cf3a472834e89d56cee90d5bf7ae4ab0d6167d95506648,723211494532e486e38d0c505a54dd6578e9a95a92388f544c36c48d4517eaf9,0,16.0625,0.7179999999934807,0,,NOT_MEASURED_FROM_EXECUTION_LEDGERS,a17.efficiency.nonlinear_transfer.v1,top1_cap2,2009,0,True,KNOWN_COMMAND_TOKENS_ONLY
a17_efficiency_nleff_v1_2009_top1_cap2_cache_r1_7538c25e4499463c882070e4c98a16f6,nleff_v1_2009_top1_cap2_cache_r1,CLOSED_SUCCESS,557.140000000014,True,execution/gpu_attempts.jsonl,37,execution/gpu_attempts.jsonl,38,988f1c0f2abec91f01cf3a472834e89d56cee90d5bf7ae4ab0d6167d95506648,723211494532e486e38d0c505a54dd6578e9a95a92388f544c36c48d4517eaf9,0,16.765625,0.7029999999795109,0,,NOT_MEASURED_FROM_EXECUTION_LEDGERS,a17.efficiency.nonlinear_transfer.v1,top1_cap2,2009,1,True,KNOWN_COMMAND_TOKENS_ONLY
a17_efficiency_nleff_v1_2009_top1_cap2_cache_r2_e77e53078d4c43849d77f1651be5cc33,nleff_v1_2009_top1_cap2_cache_r2,CLOSED_SUCCESS,557.155999999959,True,execution/gpu_attempts.jsonl,59,execution/gpu_attempts.jsonl,60,988f1c0f2abec91f01cf3a472834e89d56cee90d5bf7ae4ab0d6167d95506648,723211494532e486e38d0c505a54dd6578e9a95a92388f544c36c48d4517eaf9,0,17.234375,0.7189999999827705,0,,NOT_MEASURED_FROM_EXECUTION_LEDGERS,a17.efficiency.nonlinear_transfer.v1,top1_cap2,2009,2,True,KNOWN_COMMAND_TOKENS_ONLY
a17_efficiency_profile_v1_2002_7f5af3d1777c4045970e4d64793d9cde,profile_v1_2002,CLOSED_FAILED_OR_STOPPED,1.9060000000172295,True,execution/gpu_attempts.jsonl,1,execution/gpu_attempts.jsonl,2,808f574d52153987daa3c4844ed6265b0e2a0053e67eb81691c444e57c721600,1031e87ff612bddb5102d520f4888405e078a7e5777111372e65fdff1be22b16,0,0.0,1.172000000020489,1,,NOT_MEASURED_FROM_EXECUTION_LEDGERS,,,2002,,,NOT_DECLARED
a17_efficiency_profile_v1_2002_dependency_clone_4c97fe9f5f61494f81ddf70c4e3665a0,profile_v1_2002_dependency_clone,CLOSED_SUCCESS,66.51499999995576,True,execution/gpu_attempts.jsonl,3,execution/gpu_attempts.jsonl,4,808f574d52153987daa3c4844ed6265b0e2a0053e67eb81691c444e57c721600,1031e87ff612bddb5102d520f4888405e078a7e5777111372e65fdff1be22b16,0,1.609375,0.7029999999795109,0,,NOT_MEASURED_FROM_EXECUTION_LEDGERS,,,2002,,,NOT_DECLARED
a17_efficiency_profile_v1_2009_dependency_clone_f7788267774b410d95ee771c14662d97,profile_v1_2009_dependency_clone,CLOSED_SUCCESS,24.5,True,execution/gpu_attempts.jsonl,5,execution/gpu_attempts.jsonl,6,808f574d52153987daa3c4844ed6265b0e2a0053e67eb81691c444e57c721600,89968e732cb51f1c1d71d725a95c30679b22193433469293469dc7cf072e3d3e,0,0.65625,0.7959999999729916,0,,NOT_MEASURED_FROM_EXECUTION_LEDGERS,,,2009,,,NOT_DECLARED
