unit,status,occupation_and_rejected_guard_s,known_record_charge_s,attempt_count,guard_count,failed_or_stopped_count,source
cache_block_v1_2002,KNOWN_UNIT_RECORD_SUM_ONLY,31.25,31.25,1,0,0,attempts.json/guard_fees.json; line links retained there
cache_block_v2_2002,KNOWN_UNIT_RECORD_SUM_ONLY,27.18699999997625,27.18699999997625,1,0,0,attempts.json/guard_fees.json; line links retained there
cache_block_v2_2009,KNOWN_UNIT_RECORD_SUM_ONLY,26.06199999997625,26.06199999997625,1,0,0,attempts.json/guard_fees.json; line links retained there
frozen_pilot_v1_2002,KNOWN_UNIT_RECORD_SUM_ONLY,114.01600000000326,114.01600000000326,1,0,0,attempts.json/guard_fees.json; line links retained there
frozen_pilot_v1_2009,KNOWN_UNIT_RECORD_SUM_ONLY,86.89100000000326,86.89100000000326,1,0,0,attempts.json/guard_fees.json; line links retained there
nleff_cond_v1_2002_top1_cap3_cache_r0,KNOWN_UNIT_RECORD_SUM_ONLY,431.21899999998277,431.21899999998277,1,0,0,attempts.json/guard_fees.json; line links retained there
nleff_cond_v1_2002_top1_cap3_cache_r1,KNOWN_UNIT_RECORD_SUM_ONLY,431.0,431.0,1,0,0,attempts.json/guard_fees.json; line links retained there
nleff_cond_v1_2002_top1_cap3_cache_r2,KNOWN_UNIT_RECORD_SUM_ONLY,430.9529999999795,430.9529999999795,1,0,0,attempts.json/guard_fees.json; line links retained there
nleff_cond_v1_2009_top1_cap3_cache_r0,KNOWN_UNIT_RECORD_SUM_ONLY,576.094000000041,576.094000000041,1,0,0,attempts.json/guard_fees.json; line links retained there
nleff_cond_v1_2009_top1_cap3_cache_r1,KNOWN_UNIT_RECORD_SUM_ONLY,541.219000000041,541.219000000041,1,0,0,attempts.json/guard_fees.json; line links retained there
nleff_cond_v1_2009_top1_cap3_cache_r2,KNOWN_UNIT_RECORD_SUM_ONLY,540.375,540.375,1,0,0,attempts.json/guard_fees.json; line links retained there
nleff_v1_2002_original_top2_cap3_cache_r0,KNOWN_UNIT_RECORD_SUM_ONLY,533.5310000000172,533.5310000000172,1,0,0,attempts.json/guard_fees.json; line links retained there
nleff_v1_2002_original_top2_cap3_cache_r1,KNOWN_UNIT_RECORD_SUM_ONLY,534.125,534.125,1,0,0,attempts.json/guard_fees.json; line links retained there
nleff_v1_2002_original_top2_cap3_cache_r2,KNOWN_UNIT_RECORD_SUM_ONLY,534.7660000000033,534.7660000000033,1,0,0,attempts.json/guard_fees.json; line links retained there
nleff_v1_2002_original_top2_cap3_no_cache_r0,KNOWN_UNIT_RECORD_SUM_ONLY,586.0469999999623,586.0469999999623,1,0,0,attempts.json/guard_fees.json; line links retained there
nleff_v1_2002_original_top2_cap3_no_cache_r1,KNOWN_UNIT_RECORD_SUM_ONLY,586.9689999999828,586.9689999999828,1,0,0,attempts.json/guard_fees.json; line links retained there
nleff_v1_2002_original_top2_cap3_no_cache_r2,KNOWN_UNIT_RECORD_SUM_ONLY,587.4839999999967,587.4839999999967,1,0,0,attempts.json/guard_fees.json; line links retained there
nleff_v1_2002_receiver_only_no_cache_r0,KNOWN_UNIT_RECORD_SUM_ONLY,224.25,224.25,1,0,0,attempts.json/guard_fees.json; line links retained there
nleff_v1_2002_receiver_only_no_cache_r1,KNOWN_UNIT_RECORD_SUM_ONLY,222.295999999973,222.295999999973,1,0,0,attempts.json/guard_fees.json; line links retained there
nleff_v1_2002_receiver_only_no_cache_r2,KNOWN_UNIT_RECORD_SUM_ONLY,222.48499999998603,222.48499999998603,1,0,0,attempts.json/guard_fees.json; line links retained there
nleff_v1_2002_reuse_previous_cache_r0,KNOWN_UNIT_RECORD_SUM_ONLY,670.390000000014,670.390000000014,1,0,0,attempts.json/guard_fees.json; line links retained there
nleff_v1_2002_reuse_reset3_cache_r0,KNOWN_UNIT_RECORD_SUM_ONLY,476.61000000004424,476.61000000004424,1,0,0,attempts.json/guard_fees.json; line links retained there
nleff_v1_2002_top1_cap2_cache_r0,KNOWN_UNIT_RECORD_SUM_ONLY,472.4220000000205,472.4220000000205,1,0,0,attempts.json/guard_fees.json; line links retained there
nleff_v1_2002_top1_cap2_cache_r1,KNOWN_UNIT_RECORD_SUM_ONLY,471.795999999973,471.795999999973,1,0,0,attempts.json/guard_fees.json; line links retained there
nleff_v1_2002_top1_cap2_cache_r2,KNOWN_UNIT_RECORD_SUM_ONLY,473.5,473.5,1,0,0,attempts.json/guard_fees.json; line links retained there
nleff_v1_2009_original_top2_cap3_cache_r0,KNOWN_UNIT_RECORD_SUM_ONLY,545.0779999999795,545.0779999999795,1,0,0,attempts.json/guard_fees.json; line links retained there
nleff_v1_2009_original_top2_cap3_cache_r1,KNOWN_UNIT_RECORD_SUM_ONLY,545.3279999999795,545.3279999999795,1,0,0,attempts.json/guard_fees.json; line links retained there
nleff_v1_2009_original_top2_cap3_cache_r2,KNOWN_UNIT_RECORD_SUM_ONLY,545.4369999999763,545.4369999999763,1,0,0,attempts.json/guard_fees.json; line links retained there
nleff_v1_2009_original_top2_cap3_no_cache_r0,KNOWN_UNIT_RECORD_SUM_ONLY,598.2660000000033,598.2660000000033,1,0,0,attempts.json/guard_fees.json; line links retained there
nleff_v1_2009_original_top2_cap3_no_cache_r1,KNOWN_UNIT_RECORD_SUM_ONLY,598.1869999999763,598.1869999999763,1,0,0,attempts.json/guard_fees.json; line links retained there
nleff_v1_2009_original_top2_cap3_no_cache_r2,KNOWN_UNIT_RECORD_SUM_ONLY,599.9370000000345,599.9370000000345,1,0,0,attempts.json/guard_fees.json; line links retained there
nleff_v1_2009_receiver_only_no_cache_r0,KNOWN_UNIT_RECORD_SUM_ONLY,410.0,410.0,1,0,0,attempts.json/guard_fees.json; line links retained there
nleff_v1_2009_receiver_only_no_cache_r1,KNOWN_UNIT_RECORD_SUM_ONLY,412.53100000001723,412.53100000001723,1,0,0,attempts.json/guard_fees.json; line links retained there
nleff_v1_2009_receiver_only_no_cache_r2,KNOWN_UNIT_RECORD_SUM_ONLY,412.9220000000205,412.9220000000205,1,0,0,attempts.json/guard_fees.json; line links retained there
nleff_v1_2009_reuse_previous_cache_r0,KNOWN_UNIT_RECORD_SUM_ONLY,611.7029999999795,611.7029999999795,1,0,0,attempts.json/guard_fees.json; line links retained there
nleff_v1_2009_reuse_reset3_cache_r0,KNOWN_UNIT_RECORD_SUM_ONLY,578.7970000000205,578.7970000000205,1,0,0,attempts.json/guard_fees.json; line links retained there
nleff_v1_2009_top1_cap2_cache_r0,KNOWN_UNIT_RECORD_SUM_ONLY,558.0,558.0,1,0,0,attempts.json/guard_fees.json; line links retained there
nleff_v1_2009_top1_cap2_cache_r1,KNOWN_UNIT_RECORD_SUM_ONLY,557.140000000014,557.140000000014,1,0,0,attempts.json/guard_fees.json; line links retained there
nleff_v1_2009_top1_cap2_cache_r2,KNOWN_UNIT_RECORD_SUM_ONLY,557.155999999959,557.155999999959,1,0,0,attempts.json/guard_fees.json; line links retained there
profile_v1_2002,KNOWN_UNIT_RECORD_SUM_ONLY,1.9060000000172295,1.9060000000172295,1,0,1,attempts.json/guard_fees.json; line links retained there
profile_v1_2002_dependency_clone,KNOWN_UNIT_RECORD_SUM_ONLY,66.51499999995576,66.51499999995576,1,0,0,attempts.json/guard_fees.json; line links retained there
profile_v1_2009_dependency_clone,KNOWN_UNIT_RECORD_SUM_ONLY,24.5,24.5,1,0,0,attempts.json/guard_fees.json; line links retained there
