object_id,phase,k,source_directory,state_hash,pool_hash,teacher_moves,information_moves,matched_information_rows,declared_full_move_count,declared_spectrum_move_count,teacher_best_added_for_evaluation_only,direction2x2_rows,pair_rows,two_swap_rows,Maxwell_pair_witness,restricted_two_swap_best_gain,restricted_two_swap_witness
2007,early,4,<WORKSPACE>/Gaussian/A17/EXCHANGE_R1/results/object_2007_early_portable,25387349f2beb0f96d242ca9b954a62e6bfcc22e30747f954ca70f472e65a2bd,26106a1c238544d78f76de616ce9d2614f2f15120f481ce864ad6bd62b0113ef,600,49,49,600,49,True,48,15,90,,-1.5844080605933298e-05,False
2007,early,8,<WORKSPACE>/Gaussian/A17/EXCHANGE_R1/results/object_2007_early_portable,25387349f2beb0f96d242ca9b954a62e6bfcc22e30747f954ca70f472e65a2bd,26106a1c238544d78f76de616ce9d2614f2f15120f481ce864ad6bd62b0113ef,1168,97,97,1168,97,True,96,15,90,,-1.3201134047816034e-05,False
2007,early,16,<WORKSPACE>/Gaussian/A17/EXCHANGE_R1/results/object_2007_early_portable,25387349f2beb0f96d242ca9b954a62e6bfcc22e30747f954ca70f472e65a2bd,26106a1c238544d78f76de616ce9d2614f2f15120f481ce864ad6bd62b0113ef,2208,193,193,2208,193,True,192,15,90,,9.252826611805347e-06,False
2007,late,4,<WORKSPACE>/Gaussian/A17/EXCHANGE_R1/results/object_2007_late,8b6ae019adc6227a1c90d1bb327c514b1a79631e0803834efb187b2f9b415f24,87b802fa63668f337f8ab5563faed5907a2fbbc8afe91916d542368a05106d7c,600,49,49,600,49,True,48,15,90,,3.8616523468447175e-05,False
2007,late,8,<WORKSPACE>/Gaussian/A17/EXCHANGE_R1/results/object_2007_late,8b6ae019adc6227a1c90d1bb327c514b1a79631e0803834efb187b2f9b415f24,87b802fa63668f337f8ab5563faed5907a2fbbc8afe91916d542368a05106d7c,1168,97,97,1168,97,True,96,15,90,,1.8726014029039645e-05,False
2007,late,16,<WORKSPACE>/Gaussian/A17/EXCHANGE_R1/results/object_2007_late,8b6ae019adc6227a1c90d1bb327c514b1a79631e0803834efb187b2f9b415f24,87b802fa63668f337f8ab5563faed5907a2fbbc8afe91916d542368a05106d7c,2208,193,193,2208,193,True,192,15,90,"{""add_ids"": [64, 128], ""Q_a"": -3.239105029922168e-08, ""Q_b"": -5.8389114908801817e-08, ""Q_pair"": 3.478737678174405e-07, ""interaction"": 4.38653933025464e-07, ""base_rank"": 14, ""pair_rank"": 16}",1.8940088490492141e-06,False
2007,middle,4,<WORKSPACE>/Gaussian/A17/EXCHANGE_R1/results/object_2007_middle,b21bb4739b29eb7a9609a3988b53c0feb3fd02e4cc8439d65a6ab1dcdbb7ea25,7c708621363a1f54816c3f30f0a5b9490c9fcb305df7cf817f3398432fe3c9bc,600,49,49,600,49,True,48,15,90,"{""add_ids"": [32, 64], ""Q_a"": -0.00012453013848263357, ""Q_b"": -6.544118969986732e-06, ""Q_pair"": 5.736228898488028e-06, ""interaction"": 0.00013681048635110833, ""base_rank"": 2, ""pair_rank"": 4}",5.6517344186291245e-05,False
2007,middle,8,<WORKSPACE>/Gaussian/A17/EXCHANGE_R1/results/object_2007_middle,b21bb4739b29eb7a9609a3988b53c0feb3fd02e4cc8439d65a6ab1dcdbb7ea25,7c708621363a1f54816c3f30f0a5b9490c9fcb305df7cf817f3398432fe3c9bc,1168,97,97,1168,97,True,96,15,90,,6.380760837787527e-06,False
2007,middle,16,<WORKSPACE>/Gaussian/A17/EXCHANGE_R1/results/object_2007_middle,b21bb4739b29eb7a9609a3988b53c0feb3fd02e4cc8439d65a6ab1dcdbb7ea25,7c708621363a1f54816c3f30f0a5b9490c9fcb305df7cf817f3398432fe3c9bc,2208,193,193,2208,193,True,192,15,90,,8.335429855326483e-07,False
2012,early,4,<WORKSPACE>/Gaussian/A17/EXCHANGE_R1/results/object_2012_early,25387349f2beb0f96d242ca9b954a62e6bfcc22e30747f954ca70f472e65a2bd,1b8d28c9a325e4528b333f93c4eb260b516b3016d9e8c823bf68a33812c2279c,600,48,48,600,48,False,48,15,90,,0.0020917980743953126,False
2012,early,8,<WORKSPACE>/Gaussian/A17/EXCHANGE_R1/results/object_2012_early,25387349f2beb0f96d242ca9b954a62e6bfcc22e30747f954ca70f472e65a2bd,1b8d28c9a325e4528b333f93c4eb260b516b3016d9e8c823bf68a33812c2279c,1168,97,97,1168,97,True,96,15,90,,-3.9111080511536876e-05,False
2012,early,16,<WORKSPACE>/Gaussian/A17/EXCHANGE_R1/results/object_2012_early,25387349f2beb0f96d242ca9b954a62e6bfcc22e30747f954ca70f472e65a2bd,1b8d28c9a325e4528b333f93c4eb260b516b3016d9e8c823bf68a33812c2279c,2208,193,193,2208,193,True,192,15,90,,4.820078405999093e-05,False
2012,late,4,<WORKSPACE>/Gaussian/A17/EXCHANGE_R1/results/object_2012_late,8d23d77df9571531f26acc45ca51dc73068ce28f1180c843477c23bfd995499f,45c6c90baceeac68f1272dbe8de7256e3e0f9523cc12d68b0407332c6d5d0241,600,33,33,600,33,True,32,15,67,,0.00013544041793208482,False
2012,late,8,<WORKSPACE>/Gaussian/A17/EXCHANGE_R1/results/object_2012_late,8d23d77df9571531f26acc45ca51dc73068ce28f1180c843477c23bfd995499f,45c6c90baceeac68f1272dbe8de7256e3e0f9523cc12d68b0407332c6d5d0241,1168,66,66,1168,66,True,65,15,66,,7.23860584338253e-05,False
2012,late,16,<WORKSPACE>/Gaussian/A17/EXCHANGE_R1/results/object_2012_late,8d23d77df9571531f26acc45ca51dc73068ce28f1180c843477c23bfd995499f,45c6c90baceeac68f1272dbe8de7256e3e0f9523cc12d68b0407332c6d5d0241,2208,156,156,2208,156,False,156,15,68,,1.3131707693249353e-05,False
2012,middle,4,<WORKSPACE>/Gaussian/A17/EXCHANGE_R1/results/object_2012_middle,6bb612278b131a2b4bd62344122f5a462651f080d63727a172cd273e16664884,92a2012fcd2c647e2ec3c2ce4ebd22933b2156099a2e0020204ff3316c7ed88c,600,49,49,600,49,True,48,15,90,,7.622895500514597e-05,False
2012,middle,8,<WORKSPACE>/Gaussian/A17/EXCHANGE_R1/results/object_2012_middle,6bb612278b131a2b4bd62344122f5a462651f080d63727a172cd273e16664884,92a2012fcd2c647e2ec3c2ce4ebd22933b2156099a2e0020204ff3316c7ed88c,1168,97,97,1168,97,True,96,15,90,,5.188080735146071e-05,False
2012,middle,16,<WORKSPACE>/Gaussian/A17/EXCHANGE_R1/results/object_2012_middle,6bb612278b131a2b4bd62344122f5a462651f080d63727a172cd273e16664884,92a2012fcd2c647e2ec3c2ce4ebd22933b2156099a2e0020204ff3316c7ed88c,2208,193,193,2208,193,True,192,15,90,,8.862028719307698e-07,False
