object_id,policy_id,k,paired_cells_all,paired_cells_ratio,excluded_receiver_at_floor,numerator_sum,denominator_sum,ratio,all_cells_difference_sum,aggregation
2007,surrogate_exchange,,9,9,0,0.00030062091039511057,0.0004556551746086898,0.6597552867764084,-0.00015503426421357923,sum within object first; object remains clustering unit
2012,surrogate_exchange,,9,9,0,0.0009737347084181244,0.0035002399024588603,0.27819084849986764,-0.0025265051940407362,sum within object first; object remains clustering unit
2007,surrogate_exchange,4,3,3,0,0.00017844243209065705,0.0002786483249746576,0.6403858056813583,-0.00010020589288400052,sum within object first; object remains clustering unit
2012,surrogate_exchange,4,3,3,0,0.00048228130372429505,0.00278953459291029,0.17288952248523162,-0.002307253289185995,sum within object first; object remains clustering unit
2007,surrogate_exchange,8,3,3,0,0.00010938957360704135,0.00015292241684730374,0.7153272611187484,-4.353284324026238e-05,sum within object first; object remains clustering unit
2012,surrogate_exchange,8,3,3,0,0.0003985338350437808,0.0005433434745554908,0.7334841655544336,-0.00014480963951171,sum within object first; object remains clustering unit
2007,surrogate_exchange,16,3,3,0,1.2788904697412188e-05,2.4084432786728508e-05,0.5310029432978546,-1.1295528089316321e-05,sum within object first; object remains clustering unit
2012,surrogate_exchange,16,3,3,0,9.291956965004854e-05,0.00016736183499307947,0.5552016662215183,-7.444226534303093e-05,sum within object first; object remains clustering unit
2007,exact_score_teacher,,9,9,0,9.1873806406511e-05,0.0004556551746086898,0.20163011752343407,-0.0003637813682021788,sum within object first; object remains clustering unit
2012,exact_score_teacher,,9,9,0,0.000531884854309259,0.0035002399024588603,0.15195668557907097,-0.0029683550481496013,sum within object first; object remains clustering unit
2007,exact_score_teacher,4,3,3,0,6.492948797244812e-05,0.0002786483249746576,0.23301589190731115,-0.00021371883700220946,sum within object first; object remains clustering unit
2012,exact_score_teacher,4,3,3,0,0.00031328022212757207,0.00278953459291029,0.11230555194539829,-0.002476254370782718,sum within object first; object remains clustering unit
2007,exact_score_teacher,8,3,3,0,1.8870880645379652e-05,0.00015292241684730374,0.12340166363066721,-0.00013405153620192408,sum within object first; object remains clustering unit
2012,exact_score_teacher,8,3,3,0,0.00015121520690595638,0.0005433434745554908,0.27830500224497134,-0.00039212826764953437,sum within object first; object remains clustering unit
2007,exact_score_teacher,16,3,3,0,8.073437788683223e-06,2.4084432786728508e-05,0.33521394753925915,-1.6010994998045284e-05,sum within object first; object remains clustering unit
2012,exact_score_teacher,16,3,3,0,6.738942527573049e-05,0.00016736183499307947,0.40265706502630716,-9.997240971734898e-05,sum within object first; object remains clustering unit
2007,directed_verified,,9,9,0,0.00029789083166280246,0.0004556551746086898,0.6537637412295972,-0.00015776434294588736,sum within object first; object remains clustering unit
2012,directed_verified,,9,9,0,0.0009717799134371118,0.0035002399024588603,0.27763237392798495,-0.0025284599890217484,sum within object first; object remains clustering unit
2007,directed_verified,4,3,3,0,0.00018898809468504245,0.0002786483249746576,0.6782315834923124,-8.966023028961514e-05,sum within object first; object remains clustering unit
2012,directed_verified,4,3,3,0,0.00048228130372429505,0.00278953459291029,0.17288952248523162,-0.002307253289185995,sum within object first; object remains clustering unit
2007,directed_verified,8,3,3,0,9.613830129257592e-05,0.00015292241684730374,0.6286736979089995,-5.678411555472781e-05,sum within object first; object remains clustering unit
2012,directed_verified,8,3,3,0,0.0003977720631953357,0.0005433434745554908,0.7320821576457746,-0.00014557141136015508,sum within object first; object remains clustering unit
2007,directed_verified,16,3,3,0,1.2764435685184108e-05,2.4084432786728508e-05,0.5299869753302983,-1.13199971015444e-05,sum within object first; object remains clustering unit
2012,directed_verified,16,3,3,0,9.172654651748114e-05,0.00016736183499307947,0.5480732600791219,-7.563528847559834e-05,sum within object first; object remains clustering unit
2007,adaptive_leq_k,,9,9,0,0.00029789083166280246,0.0004556551746086898,0.6537637412295972,-0.00015776434294588736,sum within object first; object remains clustering unit
2012,adaptive_leq_k,,9,9,0,0.0009717799134371118,0.0035002399024588603,0.27763237392798495,-0.0025284599890217484,sum within object first; object remains clustering unit
2007,adaptive_leq_k,4,3,3,0,0.00018898809468504245,0.0002786483249746576,0.6782315834923124,-8.966023028961514e-05,sum within object first; object remains clustering unit
2012,adaptive_leq_k,4,3,3,0,0.00048228130372429505,0.00278953459291029,0.17288952248523162,-0.002307253289185995,sum within object first; object remains clustering unit
2007,adaptive_leq_k,8,3,3,0,9.613830129257592e-05,0.00015292241684730374,0.6286736979089995,-5.678411555472781e-05,sum within object first; object remains clustering unit
2012,adaptive_leq_k,8,3,3,0,0.0003977720631953357,0.0005433434745554908,0.7320821576457746,-0.00014557141136015508,sum within object first; object remains clustering unit
2007,adaptive_leq_k,16,3,3,0,1.2764435685184108e-05,2.4084432786728508e-05,0.5299869753302983,-1.13199971015444e-05,sum within object first; object remains clustering unit
2012,adaptive_leq_k,16,3,3,0,9.172654651748114e-05,0.00016736183499307947,0.5480732600791219,-7.563528847559834e-05,sum within object first; object remains clustering unit
