object,policy,geometry_cache,repetition,version,driver_role,config_sha256,source_sha256,reference_sha256,receiver_sha256,reference_version,reference_config_sha256,physics_identity,driver_comparison,original_wall_ratio,receiver_wall_ratio,material_ratio_to_original,heldout_ratio_to_original,observed_path_checks,no_hidden_full_reference,material_comparison_limit,material_within_predeclared_tolerance,heldout_comparison_limit,heldout_within_predeclared_tolerance
2002,top1_cap3,True,0,a17.efficiency.nonlinear_top1cap3_transfer.v1,TOP1CAP3_CONDITIONAL,b3ce29f8016755e3803deae2eb8b5b3c353a5fb9872c75edd7a415e158e318b9,ca114ca3dfe212d36bd20f8b34ce3aa01787d5954612bcf50324b92ece06acfa,2f724362b4f4d70b5adafa8be2fbbf9a1838a15f09a03ce60269a16717b8bb4c,0b77ca9f3605643f49977e85d5baadaa230198f652d337f8256765ef276118ab,a17.efficiency.nonlinear_transfer.v1,988f1c0f2abec91f01cf3a472834e89d56cee90d5bf7ae4ab0d6167d95506648,98268ad725cd9e454ea4e6d00dc1e95ad67ab5c88adeca4a32bb0c922875673a,EXPLICIT_CROSS_VERSION_SAME_PHYSICS_REP_SECONDARY_NO_INDEPENDENT_VALIDATION,0.7318500584580014,1.9484234280118864,0.9771402260055995,0.8975219762593452,True,True,0.2725542630312507,True,0.002864866982686869,True
2002,top1_cap3,True,1,a17.efficiency.nonlinear_top1cap3_transfer.v1,TOP1CAP3_CONDITIONAL,b3ce29f8016755e3803deae2eb8b5b3c353a5fb9872c75edd7a415e158e318b9,c60a8815de965ad064a0e3f1c982717f13758e3fa0ab673ba87d260653245f93,f634339f574817171c358f4f0cbbb86248631ca8d6699b6f94c54a1d9421e667,3ce42a2f182c4669373ac11a07e72b06ec92aa6a353fbe53ddb4f905b256786c,a17.efficiency.nonlinear_transfer.v1,988f1c0f2abec91f01cf3a472834e89d56cee90d5bf7ae4ab0d6167d95506648,98268ad725cd9e454ea4e6d00dc1e95ad67ab5c88adeca4a32bb0c922875673a,EXPLICIT_CROSS_VERSION_SAME_PHYSICS_REP_SECONDARY_NO_INDEPENDENT_VALIDATION,0.7318693776031044,1.9602105134200214,0.9771402260055995,0.8975219762593452,True,True,0.2725542630312507,True,0.002864866982686869,True
2002,top1_cap3,True,2,a17.efficiency.nonlinear_top1cap3_transfer.v1,TOP1CAP3_CONDITIONAL,b3ce29f8016755e3803deae2eb8b5b3c353a5fb9872c75edd7a415e158e318b9,4613a5bb0adb9d17646d77c3f45aa304dde9641d101b6d2afc9613a7913f789d,32ae2c5d2984b1a25fbf4f87739ca7de1afec4076f631f2f9b191a669f2ef30d,6b6c164531b7024f03aaddd9a1d5a6f5e63d22d6622ba8b26df93e5a3fc1e8ac,a17.efficiency.nonlinear_transfer.v1,988f1c0f2abec91f01cf3a472834e89d56cee90d5bf7ae4ab0d6167d95506648,98268ad725cd9e454ea4e6d00dc1e95ad67ab5c88adeca4a32bb0c922875673a,EXPLICIT_CROSS_VERSION_SAME_PHYSICS_REP_SECONDARY_NO_INDEPENDENT_VALIDATION,0.7301606799820842,1.959656812497151,0.9771402260055995,0.8975219762593452,True,True,0.2725542630312507,True,0.002864866982686869,True
2009,top1_cap3,True,0,a17.efficiency.nonlinear_top1cap3_transfer.v1,TOP1CAP3_CONDITIONAL,b3ce29f8016755e3803deae2eb8b5b3c353a5fb9872c75edd7a415e158e318b9,262bf190fa972a34f12e2c1d897874f246ce7b8a47ced7d38fdf6dfd90546e00,46a5cabbd5400bfce09b4b522d7bda426f42412ef0ce1b6a4fb45c110c22e61f,b5ff2e94c58253441eaa10b33d937724d8e354be1f14a35227f6ade4cb9ded91,a17.efficiency.nonlinear_transfer.v1,988f1c0f2abec91f01cf3a472834e89d56cee90d5bf7ae4ab0d6167d95506648,98268ad725cd9e454ea4e6d00dc1e95ad67ab5c88adeca4a32bb0c922875673a,EXPLICIT_CROSS_VERSION_SAME_PHYSICS_REP_SECONDARY_NO_INDEPENDENT_VALIDATION,0.9108228017746397,1.334907362921214,0.9564403020005826,0.9524701110657845,True,True,0.5716490498653842,True,0.01230108180159913,True
2009,top1_cap3,True,1,a17.efficiency.nonlinear_top1cap3_transfer.v1,TOP1CAP3_CONDITIONAL,b3ce29f8016755e3803deae2eb8b5b3c353a5fb9872c75edd7a415e158e318b9,5c45c27b0e8b154d9f90f48ce51cdf3fb178072ad39bb895cfe1e5f00bd0e2d1,3266aaea3cbcbc824d6aa41df820d9457d3f4012c848dd43f0b77ac1a8b82049,ee8759b02829c224cbf57a1e627d9d4e8b9717cbb3508757cbb252803ea8a4f3,a17.efficiency.nonlinear_transfer.v1,988f1c0f2abec91f01cf3a472834e89d56cee90d5bf7ae4ab0d6167d95506648,98268ad725cd9e454ea4e6d00dc1e95ad67ab5c88adeca4a32bb0c922875673a,EXPLICIT_CROSS_VERSION_SAME_PHYSICS_REP_SECONDARY_NO_INDEPENDENT_VALIDATION,0.9039573655967333,1.31765791478289,0.9564403020005826,0.9524701110657845,True,True,0.5716490498653842,True,0.01230108180159913,True
2009,top1_cap3,True,2,a17.efficiency.nonlinear_top1cap3_transfer.v1,TOP1CAP3_CONDITIONAL,b3ce29f8016755e3803deae2eb8b5b3c353a5fb9872c75edd7a415e158e318b9,30b65fccbf5cd7299aefd8c12307d3aa09232e54fad3fcf72ecffb955b8b3fd4,403480030b9bcaa18c5045eadce1b83b2b1eaba18f7953cbacefc6e94a3e6e69,5aaa6ef44d5d3c4438163d09fc4fef7a96c6d5f9dc6994e54e1a8fb99c797af3,a17.efficiency.nonlinear_transfer.v1,988f1c0f2abec91f01cf3a472834e89d56cee90d5bf7ae4ab0d6167d95506648,98268ad725cd9e454ea4e6d00dc1e95ad67ab5c88adeca4a32bb0c922875673a,EXPLICIT_CROSS_VERSION_SAME_PHYSICS_REP_SECONDARY_NO_INDEPENDENT_VALIDATION,0.9001052789767322,1.3152743380094711,0.9564403020005826,0.9524701110657845,True,True,0.5716490498653842,True,0.01230108180159913,True
2002,original_top2_cap3,True,0,a17.efficiency.nonlinear_transfer.v1,MAIN,988f1c0f2abec91f01cf3a472834e89d56cee90d5bf7ae4ab0d6167d95506648,03d1cea9d1c2187f45c8bce78b82d2124e0c729223f575ac586d0e1f9b12de12,2f724362b4f4d70b5adafa8be2fbbf9a1838a15f09a03ce60269a16717b8bb4c,0b77ca9f3605643f49977e85d5baadaa230198f652d337f8256765ef276118ab,a17.efficiency.nonlinear_transfer.v1,988f1c0f2abec91f01cf3a472834e89d56cee90d5bf7ae4ab0d6167d95506648,98268ad725cd9e454ea4e6d00dc1e95ad67ab5c88adeca4a32bb0c922875673a,SAME_MAIN_VERSION_PHYSICS_REP,0.9096676901196672,2.4218319294379476,1.0,1.0,True,True,0.2725542630312507,True,0.002864866982686869,True
2002,original_top2_cap3,True,1,a17.efficiency.nonlinear_transfer.v1,MAIN,988f1c0f2abec91f01cf3a472834e89d56cee90d5bf7ae4ab0d6167d95506648,6705050fa9f7141392c4dbc74ec69d984ffe708725195834bd9b057edb3f6f77,f634339f574817171c358f4f0cbbb86248631ca8d6699b6f94c54a1d9421e667,3ce42a2f182c4669373ac11a07e72b06ec92aa6a353fbe53ddb4f905b256786c,a17.efficiency.nonlinear_transfer.v1,988f1c0f2abec91f01cf3a472834e89d56cee90d5bf7ae4ab0d6167d95506648,98268ad725cd9e454ea4e6d00dc1e95ad67ab5c88adeca4a32bb0c922875673a,SAME_MAIN_VERSION_PHYSICS_REP,0.9084900424059213,2.4332644416600253,1.0,1.0,True,True,0.2725542630312507,True,0.002864866982686869,True
2002,original_top2_cap3,True,2,a17.efficiency.nonlinear_transfer.v1,MAIN,988f1c0f2abec91f01cf3a472834e89d56cee90d5bf7ae4ab0d6167d95506648,1baf42752f87d1b55ef874e01e7faacd574cd750808988ea279391a2321e24e7,32ae2c5d2984b1a25fbf4f87739ca7de1afec4076f631f2f9b191a669f2ef30d,6b6c164531b7024f03aaddd9a1d5a6f5e63d22d6622ba8b26df93e5a3fc1e8ac,a17.efficiency.nonlinear_transfer.v1,988f1c0f2abec91f01cf3a472834e89d56cee90d5bf7ae4ab0d6167d95506648,98268ad725cd9e454ea4e6d00dc1e95ad67ab5c88adeca4a32bb0c922875673a,SAME_MAIN_VERSION_PHYSICS_REP,0.9088275724206241,2.4391756397003244,1.0,1.0,True,True,0.2725542630312507,True,0.002864866982686869,True
2002,original_top2_cap3,False,0,a17.efficiency.nonlinear_transfer.v1,MAIN,988f1c0f2abec91f01cf3a472834e89d56cee90d5bf7ae4ab0d6167d95506648,2f724362b4f4d70b5adafa8be2fbbf9a1838a15f09a03ce60269a16717b8bb4c,2f724362b4f4d70b5adafa8be2fbbf9a1838a15f09a03ce60269a16717b8bb4c,0b77ca9f3605643f49977e85d5baadaa230198f652d337f8256765ef276118ab,a17.efficiency.nonlinear_transfer.v1,988f1c0f2abec91f01cf3a472834e89d56cee90d5bf7ae4ab0d6167d95506648,98268ad725cd9e454ea4e6d00dc1e95ad67ab5c88adeca4a32bb0c922875673a,SAME_MAIN_VERSION_PHYSICS_REP,1.0,2.6623259853489514,1.0,1.0,True,True,0.2725542630312507,True,0.002864866982686869,True
2002,original_top2_cap3,False,1,a17.efficiency.nonlinear_transfer.v1,MAIN,988f1c0f2abec91f01cf3a472834e89d56cee90d5bf7ae4ab0d6167d95506648,f634339f574817171c358f4f0cbbb86248631ca8d6699b6f94c54a1d9421e667,f634339f574817171c358f4f0cbbb86248631ca8d6699b6f94c54a1d9421e667,3ce42a2f182c4669373ac11a07e72b06ec92aa6a353fbe53ddb4f905b256786c,a17.efficiency.nonlinear_transfer.v1,988f1c0f2abec91f01cf3a472834e89d56cee90d5bf7ae4ab0d6167d95506648,98268ad725cd9e454ea4e6d00dc1e95ad67ab5c88adeca4a32bb0c922875673a,SAME_MAIN_VERSION_PHYSICS_REP,1.0,2.6783611576150013,1.0,1.0,True,True,0.2725542630312507,True,0.002864866982686869,True
2002,original_top2_cap3,False,2,a17.efficiency.nonlinear_transfer.v1,MAIN,988f1c0f2abec91f01cf3a472834e89d56cee90d5bf7ae4ab0d6167d95506648,32ae2c5d2984b1a25fbf4f87739ca7de1afec4076f631f2f9b191a669f2ef30d,32ae2c5d2984b1a25fbf4f87739ca7de1afec4076f631f2f9b191a669f2ef30d,6b6c164531b7024f03aaddd9a1d5a6f5e63d22d6622ba8b26df93e5a3fc1e8ac,a17.efficiency.nonlinear_transfer.v1,988f1c0f2abec91f01cf3a472834e89d56cee90d5bf7ae4ab0d6167d95506648,98268ad725cd9e454ea4e6d00dc1e95ad67ab5c88adeca4a32bb0c922875673a,SAME_MAIN_VERSION_PHYSICS_REP,1.0,2.6838706413843525,1.0,1.0,True,True,0.2725542630312507,True,0.002864866982686869,True
2002,receiver_only,False,0,a17.efficiency.nonlinear_transfer.v1,MAIN,988f1c0f2abec91f01cf3a472834e89d56cee90d5bf7ae4ab0d6167d95506648,0b77ca9f3605643f49977e85d5baadaa230198f652d337f8256765ef276118ab,2f724362b4f4d70b5adafa8be2fbbf9a1838a15f09a03ce60269a16717b8bb4c,0b77ca9f3605643f49977e85d5baadaa230198f652d337f8256765ef276118ab,a17.efficiency.nonlinear_transfer.v1,988f1c0f2abec91f01cf3a472834e89d56cee90d5bf7ae4ab0d6167d95506648,98268ad725cd9e454ea4e6d00dc1e95ad67ab5c88adeca4a32bb0c922875673a,SAME_MAIN_VERSION_PHYSICS_REP,0.3756114035257519,1.0,1.1215620006069857,2.3399481993625564,True,True,0.2725542630312507,False,0.002864866982686869,False
2002,receiver_only,False,1,a17.efficiency.nonlinear_transfer.v1,MAIN,988f1c0f2abec91f01cf3a472834e89d56cee90d5bf7ae4ab0d6167d95506648,3ce42a2f182c4669373ac11a07e72b06ec92aa6a353fbe53ddb4f905b256786c,f634339f574817171c358f4f0cbbb86248631ca8d6699b6f94c54a1d9421e667,3ce42a2f182c4669373ac11a07e72b06ec92aa6a353fbe53ddb4f905b256786c,a17.efficiency.nonlinear_transfer.v1,988f1c0f2abec91f01cf3a472834e89d56cee90d5bf7ae4ab0d6167d95506648,98268ad725cd9e454ea4e6d00dc1e95ad67ab5c88adeca4a32bb0c922875673a,SAME_MAIN_VERSION_PHYSICS_REP,0.3733626427327931,1.0,1.1215620006069857,2.3399481993625564,True,True,0.2725542630312507,False,0.002864866982686869,False
2002,receiver_only,False,2,a17.efficiency.nonlinear_transfer.v1,MAIN,988f1c0f2abec91f01cf3a472834e89d56cee90d5bf7ae4ab0d6167d95506648,6b6c164531b7024f03aaddd9a1d5a6f5e63d22d6622ba8b26df93e5a3fc1e8ac,32ae2c5d2984b1a25fbf4f87739ca7de1afec4076f631f2f9b191a669f2ef30d,6b6c164531b7024f03aaddd9a1d5a6f5e63d22d6622ba8b26df93e5a3fc1e8ac,a17.efficiency.nonlinear_transfer.v1,988f1c0f2abec91f01cf3a472834e89d56cee90d5bf7ae4ab0d6167d95506648,98268ad725cd9e454ea4e6d00dc1e95ad67ab5c88adeca4a32bb0c922875673a,SAME_MAIN_VERSION_PHYSICS_REP,0.3725961991536953,1.0,1.1215620006069857,2.3399481993625564,True,True,0.2725542630312507,False,0.002864866982686869,False
2002,reuse_previous,True,0,a17.efficiency.nonlinear_reuse_transfer.v1,REUSE_SECONDARY,472d0749d894cc092304b8808527600cb3c9caa8085ce9480e8be06917b2a941,2302b0438a2b734492a9e7e2c99520164889e0ff844e9092748a9df8397594d4,2f724362b4f4d70b5adafa8be2fbbf9a1838a15f09a03ce60269a16717b8bb4c,0b77ca9f3605643f49977e85d5baadaa230198f652d337f8256765ef276118ab,a17.efficiency.nonlinear_transfer.v1,988f1c0f2abec91f01cf3a472834e89d56cee90d5bf7ae4ab0d6167d95506648,98268ad725cd9e454ea4e6d00dc1e95ad67ab5c88adeca4a32bb0c922875673a,EXPLICIT_CROSS_VERSION_SAME_PHYSICS_REP_SECONDARY_NO_INDEPENDENT_VALIDATION,1.1452399515842984,3.0490020825626525,1.4426652231578894,3.967759746025001,True,True,0.2725542630312507,False,0.002864866982686869,False
2002,reuse_reset3,True,0,a17.efficiency.nonlinear_reuse_transfer.v1,REUSE_SECONDARY,472d0749d894cc092304b8808527600cb3c9caa8085ce9480e8be06917b2a941,05f23399b923c69e3ae87257bcdbea9419d6bc59d05023b1b4cb2f131b6ae074,2f724362b4f4d70b5adafa8be2fbbf9a1838a15f09a03ce60269a16717b8bb4c,0b77ca9f3605643f49977e85d5baadaa230198f652d337f8256765ef276118ab,a17.efficiency.nonlinear_transfer.v1,988f1c0f2abec91f01cf3a472834e89d56cee90d5bf7ae4ab0d6167d95506648,98268ad725cd9e454ea4e6d00dc1e95ad67ab5c88adeca4a32bb0c922875673a,EXPLICIT_CROSS_VERSION_SAME_PHYSICS_REP_SECONDARY_NO_INDEPENDENT_VALIDATION,0.8115479150267572,2.1606051025314983,1.105044364706528,1.6445516325479388,True,True,0.2725542630312507,False,0.002864866982686869,False
2002,top1_cap2,True,0,a17.efficiency.nonlinear_transfer.v1,MAIN,988f1c0f2abec91f01cf3a472834e89d56cee90d5bf7ae4ab0d6167d95506648,332830a7f3d0c03ba114c5ec0d7972997689e5fd763f8cac2b8750fffa803184,2f724362b4f4d70b5adafa8be2fbbf9a1838a15f09a03ce60269a16717b8bb4c,0b77ca9f3605643f49977e85d5baadaa230198f652d337f8256765ef276118ab,a17.efficiency.nonlinear_transfer.v1,988f1c0f2abec91f01cf3a472834e89d56cee90d5bf7ae4ab0d6167d95506648,98268ad725cd9e454ea4e6d00dc1e95ad67ab5c88adeca4a32bb0c922875673a,SAME_MAIN_VERSION_PHYSICS_REP,0.8041255043598575,2.14084422573908,1.0594710055797605,1.211430861373448,True,True,0.2725542630312507,False,0.002864866982686869,False
2002,top1_cap2,True,1,a17.efficiency.nonlinear_transfer.v1,MAIN,988f1c0f2abec91f01cf3a472834e89d56cee90d5bf7ae4ab0d6167d95506648,107ecdc7f23d376b45d22375d7c08434f8bc9547a446dbde53438039132705e2,f634339f574817171c358f4f0cbbb86248631ca8d6699b6f94c54a1d9421e667,3ce42a2f182c4669373ac11a07e72b06ec92aa6a353fbe53ddb4f905b256786c,a17.efficiency.nonlinear_transfer.v1,988f1c0f2abec91f01cf3a472834e89d56cee90d5bf7ae4ab0d6167d95506648,98268ad725cd9e454ea4e6d00dc1e95ad67ab5c88adeca4a32bb0c922875673a,SAME_MAIN_VERSION_PHYSICS_REP,0.8016848048158374,2.1472014418689023,1.0594710055797605,1.211430861373448,True,True,0.2725542630312507,False,0.002864866982686869,False
2002,top1_cap2,True,2,a17.efficiency.nonlinear_transfer.v1,MAIN,988f1c0f2abec91f01cf3a472834e89d56cee90d5bf7ae4ab0d6167d95506648,279f41fc1af9320c2ee928c22f9b560788543479c141444fa0895f1ed96309ad,32ae2c5d2984b1a25fbf4f87739ca7de1afec4076f631f2f9b191a669f2ef30d,6b6c164531b7024f03aaddd9a1d5a6f5e63d22d6622ba8b26df93e5a3fc1e8ac,a17.efficiency.nonlinear_transfer.v1,988f1c0f2abec91f01cf3a472834e89d56cee90d5bf7ae4ab0d6167d95506648,98268ad725cd9e454ea4e6d00dc1e95ad67ab5c88adeca4a32bb0c922875673a,SAME_MAIN_VERSION_PHYSICS_REP,0.8038172994017078,2.1573416509010994,1.0594710055797605,1.211430861373448,True,True,0.2725542630312507,False,0.002864866982686869,False
2009,original_top2_cap3,True,0,a17.efficiency.nonlinear_transfer.v1,MAIN,988f1c0f2abec91f01cf3a472834e89d56cee90d5bf7ae4ab0d6167d95506648,b72280487bff4cf2617f32bf0d2e6c0bca323446605a36e606fde4b29cb5b391,46a5cabbd5400bfce09b4b522d7bda426f42412ef0ce1b6a4fb45c110c22e61f,b5ff2e94c58253441eaa10b33d937724d8e354be1f14a35227f6ade4cb9ded91,a17.efficiency.nonlinear_transfer.v1,988f1c0f2abec91f01cf3a472834e89d56cee90d5bf7ae4ab0d6167d95506648,98268ad725cd9e454ea4e6d00dc1e95ad67ab5c88adeca4a32bb0c922875673a,SAME_MAIN_VERSION_PHYSICS_REP,0.9098159701351872,1.3334317444297703,1.0,1.0,True,True,0.5716490498653842,True,0.01230108180159913,True
2009,original_top2_cap3,True,1,a17.efficiency.nonlinear_transfer.v1,MAIN,988f1c0f2abec91f01cf3a472834e89d56cee90d5bf7ae4ab0d6167d95506648,9a1713dea1b91d0597b593fdfbbd91deab2313a891a195c4ee51e388d78b36ac,3266aaea3cbcbc824d6aa41df820d9457d3f4012c848dd43f0b77ac1a8b82049,ee8759b02829c224cbf57a1e627d9d4e8b9717cbb3508757cbb252803ea8a4f3,a17.efficiency.nonlinear_transfer.v1,988f1c0f2abec91f01cf3a472834e89d56cee90d5bf7ae4ab0d6167d95506648,98268ad725cd9e454ea4e6d00dc1e95ad67ab5c88adeca4a32bb0c922875673a,SAME_MAIN_VERSION_PHYSICS_REP,0.9098032648439628,1.3261792186687764,1.0,1.0,True,True,0.5716490498653842,True,0.01230108180159913,True
2009,original_top2_cap3,True,2,a17.efficiency.nonlinear_transfer.v1,MAIN,988f1c0f2abec91f01cf3a472834e89d56cee90d5bf7ae4ab0d6167d95506648,fb6daffa2e519480cc81304f4874c1c652754149ebcfced4688ad59ffdba5878,403480030b9bcaa18c5045eadce1b83b2b1eaba18f7953cbacefc6e94a3e6e69,5aaa6ef44d5d3c4438163d09fc4fef7a96c6d5f9dc6994e54e1a8fb99c797af3,a17.efficiency.nonlinear_transfer.v1,988f1c0f2abec91f01cf3a472834e89d56cee90d5bf7ae4ab0d6167d95506648,98268ad725cd9e454ea4e6d00dc1e95ad67ab5c88adeca4a32bb0c922875673a,SAME_MAIN_VERSION_PHYSICS_REP,0.9086403005017439,1.327746095534289,1.0,1.0,True,True,0.5716490498653842,True,0.01230108180159913,True
2009,original_top2_cap3,False,0,a17.efficiency.nonlinear_transfer.v1,MAIN,988f1c0f2abec91f01cf3a472834e89d56cee90d5bf7ae4ab0d6167d95506648,46a5cabbd5400bfce09b4b522d7bda426f42412ef0ce1b6a4fb45c110c22e61f,46a5cabbd5400bfce09b4b522d7bda426f42412ef0ce1b6a4fb45c110c22e61f,b5ff2e94c58253441eaa10b33d937724d8e354be1f14a35227f6ade4cb9ded91,a17.efficiency.nonlinear_transfer.v1,988f1c0f2abec91f01cf3a472834e89d56cee90d5bf7ae4ab0d6167d95506648,98268ad725cd9e454ea4e6d00dc1e95ad67ab5c88adeca4a32bb0c922875673a,SAME_MAIN_VERSION_PHYSICS_REP,1.0,1.4656059996744608,1.0,1.0,True,True,0.5716490498653842,True,0.01230108180159913,True
2009,original_top2_cap3,False,1,a17.efficiency.nonlinear_transfer.v1,MAIN,988f1c0f2abec91f01cf3a472834e89d56cee90d5bf7ae4ab0d6167d95506648,3266aaea3cbcbc824d6aa41df820d9457d3f4012c848dd43f0b77ac1a8b82049,3266aaea3cbcbc824d6aa41df820d9457d3f4012c848dd43f0b77ac1a8b82049,ee8759b02829c224cbf57a1e627d9d4e8b9717cbb3508757cbb252803ea8a4f3,a17.efficiency.nonlinear_transfer.v1,988f1c0f2abec91f01cf3a472834e89d56cee90d5bf7ae4ab0d6167d95506648,98268ad725cd9e454ea4e6d00dc1e95ad67ab5c88adeca4a32bb0c922875673a,SAME_MAIN_VERSION_PHYSICS_REP,1.0,1.4576549347690295,1.0,1.0,True,True,0.5716490498653842,True,0.01230108180159913,True
2009,original_top2_cap3,False,2,a17.efficiency.nonlinear_transfer.v1,MAIN,988f1c0f2abec91f01cf3a472834e89d56cee90d5bf7ae4ab0d6167d95506648,403480030b9bcaa18c5045eadce1b83b2b1eaba18f7953cbacefc6e94a3e6e69,403480030b9bcaa18c5045eadce1b83b2b1eaba18f7953cbacefc6e94a3e6e69,5aaa6ef44d5d3c4438163d09fc4fef7a96c6d5f9dc6994e54e1a8fb99c797af3,a17.efficiency.nonlinear_transfer.v1,988f1c0f2abec91f01cf3a472834e89d56cee90d5bf7ae4ab0d6167d95506648,98268ad725cd9e454ea4e6d00dc1e95ad67ab5c88adeca4a32bb0c922875673a,SAME_MAIN_VERSION_PHYSICS_REP,1.0,1.4612449995901768,1.0,1.0,True,True,0.5716490498653842,True,0.01230108180159913,True
2009,receiver_only,False,0,a17.efficiency.nonlinear_transfer.v1,MAIN,988f1c0f2abec91f01cf3a472834e89d56cee90d5bf7ae4ab0d6167d95506648,b5ff2e94c58253441eaa10b33d937724d8e354be1f14a35227f6ade4cb9ded91,46a5cabbd5400bfce09b4b522d7bda426f42412ef0ce1b6a4fb45c110c22e61f,b5ff2e94c58253441eaa10b33d937724d8e354be1f14a35227f6ade4cb9ded91,a17.efficiency.nonlinear_transfer.v1,988f1c0f2abec91f01cf3a472834e89d56cee90d5bf7ae4ab0d6167d95506648,98268ad725cd9e454ea4e6d00dc1e95ad67ab5c88adeca4a32bb0c922875673a,SAME_MAIN_VERSION_PHYSICS_REP,0.6823116173256109,1.0,1.0771239952602614,1.1650912500525126,True,True,0.5716490498653842,False,0.01230108180159913,False
2009,receiver_only,False,1,a17.efficiency.nonlinear_transfer.v1,MAIN,988f1c0f2abec91f01cf3a472834e89d56cee90d5bf7ae4ab0d6167d95506648,ee8759b02829c224cbf57a1e627d9d4e8b9717cbb3508757cbb252803ea8a4f3,3266aaea3cbcbc824d6aa41df820d9457d3f4012c848dd43f0b77ac1a8b82049,ee8759b02829c224cbf57a1e627d9d4e8b9717cbb3508757cbb252803ea8a4f3,a17.efficiency.nonlinear_transfer.v1,988f1c0f2abec91f01cf3a472834e89d56cee90d5bf7ae4ab0d6167d95506648,98268ad725cd9e454ea4e6d00dc1e95ad67ab5c88adeca4a32bb0c922875673a,SAME_MAIN_VERSION_PHYSICS_REP,0.6860334199454781,1.0,1.0771239952602614,1.1650912500525126,True,True,0.5716490498653842,False,0.01230108180159913,False
2009,receiver_only,False,2,a17.efficiency.nonlinear_transfer.v1,MAIN,988f1c0f2abec91f01cf3a472834e89d56cee90d5bf7ae4ab0d6167d95506648,5aaa6ef44d5d3c4438163d09fc4fef7a96c6d5f9dc6994e54e1a8fb99c797af3,403480030b9bcaa18c5045eadce1b83b2b1eaba18f7953cbacefc6e94a3e6e69,5aaa6ef44d5d3c4438163d09fc4fef7a96c6d5f9dc6994e54e1a8fb99c797af3,a17.efficiency.nonlinear_transfer.v1,988f1c0f2abec91f01cf3a472834e89d56cee90d5bf7ae4ab0d6167d95506648,98268ad725cd9e454ea4e6d00dc1e95ad67ab5c88adeca4a32bb0c922875673a,SAME_MAIN_VERSION_PHYSICS_REP,0.6843479363696447,1.0,1.0771239952602614,1.1650912500525126,True,True,0.5716490498653842,False,0.01230108180159913,False
2009,reuse_previous,True,0,a17.efficiency.nonlinear_reuse_transfer.v1,REUSE_SECONDARY,472d0749d894cc092304b8808527600cb3c9caa8085ce9480e8be06917b2a941,ebeb22796dd2a6823374c66610f8fc6208e9f250b89d4133d5d025d5666bb625,46a5cabbd5400bfce09b4b522d7bda426f42412ef0ce1b6a4fb45c110c22e61f,b5ff2e94c58253441eaa10b33d937724d8e354be1f14a35227f6ade4cb9ded91,a17.efficiency.nonlinear_transfer.v1,988f1c0f2abec91f01cf3a472834e89d56cee90d5bf7ae4ab0d6167d95506648,98268ad725cd9e454ea4e6d00dc1e95ad67ab5c88adeca4a32bb0c922875673a,EXPLICIT_CROSS_VERSION_SAME_PHYSICS_REP_SECONDARY_NO_INDEPENDENT_VALIDATION,1.0217591923271478,1.497496402497199,1.1442260030815616,1.4282958968578263,True,True,0.5716490498653842,False,0.01230108180159913,False
2009,reuse_reset3,True,0,a17.efficiency.nonlinear_reuse_transfer.v1,REUSE_SECONDARY,472d0749d894cc092304b8808527600cb3c9caa8085ce9480e8be06917b2a941,1a1f03071ed6318c9871cd417762ca60d873a940ef69fdee5f83cc6fd8648ef3,46a5cabbd5400bfce09b4b522d7bda426f42412ef0ce1b6a4fb45c110c22e61f,b5ff2e94c58253441eaa10b33d937724d8e354be1f14a35227f6ade4cb9ded91,a17.efficiency.nonlinear_transfer.v1,988f1c0f2abec91f01cf3a472834e89d56cee90d5bf7ae4ab0d6167d95506648,98268ad725cd9e454ea4e6d00dc1e95ad67ab5c88adeca4a32bb0c922875673a,EXPLICIT_CROSS_VERSION_SAME_PHYSICS_REP_SECONDARY_NO_INDEPENDENT_VALIDATION,0.9673340101213938,1.4177305289230702,0.9875900066596551,0.99100212273065,True,True,0.5716490498653842,True,0.01230108180159913,True
2009,top1_cap2,True,0,a17.efficiency.nonlinear_transfer.v1,MAIN,988f1c0f2abec91f01cf3a472834e89d56cee90d5bf7ae4ab0d6167d95506648,249336d3e6be1dbd182f342612f91a6a035d032f430c9448f3bfaf6b7ed24bda,46a5cabbd5400bfce09b4b522d7bda426f42412ef0ce1b6a4fb45c110c22e61f,b5ff2e94c58253441eaa10b33d937724d8e354be1f14a35227f6ade4cb9ded91,a17.efficiency.nonlinear_transfer.v1,988f1c0f2abec91f01cf3a472834e89d56cee90d5bf7ae4ab0d6167d95506648,98268ad725cd9e454ea4e6d00dc1e95ad67ab5c88adeca4a32bb0c922875673a,SAME_MAIN_VERSION_PHYSICS_REP,0.9318904146111331,1.3657841826931973,0.9657114178226954,0.983794423903447,True,True,0.5716490498653842,True,0.01230108180159913,True
2009,top1_cap2,True,1,a17.efficiency.nonlinear_transfer.v1,MAIN,988f1c0f2abec91f01cf3a472834e89d56cee90d5bf7ae4ab0d6167d95506648,77e26c72ae57609f6745b31d1e96c80f204a89a500a9ab13b197257d257d56f8,3266aaea3cbcbc824d6aa41df820d9457d3f4012c848dd43f0b77ac1a8b82049,ee8759b02829c224cbf57a1e627d9d4e8b9717cbb3508757cbb252803ea8a4f3,a17.efficiency.nonlinear_transfer.v1,988f1c0f2abec91f01cf3a472834e89d56cee90d5bf7ae4ab0d6167d95506648,98268ad725cd9e454ea4e6d00dc1e95ad67ab5c88adeca4a32bb0c922875673a,SAME_MAIN_VERSION_PHYSICS_REP,0.9311977083820883,1.3573649348687626,0.9657114178226954,0.983794423903447,True,True,0.5716490498653842,True,0.01230108180159913,True
2009,top1_cap2,True,2,a17.efficiency.nonlinear_transfer.v1,MAIN,988f1c0f2abec91f01cf3a472834e89d56cee90d5bf7ae4ab0d6167d95506648,a38abe75dd22fab152618899cb4bfc70fb796e9aa9f30675e2a6fd7ce64afd32,403480030b9bcaa18c5045eadce1b83b2b1eaba18f7953cbacefc6e94a3e6e69,5aaa6ef44d5d3c4438163d09fc4fef7a96c6d5f9dc6994e54e1a8fb99c797af3,a17.efficiency.nonlinear_transfer.v1,988f1c0f2abec91f01cf3a472834e89d56cee90d5bf7ae4ab0d6167d95506648,98268ad725cd9e454ea4e6d00dc1e95ad67ab5c88adeca4a32bb0c922875673a,SAME_MAIN_VERSION_PHYSICS_REP,0.9285082682731484,1.3567780640922726,0.9657114178226954,0.983794423903447,True,True,0.5716490498653842,True,0.01230108180159913,True
