object,policy,geometry_cache,repetition,version,config_sha256,identity_eligible,driver_role,physics_identity,raw_binding_status,raw_array_check,result_sha256,source,status,outer_records,child_wall_s,material,material_real,material_imag,heldout,measured_data,accepted_outer_updates,exchange_moves,Jx_directions,Jd_directions,Jd_block_calls,avg_Jd_per_outer,tangent_rhs,full_adjoint_rhs,full_forward_rhs,full_LU,gradient_fallbacks,all_projection_solver_success,infeasible_trials,armijo_trial_count,observable_label_checks,no_reference_optimal_step_acquired,checkpoint_constraint_check,check_failures,phase_seconds,online_stage_seconds,input_setup_final_metrics_s,unassigned_child_s,timing_scope
2002,top1_cap3,True,0,a17.efficiency.nonlinear_top1cap3_transfer.v1,b3ce29f8016755e3803deae2eb8b5b3c353a5fb9872c75edd7a415e158e318b9,True,TOP1CAP3_CONDITIONAL,98268ad725cd9e454ea4e6d00dc1e95ad67ab5c88adeca4a32bb0c922875673a,HASH_BOUND_RAW_DIRECTORY,"{""status"": ""MEASURED_ARRAY_CHECKS_ONLY"", ""issues"": [], ""accepted_checkpoint_checks"": [{""iteration"": 0, ""status"": ""MEASURED_FEASIBLE""}, {""iteration"": 1, ""status"": ""MEASURED_FEASIBLE""}, {""iteration"": 2, ""status"": ""MEASURED_FEASIBLE""}, {""iteration"": 3, ""status"": ""MEASURED_FEASIBLE""}, {""iteration"": 4, ""status"": ""MEASURED_FEASIBLE""}, {""iteration"": 5, ""status"": ""MEASURED_FEASIBLE""}, {""iteration"": 6, ""status"": ""MEASURED_FEASIBLE""}, {""iteration"": 7, ""status"": ""MEASURED_FEASIBLE""}, {""iteration"": 8, ""status"": ""MEASURED_FEASIBLE""}, {""iteration"": 9, ""status"": ""MEASURED_FEASIBLE""}, {""iteration"": 10, ""status"": ""MEASURED_FEASIBLE""}, {""iteration"": 11, ""status"": ""MEASURED_FEASIBLE""}, {""iteration"": 12, ""status"": ""MEASURED_FEASIBLE""}, {""iteration"": 13, ""status"": ""MEASURED_FEASIBLE""}, {""iteration"": 14, ""status"": ""MEASURED_FEASIBLE""}, {""iteration"": 15, ""status"": ""MEASURED_FEASIBLE""}, {""iteration"": 16, ""status"": ""MEASURED_FEASIBLE""}, {""iteration"": 17, ""status"": ""MEASURED_FEASIBLE""}], ""final_matches_last_safe"": {""status"": ""MEASURED_ARRAY_COMPARISON"", ""bitwise_equal"": true, ""max_abs_error"": 0.0, ""relative_l2_error"": 0.0, ""dtype_equal"": true}}",ca114ca3dfe212d36bd20f8b34ce3aa01787d5954612bcf50324b92ece06acfa,evidence/final_snapshot/results/nonlinear_top1cap3_transfer_v1/object_2002/top1_cap3_cache/rep0/result.json,completed_max_updates,18,424.89556600002106,0.2636868606845988,0.24507551708228653,0.6461269490707702,0.0025458184043677078,0.0025448221483027654,18,40,18,50,50,2.7777777777777777,408,108,210,35,1,True,0,34,True,True,MEASURED_ARRAY_CHECKS_ONLY,[],"{""full_linearization"": 3.718009900127072, ""full_gradient"": 1.5303288999712095, ""exchange_anchor_pool_workspace_acquisition"": 154.89494330005255, ""verified_online_exchange"": 36.72611720004352, ""cheap_existing_drift_diagnostics"": 0.03794210008345544, ""passive_projection_and_full_gradient_fallback"": 0.018812199996318668, ""full_nonlinear_armijo"": 114.04559480008902}","{""receiver_wall_s"": 1.5819381999899633, ""Jx_initialization_wall_s"": 2.1264505001017824, ""endpoint_wall_s"": 22.42711670009885, ""anchor_wall_s"": 1.9379535998450592, ""Jd_wall_s"": 1.963345699943602, ""acceptance_wall_s"": 0.03803559980588034}",2.1822070999769494,111.74161049968097,Child excludes pre-start imports/binding and post-end final publication; external occupation separate
2002,top1_cap3,True,1,a17.efficiency.nonlinear_top1cap3_transfer.v1,b3ce29f8016755e3803deae2eb8b5b3c353a5fb9872c75edd7a415e158e318b9,True,TOP1CAP3_CONDITIONAL,98268ad725cd9e454ea4e6d00dc1e95ad67ab5c88adeca4a32bb0c922875673a,HASH_BOUND_RAW_DIRECTORY,"{""status"": ""MEASURED_ARRAY_CHECKS_ONLY"", ""issues"": [], ""accepted_checkpoint_checks"": [{""iteration"": 0, ""status"": ""MEASURED_FEASIBLE""}, {""iteration"": 1, ""status"": ""MEASURED_FEASIBLE""}, {""iteration"": 2, ""status"": ""MEASURED_FEASIBLE""}, {""iteration"": 3, ""status"": ""MEASURED_FEASIBLE""}, {""iteration"": 4, ""status"": ""MEASURED_FEASIBLE""}, {""iteration"": 5, ""status"": ""MEASURED_FEASIBLE""}, {""iteration"": 6, ""status"": ""MEASURED_FEASIBLE""}, {""iteration"": 7, ""status"": ""MEASURED_FEASIBLE""}, {""iteration"": 8, ""status"": ""MEASURED_FEASIBLE""}, {""iteration"": 9, ""status"": ""MEASURED_FEASIBLE""}, {""iteration"": 10, ""status"": ""MEASURED_FEASIBLE""}, {""iteration"": 11, ""status"": ""MEASURED_FEASIBLE""}, {""iteration"": 12, ""status"": ""MEASURED_FEASIBLE""}, {""iteration"": 13, ""status"": ""MEASURED_FEASIBLE""}, {""iteration"": 14, ""status"": ""MEASURED_FEASIBLE""}, {""iteration"": 15, ""status"": ""MEASURED_FEASIBLE""}, {""iteration"": 16, ""status"": ""MEASURED_FEASIBLE""}, {""iteration"": 17, ""status"": ""MEASURED_FEASIBLE""}], ""final_matches_last_safe"": {""status"": ""MEASURED_ARRAY_COMPARISON"", ""bitwise_equal"": true, ""max_abs_error"": 0.0, ""relative_l2_error"": 0.0, ""dtype_equal"": true}}",c60a8815de965ad064a0e3f1c982717f13758e3fa0ab673ba87d260653245f93,evidence/final_snapshot/results/nonlinear_top1cap3_transfer_v1/object_2002/top1_cap3_cache/rep1/result.json,completed_max_updates,18,425.46944789995905,0.2636868606845988,0.24507551708228653,0.6461269490707702,0.0025458184043677078,0.0025448221483027654,18,40,18,50,50,2.7777777777777777,408,108,210,35,1,True,0,34,True,True,MEASURED_ARRAY_CHECKS_ONLY,[],"{""full_linearization"": 3.7581385998637415, ""full_gradient"": 1.5654384001973085, ""exchange_anchor_pool_workspace_acquisition"": 155.29547290015034, ""verified_online_exchange"": 37.23139450018061, ""cheap_existing_drift_diagnostics"": 0.038572499819565564, ""passive_projection_and_full_gradient_fallback"": 0.018886699981521815, ""full_nonlinear_armijo"": 113.95366499997908}","{""receiver_wall_s"": 1.5681094000465237, ""Jx_initialization_wall_s"": 2.138205100025516, ""endpoint_wall_s"": 22.869950000138488, ""anchor_wall_s"": 1.9240800002007745, ""Jd_wall_s"": 1.9767638999037445, ""acceptance_wall_s"": 0.037584599922411144}",2.254164700047113,111.35371459973976,Child excludes pre-start imports/binding and post-end final publication; external occupation separate
2002,top1_cap3,True,2,a17.efficiency.nonlinear_top1cap3_transfer.v1,b3ce29f8016755e3803deae2eb8b5b3c353a5fb9872c75edd7a415e158e318b9,True,TOP1CAP3_CONDITIONAL,98268ad725cd9e454ea4e6d00dc1e95ad67ab5c88adeca4a32bb0c922875673a,HASH_BOUND_RAW_DIRECTORY,"{""status"": ""MEASURED_ARRAY_CHECKS_ONLY"", ""issues"": [], ""accepted_checkpoint_checks"": [{""iteration"": 0, ""status"": ""MEASURED_FEASIBLE""}, {""iteration"": 1, ""status"": ""MEASURED_FEASIBLE""}, {""iteration"": 2, ""status"": ""MEASURED_FEASIBLE""}, {""iteration"": 3, ""status"": ""MEASURED_FEASIBLE""}, {""iteration"": 4, ""status"": ""MEASURED_FEASIBLE""}, {""iteration"": 5, ""status"": ""MEASURED_FEASIBLE""}, {""iteration"": 6, ""status"": ""MEASURED_FEASIBLE""}, {""iteration"": 7, ""status"": ""MEASURED_FEASIBLE""}, {""iteration"": 8, ""status"": ""MEASURED_FEASIBLE""}, {""iteration"": 9, ""status"": ""MEASURED_FEASIBLE""}, {""iteration"": 10, ""status"": ""MEASURED_FEASIBLE""}, {""iteration"": 11, ""status"": ""MEASURED_FEASIBLE""}, {""iteration"": 12, ""status"": ""MEASURED_FEASIBLE""}, {""iteration"": 13, ""status"": ""MEASURED_FEASIBLE""}, {""iteration"": 14, ""status"": ""MEASURED_FEASIBLE""}, {""iteration"": 15, ""status"": ""MEASURED_FEASIBLE""}, {""iteration"": 16, ""status"": ""MEASURED_FEASIBLE""}, {""iteration"": 17, ""status"": ""MEASURED_FEASIBLE""}], ""final_matches_last_safe"": {""status"": ""MEASURED_ARRAY_COMPARISON"", ""bitwise_equal"": true, ""max_abs_error"": 0.0, ""relative_l2_error"": 0.0, ""dtype_equal"": true}}",4613a5bb0adb9d17646d77c3f45aa304dde9641d101b6d2afc9613a7913f789d,evidence/final_snapshot/results/nonlinear_top1cap3_transfer_v1/object_2002/top1_cap3_cache/rep2/result.json,completed_max_updates,18,425.03123689995846,0.2636868606845988,0.24507551708228653,0.6461269490707702,0.0025458184043677078,0.0025448221483027654,18,40,18,50,50,2.7777777777777777,408,108,210,35,1,True,0,34,True,True,MEASURED_ARRAY_CHECKS_ONLY,[],"{""full_linearization"": 3.755257499986328, ""full_gradient"": 1.5906227001105435, ""exchange_anchor_pool_workspace_acquisition"": 155.24250900000334, ""verified_online_exchange"": 37.22892140003387, ""cheap_existing_drift_diagnostics"": 0.03337810002267361, ""passive_projection_and_full_gradient_fallback"": 0.020009299914818257, ""full_nonlinear_armijo"": 113.80947189993458}","{""receiver_wall_s"": 1.553390899905935, ""Jx_initialization_wall_s"": 2.1315985001274385, ""endpoint_wall_s"": 22.825793799944222, ""anchor_wall_s"": 1.9314137999899685, ""Jd_wall_s"": 1.9620796997332945, ""acceptance_wall_s"": 0.03487590025179088}",2.1594666999881156,111.1916002999642,Child excludes pre-start imports/binding and post-end final publication; external occupation separate
2009,top1_cap3,True,0,a17.efficiency.nonlinear_top1cap3_transfer.v1,b3ce29f8016755e3803deae2eb8b5b3c353a5fb9872c75edd7a415e158e318b9,True,TOP1CAP3_CONDITIONAL,98268ad725cd9e454ea4e6d00dc1e95ad67ab5c88adeca4a32bb0c922875673a,HASH_BOUND_RAW_DIRECTORY,"{""status"": ""MEASURED_ARRAY_CHECKS_ONLY"", ""issues"": [], ""accepted_checkpoint_checks"": [{""iteration"": 0, ""status"": ""MEASURED_FEASIBLE""}, {""iteration"": 1, ""status"": ""MEASURED_FEASIBLE""}, {""iteration"": 2, ""status"": ""MEASURED_FEASIBLE""}, {""iteration"": 3, ""status"": ""MEASURED_FEASIBLE""}, {""iteration"": 4, ""status"": ""MEASURED_FEASIBLE""}, {""iteration"": 5, ""status"": ""MEASURED_FEASIBLE""}, {""iteration"": 6, ""status"": ""MEASURED_FEASIBLE""}, {""iteration"": 7, ""status"": ""MEASURED_FEASIBLE""}, {""iteration"": 8, ""status"": ""MEASURED_FEASIBLE""}, {""iteration"": 9, ""status"": ""MEASURED_FEASIBLE""}, {""iteration"": 10, ""status"": ""MEASURED_FEASIBLE""}, {""iteration"": 11, ""status"": ""MEASURED_FEASIBLE""}, {""iteration"": 12, ""status"": ""MEASURED_FEASIBLE""}, {""iteration"": 13, ""status"": ""MEASURED_FEASIBLE""}, {""iteration"": 14, ""status"": ""MEASURED_FEASIBLE""}, {""iteration"": 15, ""status"": ""MEASURED_FEASIBLE""}, {""iteration"": 16, ""status"": ""MEASURED_FEASIBLE""}, {""iteration"": 17, ""status"": ""MEASURED_FEASIBLE""}], ""final_matches_last_safe"": {""status"": ""MEASURED_ARRAY_COMPARISON"", ""bitwise_equal"": true, ""max_abs_error"": 0.0, ""relative_l2_error"": 0.0, ""dtype_equal"": true}}",262bf190fa972a34f12e2c1d897874f246ce7b8a47ced7d38fdf6dfd90546e00,evidence/final_snapshot/results/nonlinear_top1cap3_transfer_v1/object_2009/top1_cap3_cache/rep0/result.json,completed_max_updates,18,539.8526239999919,0.5413348367419729,0.5406736880248513,0.5815881432874177,0.011600403947968185,0.011599515222565122,18,43,18,52,52,2.888888888888889,420,108,552,92,8,True,0,91,True,True,MEASURED_ARRAY_CHECKS_ONLY,[],"{""full_linearization"": 3.9141404000693, ""full_gradient"": 1.6953347001690418, ""exchange_anchor_pool_workspace_acquisition"": 144.24724249989958, ""verified_online_exchange"": 22.37183520011604, ""cheap_existing_drift_diagnostics"": 0.04347489989595488, ""passive_projection_and_full_gradient_fallback"": 0.7883693001349457, ""full_nonlinear_armijo"": 304.76886080007534}","{""receiver_wall_s"": 0.07826499990187585, ""Jx_initialization_wall_s"": 1.0934842000715435, ""endpoint_wall_s"": 11.584626100026071, ""anchor_wall_s"": 0.512975899851881, ""Jd_wall_s"": 3.325944899872411, ""acceptance_wall_s"": 0.03113220020895824}",6.035782899998594,55.987583299633116,Child excludes pre-start imports/binding and post-end final publication; external occupation separate
2009,top1_cap3,True,1,a17.efficiency.nonlinear_top1cap3_transfer.v1,b3ce29f8016755e3803deae2eb8b5b3c353a5fb9872c75edd7a415e158e318b9,True,TOP1CAP3_CONDITIONAL,98268ad725cd9e454ea4e6d00dc1e95ad67ab5c88adeca4a32bb0c922875673a,HASH_BOUND_RAW_DIRECTORY,"{""status"": ""MEASURED_ARRAY_CHECKS_ONLY"", ""issues"": [], ""accepted_checkpoint_checks"": [{""iteration"": 0, ""status"": ""MEASURED_FEASIBLE""}, {""iteration"": 1, ""status"": ""MEASURED_FEASIBLE""}, {""iteration"": 2, ""status"": ""MEASURED_FEASIBLE""}, {""iteration"": 3, ""status"": ""MEASURED_FEASIBLE""}, {""iteration"": 4, ""status"": ""MEASURED_FEASIBLE""}, {""iteration"": 5, ""status"": ""MEASURED_FEASIBLE""}, {""iteration"": 6, ""status"": ""MEASURED_FEASIBLE""}, {""iteration"": 7, ""status"": ""MEASURED_FEASIBLE""}, {""iteration"": 8, ""status"": ""MEASURED_FEASIBLE""}, {""iteration"": 9, ""status"": ""MEASURED_FEASIBLE""}, {""iteration"": 10, ""status"": ""MEASURED_FEASIBLE""}, {""iteration"": 11, ""status"": ""MEASURED_FEASIBLE""}, {""iteration"": 12, ""status"": ""MEASURED_FEASIBLE""}, {""iteration"": 13, ""status"": ""MEASURED_FEASIBLE""}, {""iteration"": 14, ""status"": ""MEASURED_FEASIBLE""}, {""iteration"": 15, ""status"": ""MEASURED_FEASIBLE""}, {""iteration"": 16, ""status"": ""MEASURED_FEASIBLE""}, {""iteration"": 17, ""status"": ""MEASURED_FEASIBLE""}], ""final_matches_last_safe"": {""status"": ""MEASURED_ARRAY_COMPARISON"", ""bitwise_equal"": true, ""max_abs_error"": 0.0, ""relative_l2_error"": 0.0, ""dtype_equal"": true}}",5c45c27b0e8b154d9f90f48ce51cdf3fb178072ad39bb895cfe1e5f00bd0e2d1,evidence/final_snapshot/results/nonlinear_top1cap3_transfer_v1/object_2009/top1_cap3_cache/rep1/result.json,completed_max_updates,18,535.5980476000113,0.5413348367419729,0.5406736880248513,0.5815881432874177,0.011600403947968185,0.011599515222565122,18,43,18,52,52,2.888888888888889,420,108,552,92,8,True,0,91,True,True,MEASURED_ARRAY_CHECKS_ONLY,[],"{""full_linearization"": 3.804156400030479, ""full_gradient"": 1.7659649000852369, ""exchange_anchor_pool_workspace_acquisition"": 144.29121629986912, ""verified_online_exchange"": 22.415209800063167, ""cheap_existing_drift_diagnostics"": 0.04227269993862137, ""passive_projection_and_full_gradient_fallback"": 0.714921900012996, ""full_nonlinear_armijo"": 304.25882220012136}","{""receiver_wall_s"": 0.07433469989337027, ""Jx_initialization_wall_s"": 1.120567500242032, ""endpoint_wall_s"": 11.50525889993878, ""anchor_wall_s"": 0.5131183997145854, ""Jd_wall_s"": 3.426944400300272, ""acceptance_wall_s"": 0.03106680029304698}",2.1167751000612043,56.18870829982916,Child excludes pre-start imports/binding and post-end final publication; external occupation separate
2009,top1_cap3,True,2,a17.efficiency.nonlinear_top1cap3_transfer.v1,b3ce29f8016755e3803deae2eb8b5b3c353a5fb9872c75edd7a415e158e318b9,True,TOP1CAP3_CONDITIONAL,98268ad725cd9e454ea4e6d00dc1e95ad67ab5c88adeca4a32bb0c922875673a,HASH_BOUND_RAW_DIRECTORY,"{""status"": ""MEASURED_ARRAY_CHECKS_ONLY"", ""issues"": [], ""accepted_checkpoint_checks"": [{""iteration"": 0, ""status"": ""MEASURED_FEASIBLE""}, {""iteration"": 1, ""status"": ""MEASURED_FEASIBLE""}, {""iteration"": 2, ""status"": ""MEASURED_FEASIBLE""}, {""iteration"": 3, ""status"": ""MEASURED_FEASIBLE""}, {""iteration"": 4, ""status"": ""MEASURED_FEASIBLE""}, {""iteration"": 5, ""status"": ""MEASURED_FEASIBLE""}, {""iteration"": 6, ""status"": ""MEASURED_FEASIBLE""}, {""iteration"": 7, ""status"": ""MEASURED_FEASIBLE""}, {""iteration"": 8, ""status"": ""MEASURED_FEASIBLE""}, {""iteration"": 9, ""status"": ""MEASURED_FEASIBLE""}, {""iteration"": 10, ""status"": ""MEASURED_FEASIBLE""}, {""iteration"": 11, ""status"": ""MEASURED_FEASIBLE""}, {""iteration"": 12, ""status"": ""MEASURED_FEASIBLE""}, {""iteration"": 13, ""status"": ""MEASURED_FEASIBLE""}, {""iteration"": 14, ""status"": ""MEASURED_FEASIBLE""}, {""iteration"": 15, ""status"": ""MEASURED_FEASIBLE""}, {""iteration"": 16, ""status"": ""MEASURED_FEASIBLE""}, {""iteration"": 17, ""status"": ""MEASURED_FEASIBLE""}], ""final_matches_last_safe"": {""status"": ""MEASURED_ARRAY_COMPARISON"", ""bitwise_equal"": true, ""max_abs_error"": 0.0, ""relative_l2_error"": 0.0, ""dtype_equal"": true}}",30b65fccbf5cd7299aefd8c12307d3aa09232e54fad3fcf72ecffb955b8b3fd4,evidence/final_snapshot/results/nonlinear_top1cap3_transfer_v1/object_2009/top1_cap3_cache/rep2/result.json,completed_max_updates,18,535.0434068000177,0.5413348367419729,0.5406736880248513,0.5815881432874177,0.011600403947968185,0.011599515222565122,18,43,18,52,52,2.888888888888889,420,108,552,92,8,True,0,91,True,True,MEASURED_ARRAY_CHECKS_ONLY,[],"{""full_linearization"": 3.796485500060953, ""full_gradient"": 1.7129334000055678, ""exchange_anchor_pool_workspace_acquisition"": 142.87563029996818, ""verified_online_exchange"": 22.11964340013219, ""cheap_existing_drift_diagnostics"": 0.04584010015241802, ""passive_projection_and_full_gradient_fallback"": 0.7757824001018889, ""full_nonlinear_armijo"": 305.5568246001494}","{""receiver_wall_s"": 0.07807420013705269, ""Jx_initialization_wall_s"": 1.033545000012964, ""endpoint_wall_s"": 11.531236800306942, ""anchor_wall_s"": 0.5022316997637972, ""Jd_wall_s"": 3.206038999953307, ""acceptance_wall_s"": 0.030552399985026568}",2.198900699906517,55.961366399540566,Child excludes pre-start imports/binding and post-end final publication; external occupation separate
2002,original_top2_cap3,True,0,a17.efficiency.nonlinear_transfer.v1,988f1c0f2abec91f01cf3a472834e89d56cee90d5bf7ae4ab0d6167d95506648,True,MAIN,98268ad725cd9e454ea4e6d00dc1e95ad67ab5c88adeca4a32bb0c922875673a,HASH_BOUND_RAW_DIRECTORY,"{""status"": ""MEASURED_ARRAY_CHECKS_ONLY"", ""issues"": [], ""accepted_checkpoint_checks"": [{""iteration"": 0, ""status"": ""MEASURED_FEASIBLE""}, {""iteration"": 1, ""status"": ""MEASURED_FEASIBLE""}, {""iteration"": 2, ""status"": ""MEASURED_FEASIBLE""}, {""iteration"": 3, ""status"": ""MEASURED_FEASIBLE""}, {""iteration"": 4, ""status"": ""MEASURED_FEASIBLE""}, {""iteration"": 5, ""status"": ""MEASURED_FEASIBLE""}, {""iteration"": 6, ""status"": ""MEASURED_FEASIBLE""}, {""iteration"": 7, ""status"": ""MEASURED_FEASIBLE""}, {""iteration"": 8, ""status"": ""MEASURED_FEASIBLE""}, {""iteration"": 9, ""status"": ""MEASURED_FEASIBLE""}, {""iteration"": 10, ""status"": ""MEASURED_FEASIBLE""}, {""iteration"": 11, ""status"": ""MEASURED_FEASIBLE""}, {""iteration"": 12, ""status"": ""MEASURED_FEASIBLE""}, {""iteration"": 13, ""status"": ""MEASURED_FEASIBLE""}, {""iteration"": 14, ""status"": ""MEASURED_FEASIBLE""}, {""iteration"": 15, ""status"": ""MEASURED_FEASIBLE""}, {""iteration"": 16, ""status"": ""MEASURED_FEASIBLE""}, {""iteration"": 17, ""status"": ""MEASURED_FEASIBLE""}], ""final_matches_last_safe"": {""status"": ""MEASURED_ARRAY_COMPARISON"", ""bitwise_equal"": true, ""max_abs_error"": 0.0, ""relative_l2_error"": 0.0, ""dtype_equal"": true}}",03d1cea9d1c2187f45c8bce78b82d2124e0c729223f575ac586d0e1f9b12de12,evidence/final_snapshot/results/nonlinear_transfer_v1/object_2002/original_top2_cap3_cache/rep0/result.json,completed_max_updates,18,528.1324550000136,0.2698557010210403,0.25156272929660584,0.6506356973584517,0.0028364970125612566,0.0028366376567852715,18,40,18,100,50,5.555555555555555,708,108,390,65,4,True,0,64,True,True,MEASURED_ARRAY_CHECKS_ONLY,[],"{""full_linearization"": 3.7354400000185706, ""full_gradient"": 1.6821257002302445, ""exchange_anchor_pool_workspace_acquisition"": 155.3215845998493, ""verified_online_exchange"": 39.60928520001471, ""cheap_existing_drift_diagnostics"": 0.03938020020723343, ""passive_projection_and_full_gradient_fallback"": 0.020049499988090247, ""full_nonlinear_armijo"": 213.84309720015153}","{""receiver_wall_s"": 1.5558325998135842, ""Jx_initialization_wall_s"": 2.166766099864617, ""endpoint_wall_s"": 22.466789499798324, ""anchor_wall_s"": 1.9258180001634173, ""Jd_wall_s"": 4.339900500024669, ""acceptance_wall_s"": 0.04075459990417585}",2.0816212000208907,111.799871399533,Child excludes pre-start imports/binding and post-end final publication; external occupation separate
2002,original_top2_cap3,True,1,a17.efficiency.nonlinear_transfer.v1,988f1c0f2abec91f01cf3a472834e89d56cee90d5bf7ae4ab0d6167d95506648,True,MAIN,98268ad725cd9e454ea4e6d00dc1e95ad67ab5c88adeca4a32bb0c922875673a,HASH_BOUND_RAW_DIRECTORY,"{""status"": ""MEASURED_ARRAY_CHECKS_ONLY"", ""issues"": [], ""accepted_checkpoint_checks"": [{""iteration"": 0, ""status"": ""MEASURED_FEASIBLE""}, {""iteration"": 1, ""status"": ""MEASURED_FEASIBLE""}, {""iteration"": 2, ""status"": ""MEASURED_FEASIBLE""}, {""iteration"": 3, ""status"": ""MEASURED_FEASIBLE""}, {""iteration"": 4, ""status"": ""MEASURED_FEASIBLE""}, {""iteration"": 5, ""status"": ""MEASURED_FEASIBLE""}, {""iteration"": 6, ""status"": ""MEASURED_FEASIBLE""}, {""iteration"": 7, ""status"": ""MEASURED_FEASIBLE""}, {""iteration"": 8, ""status"": ""MEASURED_FEASIBLE""}, {""iteration"": 9, ""status"": ""MEASURED_FEASIBLE""}, {""iteration"": 10, ""status"": ""MEASURED_FEASIBLE""}, {""iteration"": 11, ""status"": ""MEASURED_FEASIBLE""}, {""iteration"": 12, ""status"": ""MEASURED_FEASIBLE""}, {""iteration"": 13, ""status"": ""MEASURED_FEASIBLE""}, {""iteration"": 14, ""status"": ""MEASURED_FEASIBLE""}, {""iteration"": 15, ""status"": ""MEASURED_FEASIBLE""}, {""iteration"": 16, ""status"": ""MEASURED_FEASIBLE""}, {""iteration"": 17, ""status"": ""MEASURED_FEASIBLE""}], ""final_matches_last_safe"": {""status"": ""MEASURED_ARRAY_COMPARISON"", ""bitwise_equal"": true, ""max_abs_error"": 0.0, ""relative_l2_error"": 0.0, ""dtype_equal"": true}}",6705050fa9f7141392c4dbc74ec69d984ffe708725195834bd9b057edb3f6f77,evidence/final_snapshot/results/nonlinear_transfer_v1/object_2002/original_top2_cap3_cache/rep1/result.json,completed_max_updates,18,528.1471921000048,0.2698557010210403,0.25156272929660584,0.6506356973584517,0.0028364970125612566,0.0028366376567852715,18,40,18,100,50,5.555555555555555,708,108,390,65,4,True,0,64,True,True,MEASURED_ARRAY_CHECKS_ONLY,[],"{""full_linearization"": 3.7909783001523465, ""full_gradient"": 1.5759807999711484, ""exchange_anchor_pool_workspace_acquisition"": 155.09663749998435, ""verified_online_exchange"": 39.773784100136254, ""cheap_existing_drift_diagnostics"": 0.0365112999570556, ""passive_projection_and_full_gradient_fallback"": 0.020056000153999776, ""full_nonlinear_armijo"": 213.82874270010507}","{""receiver_wall_s"": 1.5917339001898654, ""Jx_initialization_wall_s"": 2.1538369999616407, ""endpoint_wall_s"": 22.59933080006158, ""anchor_wall_s"": 1.9304857000242919, ""Jd_wall_s"": 4.488989700214006, ""acceptance_wall_s"": 0.04150170006323606}",2.1916672000661492,111.83283419947838,Child excludes pre-start imports/binding and post-end final publication; external occupation separate
2002,original_top2_cap3,True,2,a17.efficiency.nonlinear_transfer.v1,988f1c0f2abec91f01cf3a472834e89d56cee90d5bf7ae4ab0d6167d95506648,True,MAIN,98268ad725cd9e454ea4e6d00dc1e95ad67ab5c88adeca4a32bb0c922875673a,HASH_BOUND_RAW_DIRECTORY,"{""status"": ""MEASURED_ARRAY_CHECKS_ONLY"", ""issues"": [], ""accepted_checkpoint_checks"": [{""iteration"": 0, ""status"": ""MEASURED_FEASIBLE""}, {""iteration"": 1, ""status"": ""MEASURED_FEASIBLE""}, {""iteration"": 2, ""status"": ""MEASURED_FEASIBLE""}, {""iteration"": 3, ""status"": ""MEASURED_FEASIBLE""}, {""iteration"": 4, ""status"": ""MEASURED_FEASIBLE""}, {""iteration"": 5, ""status"": ""MEASURED_FEASIBLE""}, {""iteration"": 6, ""status"": ""MEASURED_FEASIBLE""}, {""iteration"": 7, ""status"": ""MEASURED_FEASIBLE""}, {""iteration"": 8, ""status"": ""MEASURED_FEASIBLE""}, {""iteration"": 9, ""status"": ""MEASURED_FEASIBLE""}, {""iteration"": 10, ""status"": ""MEASURED_FEASIBLE""}, {""iteration"": 11, ""status"": ""MEASURED_FEASIBLE""}, {""iteration"": 12, ""status"": ""MEASURED_FEASIBLE""}, {""iteration"": 13, ""status"": ""MEASURED_FEASIBLE""}, {""iteration"": 14, ""status"": ""MEASURED_FEASIBLE""}, {""iteration"": 15, ""status"": ""MEASURED_FEASIBLE""}, {""iteration"": 16, ""status"": ""MEASURED_FEASIBLE""}, {""iteration"": 17, ""status"": ""MEASURED_FEASIBLE""}], ""final_matches_last_safe"": {""status"": ""MEASURED_ARRAY_COMPARISON"", ""bitwise_equal"": true, ""max_abs_error"": 0.0, ""relative_l2_error"": 0.0, ""dtype_equal"": true}}",1baf42752f87d1b55ef874e01e7faacd574cd750808988ea279391a2321e24e7,evidence/final_snapshot/results/nonlinear_transfer_v1/object_2002/original_top2_cap3_cache/rep2/result.json,completed_max_updates,18,529.0343863000162,0.2698557010210403,0.25156272929660584,0.6506356973584517,0.0028364970125612566,0.0028366376567852715,18,40,18,100,50,5.555555555555555,708,108,390,65,4,True,0,64,True,True,MEASURED_ARRAY_CHECKS_ONLY,[],"{""full_linearization"": 3.7393635999178514, ""full_gradient"": 1.5309927001362666, ""exchange_anchor_pool_workspace_acquisition"": 155.8953324998729, ""verified_online_exchange"": 40.2890506000258, ""cheap_existing_drift_diagnostics"": 0.04095459985546768, ""passive_projection_and_full_gradient_fallback"": 0.020096400112379342, ""full_nonlinear_armijo"": 213.67736949992832}","{""receiver_wall_s"": 1.5956599000492133, ""Jx_initialization_wall_s"": 2.1816149999503978, ""endpoint_wall_s"": 23.073715000064112, ""anchor_wall_s"": 1.911299099912867, ""Jd_wall_s"": 4.530184099741746, ""acceptance_wall_s"": 0.04282179998699576}",2.1922259000129998,111.64900050015422,Child excludes pre-start imports/binding and post-end final publication; external occupation separate
2002,original_top2_cap3,False,0,a17.efficiency.nonlinear_transfer.v1,988f1c0f2abec91f01cf3a472834e89d56cee90d5bf7ae4ab0d6167d95506648,True,MAIN,98268ad725cd9e454ea4e6d00dc1e95ad67ab5c88adeca4a32bb0c922875673a,HASH_BOUND_RAW_DIRECTORY,"{""status"": ""MEASURED_ARRAY_CHECKS_ONLY"", ""issues"": [], ""accepted_checkpoint_checks"": [{""iteration"": 0, ""status"": ""MEASURED_FEASIBLE""}, {""iteration"": 1, ""status"": ""MEASURED_FEASIBLE""}, {""iteration"": 2, ""status"": ""MEASURED_FEASIBLE""}, {""iteration"": 3, ""status"": ""MEASURED_FEASIBLE""}, {""iteration"": 4, ""status"": ""MEASURED_FEASIBLE""}, {""iteration"": 5, ""status"": ""MEASURED_FEASIBLE""}, {""iteration"": 6, ""status"": ""MEASURED_FEASIBLE""}, {""iteration"": 7, ""status"": ""MEASURED_FEASIBLE""}, {""iteration"": 8, ""status"": ""MEASURED_FEASIBLE""}, {""iteration"": 9, ""status"": ""MEASURED_FEASIBLE""}, {""iteration"": 10, ""status"": ""MEASURED_FEASIBLE""}, {""iteration"": 11, ""status"": ""MEASURED_FEASIBLE""}, {""iteration"": 12, ""status"": ""MEASURED_FEASIBLE""}, {""iteration"": 13, ""status"": ""MEASURED_FEASIBLE""}, {""iteration"": 14, ""status"": ""MEASURED_FEASIBLE""}, {""iteration"": 15, ""status"": ""MEASURED_FEASIBLE""}, {""iteration"": 16, ""status"": ""MEASURED_FEASIBLE""}, {""iteration"": 17, ""status"": ""MEASURED_FEASIBLE""}], ""final_matches_last_safe"": {""status"": ""MEASURED_ARRAY_COMPARISON"", ""bitwise_equal"": true, ""max_abs_error"": 0.0, ""relative_l2_error"": 0.0, ""dtype_equal"": true}}",2f724362b4f4d70b5adafa8be2fbbf9a1838a15f09a03ce60269a16717b8bb4c,evidence/final_snapshot/results/nonlinear_transfer_v1/object_2002/original_top2_cap3_no_cache/rep0/result.json,completed_max_updates,18,580.57734790002,0.2698557010210403,0.25156272929660584,0.6506356973584517,0.0028364970125612566,0.0028366376567852715,18,40,18,100,50,5.555555555555555,708,108,390,65,4,True,0,64,True,True,MEASURED_ARRAY_CHECKS_ONLY,[],"{""full_linearization"": 3.767173799860757, ""full_gradient"": 1.5928311998723075, ""exchange_anchor_pool_workspace_acquisition"": 208.0633202000754, ""verified_online_exchange"": 40.20988799998304, ""cheap_existing_drift_diagnostics"": 0.036408199986908585, ""passive_projection_and_full_gradient_fallback"": 0.02183030004380271, ""full_nonlinear_armijo"": 213.35365020029712}","{""receiver_wall_s"": 1.545399300113786, ""Jx_initialization_wall_s"": 2.0746715000714175, ""endpoint_wall_s"": 22.992107000143733, ""anchor_wall_s"": 1.9167594001628458, ""Jd_wall_s"": 4.646862199879251, ""acceptance_wall_s"": 0.03933690005214885}",1.9257621000288054,111.60648389987182,Child excludes pre-start imports/binding and post-end final publication; external occupation separate
2002,original_top2_cap3,False,1,a17.efficiency.nonlinear_transfer.v1,988f1c0f2abec91f01cf3a472834e89d56cee90d5bf7ae4ab0d6167d95506648,True,MAIN,98268ad725cd9e454ea4e6d00dc1e95ad67ab5c88adeca4a32bb0c922875673a,HASH_BOUND_RAW_DIRECTORY,"{""status"": ""MEASURED_ARRAY_CHECKS_ONLY"", ""issues"": [], ""accepted_checkpoint_checks"": [{""iteration"": 0, ""status"": ""MEASURED_FEASIBLE""}, {""iteration"": 1, ""status"": ""MEASURED_FEASIBLE""}, {""iteration"": 2, ""status"": ""MEASURED_FEASIBLE""}, {""iteration"": 3, ""status"": ""MEASURED_FEASIBLE""}, {""iteration"": 4, ""status"": ""MEASURED_FEASIBLE""}, {""iteration"": 5, ""status"": ""MEASURED_FEASIBLE""}, {""iteration"": 6, ""status"": ""MEASURED_FEASIBLE""}, {""iteration"": 7, ""status"": ""MEASURED_FEASIBLE""}, {""iteration"": 8, ""status"": ""MEASURED_FEASIBLE""}, {""iteration"": 9, ""status"": ""MEASURED_FEASIBLE""}, {""iteration"": 10, ""status"": ""MEASURED_FEASIBLE""}, {""iteration"": 11, ""status"": ""MEASURED_FEASIBLE""}, {""iteration"": 12, ""status"": ""MEASURED_FEASIBLE""}, {""iteration"": 13, ""status"": ""MEASURED_FEASIBLE""}, {""iteration"": 14, ""status"": ""MEASURED_FEASIBLE""}, {""iteration"": 15, ""status"": ""MEASURED_FEASIBLE""}, {""iteration"": 16, ""status"": ""MEASURED_FEASIBLE""}, {""iteration"": 17, ""status"": ""MEASURED_FEASIBLE""}], ""final_matches_last_safe"": {""status"": ""MEASURED_ARRAY_COMPARISON"", ""bitwise_equal"": true, ""max_abs_error"": 0.0, ""relative_l2_error"": 0.0, ""dtype_equal"": true}}",f634339f574817171c358f4f0cbbb86248631ca8d6699b6f94c54a1d9421e667,evidence/final_snapshot/results/nonlinear_transfer_v1/object_2002/original_top2_cap3_no_cache/rep1/result.json,completed_max_updates,18,581.346154000028,0.2698557010210403,0.25156272929660584,0.6506356973584517,0.0028364970125612566,0.0028366376567852715,18,40,18,100,50,5.555555555555555,708,108,390,65,4,True,0,64,True,True,MEASURED_ARRAY_CHECKS_ONLY,[],"{""full_linearization"": 3.7264290000894107, ""full_gradient"": 1.5727378001320176, ""exchange_anchor_pool_workspace_acquisition"": 207.76941499992972, ""verified_online_exchange"": 40.25762050005142, ""cheap_existing_drift_diagnostics"": 0.03940150007838383, ""passive_projection_and_full_gradient_fallback"": 0.021179699921049178, ""full_nonlinear_armijo"": 214.0797176999622}","{""receiver_wall_s"": 1.5632722001173533, ""Jx_initialization_wall_s"": 2.0101233000750653, ""endpoint_wall_s"": 23.105585999961477, ""anchor_wall_s"": 1.9167990999412723, ""Jd_wall_s"": 4.536422500095796, ""acceptance_wall_s"": 0.042956499848514795}",1.9924726000172086,111.88718019984663,Child excludes pre-start imports/binding and post-end final publication; external occupation separate
2002,original_top2_cap3,False,2,a17.efficiency.nonlinear_transfer.v1,988f1c0f2abec91f01cf3a472834e89d56cee90d5bf7ae4ab0d6167d95506648,True,MAIN,98268ad725cd9e454ea4e6d00dc1e95ad67ab5c88adeca4a32bb0c922875673a,HASH_BOUND_RAW_DIRECTORY,"{""status"": ""MEASURED_ARRAY_CHECKS_ONLY"", ""issues"": [], ""accepted_checkpoint_checks"": [{""iteration"": 0, ""status"": ""MEASURED_FEASIBLE""}, {""iteration"": 1, ""status"": ""MEASURED_FEASIBLE""}, {""iteration"": 2, ""status"": ""MEASURED_FEASIBLE""}, {""iteration"": 3, ""status"": ""MEASURED_FEASIBLE""}, {""iteration"": 4, ""status"": ""MEASURED_FEASIBLE""}, {""iteration"": 5, ""status"": ""MEASURED_FEASIBLE""}, {""iteration"": 6, ""status"": ""MEASURED_FEASIBLE""}, {""iteration"": 7, ""status"": ""MEASURED_FEASIBLE""}, {""iteration"": 8, ""status"": ""MEASURED_FEASIBLE""}, {""iteration"": 9, ""status"": ""MEASURED_FEASIBLE""}, {""iteration"": 10, ""status"": ""MEASURED_FEASIBLE""}, {""iteration"": 11, ""status"": ""MEASURED_FEASIBLE""}, {""iteration"": 12, ""status"": ""MEASURED_FEASIBLE""}, {""iteration"": 13, ""status"": ""MEASURED_FEASIBLE""}, {""iteration"": 14, ""status"": ""MEASURED_FEASIBLE""}, {""iteration"": 15, ""status"": ""MEASURED_FEASIBLE""}, {""iteration"": 16, ""status"": ""MEASURED_FEASIBLE""}, {""iteration"": 17, ""status"": ""MEASURED_FEASIBLE""}], ""final_matches_last_safe"": {""status"": ""MEASURED_ARRAY_COMPARISON"", ""bitwise_equal"": true, ""max_abs_error"": 0.0, ""relative_l2_error"": 0.0, ""dtype_equal"": true}}",32ae2c5d2984b1a25fbf4f87739ca7de1afec4076f631f2f9b191a669f2ef30d,evidence/final_snapshot/results/nonlinear_transfer_v1/object_2002/original_top2_cap3_no_cache/rep2/result.json,completed_max_updates,18,582.1064438999747,0.2698557010210403,0.25156272929660584,0.6506356973584517,0.0028364970125612566,0.0028366376567852715,18,40,18,100,50,5.555555555555555,708,108,390,65,4,True,0,64,True,True,MEASURED_ARRAY_CHECKS_ONLY,[],"{""full_linearization"": 3.7042412001173943, ""full_gradient"": 1.5169859998859465, ""exchange_anchor_pool_workspace_acquisition"": 208.48822570010088, ""verified_online_exchange"": 40.3089762001764, ""cheap_existing_drift_diagnostics"": 0.039996600069571286, ""passive_projection_and_full_gradient_fallback"": 0.023186500067822635, ""full_nonlinear_armijo"": 214.2181649999111}","{""receiver_wall_s"": 1.5612449998734519, ""Jx_initialization_wall_s"": 2.10111680009868, ""endpoint_wall_s"": 23.001940899936017, ""anchor_wall_s"": 1.924124799843412, ""Jd_wall_s"": 4.474440700141713, ""acceptance_wall_s"": 0.0436984000261873}",2.218210899969563,111.58845579967601,Child excludes pre-start imports/binding and post-end final publication; external occupation separate
2002,receiver_only,False,0,a17.efficiency.nonlinear_transfer.v1,988f1c0f2abec91f01cf3a472834e89d56cee90d5bf7ae4ab0d6167d95506648,True,MAIN,98268ad725cd9e454ea4e6d00dc1e95ad67ab5c88adeca4a32bb0c922875673a,HASH_BOUND_RAW_DIRECTORY,"{""status"": ""MEASURED_ARRAY_CHECKS_ONLY"", ""issues"": [], ""accepted_checkpoint_checks"": [{""iteration"": 0, ""status"": ""MEASURED_FEASIBLE""}, {""iteration"": 1, ""status"": ""MEASURED_FEASIBLE""}, {""iteration"": 2, ""status"": ""MEASURED_FEASIBLE""}, {""iteration"": 3, ""status"": ""MEASURED_FEASIBLE""}, {""iteration"": 4, ""status"": ""MEASURED_FEASIBLE""}, {""iteration"": 5, ""status"": ""MEASURED_FEASIBLE""}, {""iteration"": 6, ""status"": ""MEASURED_FEASIBLE""}, {""iteration"": 7, ""status"": ""MEASURED_FEASIBLE""}, {""iteration"": 8, ""status"": ""MEASURED_FEASIBLE""}, {""iteration"": 9, ""status"": ""MEASURED_FEASIBLE""}, {""iteration"": 10, ""status"": ""MEASURED_FEASIBLE""}, {""iteration"": 11, ""status"": ""MEASURED_FEASIBLE""}, {""iteration"": 12, ""status"": ""MEASURED_FEASIBLE""}, {""iteration"": 13, ""status"": ""MEASURED_FEASIBLE""}, {""iteration"": 14, ""status"": ""MEASURED_FEASIBLE""}, {""iteration"": 15, ""status"": ""MEASURED_FEASIBLE""}, {""iteration"": 16, ""status"": ""MEASURED_FEASIBLE""}, {""iteration"": 17, ""status"": ""MEASURED_FEASIBLE""}], ""final_matches_last_safe"": {""status"": ""MEASURED_ARRAY_COMPARISON"", ""bitwise_equal"": true, ""max_abs_error"": 0.0, ""relative_l2_error"": 0.0, ""dtype_equal"": true}}",0b77ca9f3605643f49977e85d5baadaa230198f652d337f8256765ef276118ab,evidence/final_snapshot/results/nonlinear_transfer_v1/object_2002/receiver_only_no_cache/rep0/result.json,completed_max_updates,18,218.07147249998525,0.30265989991235853,0.28113554429981175,0.7438821436297942,0.006637256077039983,0.006636584760103278,18,0,0,0,0,0.0,0,108,354,59,4,True,0,58,True,True,MEASURED_ARRAY_CHECKS_ONLY,[],"{""full_linearization"": 3.7045009999419563, ""full_gradient"": 1.47250009997515, ""receiver_only_acquisition_and_endpoint"": 4.750814000144601, ""cheap_existing_drift_diagnostics"": 0.04098419984802604, ""passive_projection_and_full_gradient_fallback"": 0.02227280003717169, ""full_nonlinear_armijo"": 193.5882193999132}",{},1.887080500018783,12.605100500106346,Child excludes pre-start imports/binding and post-end final publication; external occupation separate
2002,receiver_only,False,1,a17.efficiency.nonlinear_transfer.v1,988f1c0f2abec91f01cf3a472834e89d56cee90d5bf7ae4ab0d6167d95506648,True,MAIN,98268ad725cd9e454ea4e6d00dc1e95ad67ab5c88adeca4a32bb0c922875673a,HASH_BOUND_RAW_DIRECTORY,"{""status"": ""MEASURED_ARRAY_CHECKS_ONLY"", ""issues"": [], ""accepted_checkpoint_checks"": [{""iteration"": 0, ""status"": ""MEASURED_FEASIBLE""}, {""iteration"": 1, ""status"": ""MEASURED_FEASIBLE""}, {""iteration"": 2, ""status"": ""MEASURED_FEASIBLE""}, {""iteration"": 3, ""status"": ""MEASURED_FEASIBLE""}, {""iteration"": 4, ""status"": ""MEASURED_FEASIBLE""}, {""iteration"": 5, ""status"": ""MEASURED_FEASIBLE""}, {""iteration"": 6, ""status"": ""MEASURED_FEASIBLE""}, {""iteration"": 7, ""status"": ""MEASURED_FEASIBLE""}, {""iteration"": 8, ""status"": ""MEASURED_FEASIBLE""}, {""iteration"": 9, ""status"": ""MEASURED_FEASIBLE""}, {""iteration"": 10, ""status"": ""MEASURED_FEASIBLE""}, {""iteration"": 11, ""status"": ""MEASURED_FEASIBLE""}, {""iteration"": 12, ""status"": ""MEASURED_FEASIBLE""}, {""iteration"": 13, ""status"": ""MEASURED_FEASIBLE""}, {""iteration"": 14, ""status"": ""MEASURED_FEASIBLE""}, {""iteration"": 15, ""status"": ""MEASURED_FEASIBLE""}, {""iteration"": 16, ""status"": ""MEASURED_FEASIBLE""}, {""iteration"": 17, ""status"": ""MEASURED_FEASIBLE""}], ""final_matches_last_safe"": {""status"": ""MEASURED_ARRAY_COMPARISON"", ""bitwise_equal"": true, ""max_abs_error"": 0.0, ""relative_l2_error"": 0.0, ""dtype_equal"": true}}",3ce42a2f182c4669373ac11a07e72b06ec92aa6a353fbe53ddb4f905b256786c,evidence/final_snapshot/results/nonlinear_transfer_v1/object_2002/receiver_only_no_cache/rep1/result.json,completed_max_updates,18,217.05293639999582,0.30265989991235853,0.28113554429981175,0.7438821436297942,0.006637256077039983,0.006636584760103278,18,0,0,0,0,0.0,0,108,354,59,4,True,0,58,True,True,MEASURED_ARRAY_CHECKS_ONLY,[],"{""full_linearization"": 3.7521215000888333, ""full_gradient"": 1.4300969999749213, ""receiver_only_acquisition_and_endpoint"": 4.849387000023853, ""cheap_existing_drift_diagnostics"": 0.0390142000396736, ""passive_projection_and_full_gradient_fallback"": 0.01906090002739802, ""full_nonlinear_armijo"": 192.5494069000706}",{},2.007820099941455,12.406028799829073,Child excludes pre-start imports/binding and post-end final publication; external occupation separate
2002,receiver_only,False,2,a17.efficiency.nonlinear_transfer.v1,988f1c0f2abec91f01cf3a472834e89d56cee90d5bf7ae4ab0d6167d95506648,True,MAIN,98268ad725cd9e454ea4e6d00dc1e95ad67ab5c88adeca4a32bb0c922875673a,HASH_BOUND_RAW_DIRECTORY,"{""status"": ""MEASURED_ARRAY_CHECKS_ONLY"", ""issues"": [], ""accepted_checkpoint_checks"": [{""iteration"": 0, ""status"": ""MEASURED_FEASIBLE""}, {""iteration"": 1, ""status"": ""MEASURED_FEASIBLE""}, {""iteration"": 2, ""status"": ""MEASURED_FEASIBLE""}, {""iteration"": 3, ""status"": ""MEASURED_FEASIBLE""}, {""iteration"": 4, ""status"": ""MEASURED_FEASIBLE""}, {""iteration"": 5, ""status"": ""MEASURED_FEASIBLE""}, {""iteration"": 6, ""status"": ""MEASURED_FEASIBLE""}, {""iteration"": 7, ""status"": ""MEASURED_FEASIBLE""}, {""iteration"": 8, ""status"": ""MEASURED_FEASIBLE""}, {""iteration"": 9, ""status"": ""MEASURED_FEASIBLE""}, {""iteration"": 10, ""status"": ""MEASURED_FEASIBLE""}, {""iteration"": 11, ""status"": ""MEASURED_FEASIBLE""}, {""iteration"": 12, ""status"": ""MEASURED_FEASIBLE""}, {""iteration"": 13, ""status"": ""MEASURED_FEASIBLE""}, {""iteration"": 14, ""status"": ""MEASURED_FEASIBLE""}, {""iteration"": 15, ""status"": ""MEASURED_FEASIBLE""}, {""iteration"": 16, ""status"": ""MEASURED_FEASIBLE""}, {""iteration"": 17, ""status"": ""MEASURED_FEASIBLE""}], ""final_matches_last_safe"": {""status"": ""MEASURED_ARRAY_COMPARISON"", ""bitwise_equal"": true, ""max_abs_error"": 0.0, ""relative_l2_error"": 0.0, ""dtype_equal"": true}}",6b6c164531b7024f03aaddd9a1d5a6f5e63d22d6622ba8b26df93e5a3fc1e8ac,evidence/final_snapshot/results/nonlinear_transfer_v1/object_2002/receiver_only_no_cache/rep2/result.json,completed_max_updates,18,216.89064850000432,0.30265989991235853,0.28113554429981175,0.7438821436297942,0.006637256077039983,0.006636584760103278,18,0,0,0,0,0.0,0,108,354,59,4,True,0,58,True,True,MEASURED_ARRAY_CHECKS_ONLY,[],"{""full_linearization"": 3.7612893000477925, ""full_gradient"": 1.464337800105568, ""receiver_only_acquisition_and_endpoint"": 4.830163800099399, ""cheap_existing_drift_diagnostics"": 0.037263200094457716, ""passive_projection_and_full_gradient_fallback"": 0.01996299996972084, ""full_nonlinear_armijo"": 192.14781120000407}",{},2.2461385000497103,12.383681699633598,Child excludes pre-start imports/binding and post-end final publication; external occupation separate
2002,reuse_previous,True,0,a17.efficiency.nonlinear_reuse_transfer.v1,472d0749d894cc092304b8808527600cb3c9caa8085ce9480e8be06917b2a941,True,REUSE_SECONDARY,98268ad725cd9e454ea4e6d00dc1e95ad67ab5c88adeca4a32bb0c922875673a,HASH_BOUND_RAW_DIRECTORY,"{""status"": ""MEASURED_ARRAY_CHECKS_ONLY"", ""issues"": [], ""accepted_checkpoint_checks"": [{""iteration"": 0, ""status"": ""MEASURED_FEASIBLE""}, {""iteration"": 1, ""status"": ""MEASURED_FEASIBLE""}, {""iteration"": 2, ""status"": ""MEASURED_FEASIBLE""}, {""iteration"": 3, ""status"": ""MEASURED_FEASIBLE""}, {""iteration"": 4, ""status"": ""MEASURED_FEASIBLE""}, {""iteration"": 5, ""status"": ""MEASURED_FEASIBLE""}, {""iteration"": 6, ""status"": ""MEASURED_FEASIBLE""}, {""iteration"": 7, ""status"": ""MEASURED_FEASIBLE""}, {""iteration"": 8, ""status"": ""MEASURED_FEASIBLE""}, {""iteration"": 9, ""status"": ""MEASURED_FEASIBLE""}, {""iteration"": 10, ""status"": ""MEASURED_FEASIBLE""}, {""iteration"": 11, ""status"": ""MEASURED_FEASIBLE""}, {""iteration"": 12, ""status"": ""MEASURED_FEASIBLE""}, {""iteration"": 13, ""status"": ""MEASURED_FEASIBLE""}, {""iteration"": 14, ""status"": ""MEASURED_FEASIBLE""}, {""iteration"": 15, ""status"": ""MEASURED_FEASIBLE""}, {""iteration"": 16, ""status"": ""MEASURED_FEASIBLE""}, {""iteration"": 17, ""status"": ""MEASURED_FEASIBLE""}], ""final_matches_last_safe"": {""status"": ""MEASURED_ARRAY_COMPARISON"", ""bitwise_equal"": true, ""max_abs_error"": 0.0, ""relative_l2_error"": 0.0, ""dtype_equal"": true}}",2302b0438a2b734492a9e7e2c99520164889e0ff844e9092748a9df8397594d4,evidence/final_snapshot/results/nonlinear_transfer_v1/object_2002/reuse_previous_cache/rep0/result.json,completed_max_updates,18,664.9003737999592,0.3893114351339478,0.360363253167167,0.9741862828995171,0.011254538666160725,0.011257697035990513,18,12,18,58,29,3.2222222222222223,456,108,654,109,9,True,0,108,True,True,MEASURED_ARRAY_CHECKS_ONLY,[],"{""full_linearization"": 3.781086599919945, ""full_gradient"": 1.5828035000013188, ""exchange_anchor_pool_workspace_acquisition"": 157.88900000002468, ""verified_online_exchange"": 25.70591730007436, ""cheap_existing_drift_diagnostics"": 0.04478910006582737, ""passive_projection_and_full_gradient_fallback"": 0.031591900100465864, ""full_nonlinear_armijo"": 361.02018149988726}","{""receiver_wall_s"": 1.5794389999937266, ""Jx_initialization_wall_s"": 2.172050300054252, ""endpoint_wall_s"": 14.04506360006053, ""anchor_wall_s"": 1.1099264998338185, ""Jd_wall_s"": 2.5211782000842504, ""acceptance_wall_s"": 0.02293840009951964}",2.167940700019244,112.6770631998661,Child excludes pre-start imports/binding and post-end final publication; external occupation separate
2002,reuse_reset3,True,0,a17.efficiency.nonlinear_reuse_transfer.v1,472d0749d894cc092304b8808527600cb3c9caa8085ce9480e8be06917b2a941,True,REUSE_SECONDARY,98268ad725cd9e454ea4e6d00dc1e95ad67ab5c88adeca4a32bb0c922875673a,HASH_BOUND_RAW_DIRECTORY,"{""status"": ""MEASURED_ARRAY_CHECKS_ONLY"", ""issues"": [], ""accepted_checkpoint_checks"": [{""iteration"": 0, ""status"": ""MEASURED_FEASIBLE""}, {""iteration"": 1, ""status"": ""MEASURED_FEASIBLE""}, {""iteration"": 2, ""status"": ""MEASURED_FEASIBLE""}, {""iteration"": 3, ""status"": ""MEASURED_FEASIBLE""}, {""iteration"": 4, ""status"": ""MEASURED_FEASIBLE""}, {""iteration"": 5, ""status"": ""MEASURED_FEASIBLE""}, {""iteration"": 6, ""status"": ""MEASURED_FEASIBLE""}, {""iteration"": 7, ""status"": ""MEASURED_FEASIBLE""}, {""iteration"": 8, ""status"": ""MEASURED_FEASIBLE""}, {""iteration"": 9, ""status"": ""MEASURED_FEASIBLE""}, {""iteration"": 10, ""status"": ""MEASURED_FEASIBLE""}, {""iteration"": 11, ""status"": ""MEASURED_FEASIBLE""}, {""iteration"": 12, ""status"": ""MEASURED_FEASIBLE""}, {""iteration"": 13, ""status"": ""MEASURED_FEASIBLE""}, {""iteration"": 14, ""status"": ""MEASURED_FEASIBLE""}, {""iteration"": 15, ""status"": ""MEASURED_FEASIBLE""}, {""iteration"": 16, ""status"": ""MEASURED_FEASIBLE""}, {""iteration"": 17, ""status"": ""MEASURED_FEASIBLE""}], ""final_matches_last_safe"": {""status"": ""MEASURED_ARRAY_COMPARISON"", ""bitwise_equal"": true, ""max_abs_error"": 0.0, ""relative_l2_error"": 0.0, ""dtype_equal"": true}}",05f23399b923c69e3ae87257bcdbea9419d6bc59d05023b1b4cb2f131b6ae074,evidence/final_snapshot/results/nonlinear_transfer_v1/object_2002/reuse_reset3_cache/rep0/result.json,completed_max_updates,18,471.1663362000254,0.2982025216972302,0.27646140376853384,0.7402953108929562,0.004664765792724966,0.004663343290308213,18,21,18,70,35,3.888888888888889,528,108,306,51,3,True,0,50,True,True,MEASURED_ARRAY_CHECKS_ONLY,[],"{""full_linearization"": 3.7229987997561693, ""full_gradient"": 1.4484011000022292, ""exchange_anchor_pool_workspace_acquisition"": 157.15164859994547, ""verified_online_exchange"": 29.901596300012898, ""cheap_existing_drift_diagnostics"": 0.034030199982225895, ""passive_projection_and_full_gradient_fallback"": 0.022675300016999245, ""full_nonlinear_armijo"": 166.3024211000302}","{""receiver_wall_s"": 1.5577467997791246, ""Jx_initialization_wall_s"": 2.093717099924106, ""endpoint_wall_s"": 16.64840850001201, ""anchor_wall_s"": 1.3339916997938417, ""Jd_wall_s"": 3.1055227001779713, ""acceptance_wall_s"": 0.03907329996582121}",2.0649728000280447,110.51759200025117,Child excludes pre-start imports/binding and post-end final publication; external occupation separate
2002,top1_cap2,True,0,a17.efficiency.nonlinear_transfer.v1,988f1c0f2abec91f01cf3a472834e89d56cee90d5bf7ae4ab0d6167d95506648,True,MAIN,98268ad725cd9e454ea4e6d00dc1e95ad67ab5c88adeca4a32bb0c922875673a,HASH_BOUND_RAW_DIRECTORY,"{""status"": ""MEASURED_ARRAY_CHECKS_ONLY"", ""issues"": [], ""accepted_checkpoint_checks"": [{""iteration"": 0, ""status"": ""MEASURED_FEASIBLE""}, {""iteration"": 1, ""status"": ""MEASURED_FEASIBLE""}, {""iteration"": 2, ""status"": ""MEASURED_FEASIBLE""}, {""iteration"": 3, ""status"": ""MEASURED_FEASIBLE""}, {""iteration"": 4, ""status"": ""MEASURED_FEASIBLE""}, {""iteration"": 5, ""status"": ""MEASURED_FEASIBLE""}, {""iteration"": 6, ""status"": ""MEASURED_FEASIBLE""}, {""iteration"": 7, ""status"": ""MEASURED_FEASIBLE""}, {""iteration"": 8, ""status"": ""MEASURED_FEASIBLE""}, {""iteration"": 9, ""status"": ""MEASURED_FEASIBLE""}, {""iteration"": 10, ""status"": ""MEASURED_FEASIBLE""}, {""iteration"": 11, ""status"": ""MEASURED_FEASIBLE""}, {""iteration"": 12, ""status"": ""MEASURED_FEASIBLE""}, {""iteration"": 13, ""status"": ""MEASURED_FEASIBLE""}, {""iteration"": 14, ""status"": ""MEASURED_FEASIBLE""}, {""iteration"": 15, ""status"": ""MEASURED_FEASIBLE""}, {""iteration"": 16, ""status"": ""MEASURED_FEASIBLE""}, {""iteration"": 17, ""status"": ""MEASURED_FEASIBLE""}], ""final_matches_last_safe"": {""status"": ""MEASURED_ARRAY_COMPARISON"", ""bitwise_equal"": true, ""max_abs_error"": 0.0, ""relative_l2_error"": 0.0, ""dtype_equal"": true}}",332830a7f3d0c03ba114c5ec0d7972997689e5fd763f8cac2b8750fffa803184,evidence/final_snapshot/results/nonlinear_transfer_v1/object_2002/top1_cap2_cache/rep0/result.json,completed_max_updates,18,466.857052700012,0.28590429092219277,0.26458158129154347,0.7162914023195062,0.003436220019210295,0.0034374891917330424,18,31,18,36,36,2.0,324,108,306,51,3,True,0,50,True,True,MEASURED_ARRAY_CHECKS_ONLY,[],"{""full_linearization"": 3.7379586999304593, ""full_gradient"": 1.4414646999794059, ""exchange_anchor_pool_workspace_acquisition"": 154.46475789992837, ""verified_online_exchange"": 29.115623199904803, ""cheap_existing_drift_diagnostics"": 0.038593499979469925, ""passive_projection_and_full_gradient_fallback"": 0.022777299978770316, ""full_nonlinear_armijo"": 166.82759479992092}","{""receiver_wall_s"": 1.5607374000246637, ""Jx_initialization_wall_s"": 1.9494961999589577, ""endpoint_wall_s"": 17.58973499998683, ""anchor_wall_s"": 1.407097200048156, ""Jd_wall_s"": 1.5165134998969734, ""acceptance_wall_s"": 0.02650750003522262}",2.154973099997733,109.05330950039206,Child excludes pre-start imports/binding and post-end final publication; external occupation separate
2002,top1_cap2,True,1,a17.efficiency.nonlinear_transfer.v1,988f1c0f2abec91f01cf3a472834e89d56cee90d5bf7ae4ab0d6167d95506648,True,MAIN,98268ad725cd9e454ea4e6d00dc1e95ad67ab5c88adeca4a32bb0c922875673a,HASH_BOUND_RAW_DIRECTORY,"{""status"": ""MEASURED_ARRAY_CHECKS_ONLY"", ""issues"": [], ""accepted_checkpoint_checks"": [{""iteration"": 0, ""status"": ""MEASURED_FEASIBLE""}, {""iteration"": 1, ""status"": ""MEASURED_FEASIBLE""}, {""iteration"": 2, ""status"": ""MEASURED_FEASIBLE""}, {""iteration"": 3, ""status"": ""MEASURED_FEASIBLE""}, {""iteration"": 4, ""status"": ""MEASURED_FEASIBLE""}, {""iteration"": 5, ""status"": ""MEASURED_FEASIBLE""}, {""iteration"": 6, ""status"": ""MEASURED_FEASIBLE""}, {""iteration"": 7, ""status"": ""MEASURED_FEASIBLE""}, {""iteration"": 8, ""status"": ""MEASURED_FEASIBLE""}, {""iteration"": 9, ""status"": ""MEASURED_FEASIBLE""}, {""iteration"": 10, ""status"": ""MEASURED_FEASIBLE""}, {""iteration"": 11, ""status"": ""MEASURED_FEASIBLE""}, {""iteration"": 12, ""status"": ""MEASURED_FEASIBLE""}, {""iteration"": 13, ""status"": ""MEASURED_FEASIBLE""}, {""iteration"": 14, ""status"": ""MEASURED_FEASIBLE""}, {""iteration"": 15, ""status"": ""MEASURED_FEASIBLE""}, {""iteration"": 16, ""status"": ""MEASURED_FEASIBLE""}, {""iteration"": 17, ""status"": ""MEASURED_FEASIBLE""}], ""final_matches_last_safe"": {""status"": ""MEASURED_ARRAY_COMPARISON"", ""bitwise_equal"": true, ""max_abs_error"": 0.0, ""relative_l2_error"": 0.0, ""dtype_equal"": true}}",107ecdc7f23d376b45d22375d7c08434f8bc9547a446dbde53438039132705e2,evidence/final_snapshot/results/nonlinear_transfer_v1/object_2002/top1_cap2_cache/rep1/result.json,completed_max_updates,18,466.0563779999502,0.28590429092219277,0.26458158129154347,0.7162914023195062,0.003436220019210295,0.0034374891917330424,18,31,18,36,36,2.0,324,108,306,51,3,True,0,50,True,True,MEASURED_ARRAY_CHECKS_ONLY,[],"{""full_linearization"": 3.7412718000123277, ""full_gradient"": 1.4263668001512997, ""exchange_anchor_pool_workspace_acquisition"": 154.8260292999912, ""verified_online_exchange"": 28.598907700157724, ""cheap_existing_drift_diagnostics"": 0.04026410006918013, ""passive_projection_and_full_gradient_fallback"": 0.01927610009443015, ""full_nonlinear_armijo"": 167.07369730004575}","{""receiver_wall_s"": 1.562425599899143, ""Jx_initialization_wall_s"": 2.161142200056929, ""endpoint_wall_s"": 17.007308400061447, ""anchor_wall_s"": 1.3886083998950198, ""Jd_wall_s"": 1.4652821999043226, ""acceptance_wall_s"": 0.024518499907571822}",2.0390838000457734,108.29148109938251,Child excludes pre-start imports/binding and post-end final publication; external occupation separate
2002,top1_cap2,True,2,a17.efficiency.nonlinear_transfer.v1,988f1c0f2abec91f01cf3a472834e89d56cee90d5bf7ae4ab0d6167d95506648,True,MAIN,98268ad725cd9e454ea4e6d00dc1e95ad67ab5c88adeca4a32bb0c922875673a,HASH_BOUND_RAW_DIRECTORY,"{""status"": ""MEASURED_ARRAY_CHECKS_ONLY"", ""issues"": [], ""accepted_checkpoint_checks"": [{""iteration"": 0, ""status"": ""MEASURED_FEASIBLE""}, {""iteration"": 1, ""status"": ""MEASURED_FEASIBLE""}, {""iteration"": 2, ""status"": ""MEASURED_FEASIBLE""}, {""iteration"": 3, ""status"": ""MEASURED_FEASIBLE""}, {""iteration"": 4, ""status"": ""MEASURED_FEASIBLE""}, {""iteration"": 5, ""status"": ""MEASURED_FEASIBLE""}, {""iteration"": 6, ""status"": ""MEASURED_FEASIBLE""}, {""iteration"": 7, ""status"": ""MEASURED_FEASIBLE""}, {""iteration"": 8, ""status"": ""MEASURED_FEASIBLE""}, {""iteration"": 9, ""status"": ""MEASURED_FEASIBLE""}, {""iteration"": 10, ""status"": ""MEASURED_FEASIBLE""}, {""iteration"": 11, ""status"": ""MEASURED_FEASIBLE""}, {""iteration"": 12, ""status"": ""MEASURED_FEASIBLE""}, {""iteration"": 13, ""status"": ""MEASURED_FEASIBLE""}, {""iteration"": 14, ""status"": ""MEASURED_FEASIBLE""}, {""iteration"": 15, ""status"": ""MEASURED_FEASIBLE""}, {""iteration"": 16, ""status"": ""MEASURED_FEASIBLE""}, {""iteration"": 17, ""status"": ""MEASURED_FEASIBLE""}], ""final_matches_last_safe"": {""status"": ""MEASURED_ARRAY_COMPARISON"", ""bitwise_equal"": true, ""max_abs_error"": 0.0, ""relative_l2_error"": 0.0, ""dtype_equal"": true}}",279f41fc1af9320c2ee928c22f9b560788543479c141444fa0895f1ed96309ad,evidence/final_snapshot/results/nonlinear_transfer_v1/object_2002/top1_cap2_cache/rep2/result.json,completed_max_updates,18,467.90722970000934,0.28590429092219277,0.26458158129154347,0.7162914023195062,0.003436220019210295,0.0034374891917330424,18,31,18,36,36,2.0,324,108,306,51,3,True,0,50,True,True,MEASURED_ARRAY_CHECKS_ONLY,[],"{""full_linearization"": 3.7425770998816006, ""full_gradient"": 1.4918660000548698, ""exchange_anchor_pool_workspace_acquisition"": 155.65588120016037, ""verified_online_exchange"": 28.58413249993464, ""cheap_existing_drift_diagnostics"": 0.035581199976149946, ""passive_projection_and_full_gradient_fallback"": 0.020052799955010414, ""full_nonlinear_armijo"": 167.0982119999826}","{""receiver_wall_s"": 1.564590500027407, ""Jx_initialization_wall_s"": 2.1632371000014246, ""endpoint_wall_s"": 16.96329559996957, ""anchor_wall_s"": 1.4037319999770261, ""Jd_wall_s"": 1.4468847998068668, ""acceptance_wall_s"": 0.024790800001937896}",2.2441578999278136,109.0347690001363,Child excludes pre-start imports/binding and post-end final publication; external occupation separate
2009,original_top2_cap3,True,0,a17.efficiency.nonlinear_transfer.v1,988f1c0f2abec91f01cf3a472834e89d56cee90d5bf7ae4ab0d6167d95506648,True,MAIN,98268ad725cd9e454ea4e6d00dc1e95ad67ab5c88adeca4a32bb0c922875673a,HASH_BOUND_RAW_DIRECTORY,"{""status"": ""MEASURED_ARRAY_CHECKS_ONLY"", ""issues"": [], ""accepted_checkpoint_checks"": [{""iteration"": 0, ""status"": ""MEASURED_FEASIBLE""}, {""iteration"": 1, ""status"": ""MEASURED_FEASIBLE""}, {""iteration"": 2, ""status"": ""MEASURED_FEASIBLE""}, {""iteration"": 3, ""status"": ""MEASURED_FEASIBLE""}, {""iteration"": 4, ""status"": ""MEASURED_FEASIBLE""}, {""iteration"": 5, ""status"": ""MEASURED_FEASIBLE""}, {""iteration"": 6, ""status"": ""MEASURED_FEASIBLE""}, {""iteration"": 7, ""status"": ""MEASURED_FEASIBLE""}, {""iteration"": 8, ""status"": ""MEASURED_FEASIBLE""}, {""iteration"": 9, ""status"": ""MEASURED_FEASIBLE""}, {""iteration"": 10, ""status"": ""MEASURED_FEASIBLE""}, {""iteration"": 11, ""status"": ""MEASURED_FEASIBLE""}, {""iteration"": 12, ""status"": ""MEASURED_FEASIBLE""}, {""iteration"": 13, ""status"": ""MEASURED_FEASIBLE""}, {""iteration"": 14, ""status"": ""MEASURED_FEASIBLE""}, {""iteration"": 15, ""status"": ""MEASURED_FEASIBLE""}, {""iteration"": 16, ""status"": ""MEASURED_FEASIBLE""}, {""iteration"": 17, ""status"": ""MEASURED_FEASIBLE""}], ""final_matches_last_safe"": {""status"": ""MEASURED_ARRAY_COMPARISON"", ""bitwise_equal"": true, ""max_abs_error"": 0.0, ""relative_l2_error"": 0.0, ""dtype_equal"": true}}",b72280487bff4cf2617f32bf0d2e6c0bca323446605a36e606fde4b29cb5b391,evidence/final_snapshot/results/nonlinear_transfer_v1/object_2009/original_top2_cap3_cache/rep0/result.json,completed_max_updates,18,539.2558660999639,0.5659891533320636,0.5650597986340994,0.6219015495622506,0.012179283961979336,0.012178344863873402,18,45,18,106,53,5.888888888888889,744,108,552,92,7,True,0,91,True,True,MEASURED_ARRAY_CHECKS_ONLY,[],"{""full_linearization"": 3.774676699831616, ""full_gradient"": 1.8481429000385106, ""exchange_anchor_pool_workspace_acquisition"": 143.3796103000641, ""verified_online_exchange"": 26.280300200043712, ""cheap_existing_drift_diagnostics"": 0.04717399994842708, ""passive_projection_and_full_gradient_fallback"": 0.7598107000812888, ""full_nonlinear_armijo"": 304.40457489999244}","{""receiver_wall_s"": 0.07609819999197498, ""Jx_initialization_wall_s"": 1.099486299965065, ""endpoint_wall_s"": 11.584425299835857, ""anchor_wall_s"": 0.5172588001587428, ""Jd_wall_s"": 7.051337099925149, ""acceptance_wall_s"": 0.0352542998152785}",2.001701600034721,56.759874799929094,Child excludes pre-start imports/binding and post-end final publication; external occupation separate
2009,original_top2_cap3,True,1,a17.efficiency.nonlinear_transfer.v1,988f1c0f2abec91f01cf3a472834e89d56cee90d5bf7ae4ab0d6167d95506648,True,MAIN,98268ad725cd9e454ea4e6d00dc1e95ad67ab5c88adeca4a32bb0c922875673a,HASH_BOUND_RAW_DIRECTORY,"{""status"": ""MEASURED_ARRAY_CHECKS_ONLY"", ""issues"": [], ""accepted_checkpoint_checks"": [{""iteration"": 0, ""status"": ""MEASURED_FEASIBLE""}, {""iteration"": 1, ""status"": ""MEASURED_FEASIBLE""}, {""iteration"": 2, ""status"": ""MEASURED_FEASIBLE""}, {""iteration"": 3, ""status"": ""MEASURED_FEASIBLE""}, {""iteration"": 4, ""status"": ""MEASURED_FEASIBLE""}, {""iteration"": 5, ""status"": ""MEASURED_FEASIBLE""}, {""iteration"": 6, ""status"": ""MEASURED_FEASIBLE""}, {""iteration"": 7, ""status"": ""MEASURED_FEASIBLE""}, {""iteration"": 8, ""status"": ""MEASURED_FEASIBLE""}, {""iteration"": 9, ""status"": ""MEASURED_FEASIBLE""}, {""iteration"": 10, ""status"": ""MEASURED_FEASIBLE""}, {""iteration"": 11, ""status"": ""MEASURED_FEASIBLE""}, {""iteration"": 12, ""status"": ""MEASURED_FEASIBLE""}, {""iteration"": 13, ""status"": ""MEASURED_FEASIBLE""}, {""iteration"": 14, ""status"": ""MEASURED_FEASIBLE""}, {""iteration"": 15, ""status"": ""MEASURED_FEASIBLE""}, {""iteration"": 16, ""status"": ""MEASURED_FEASIBLE""}, {""iteration"": 17, ""status"": ""MEASURED_FEASIBLE""}], ""final_matches_last_safe"": {""status"": ""MEASURED_ARRAY_COMPARISON"", ""bitwise_equal"": true, ""max_abs_error"": 0.0, ""relative_l2_error"": 0.0, ""dtype_equal"": true}}",9a1713dea1b91d0597b593fdfbbd91deab2313a891a195c4ee51e388d78b36ac,evidence/final_snapshot/results/nonlinear_transfer_v1/object_2009/original_top2_cap3_cache/rep1/result.json,completed_max_updates,18,539.061764299986,0.5659891533320636,0.5650597986340994,0.6219015495622506,0.012179283961979336,0.012178344863873402,18,45,18,106,53,5.888888888888889,744,108,552,92,7,True,0,91,True,True,MEASURED_ARRAY_CHECKS_ONLY,[],"{""full_linearization"": 3.7798847999656573, ""full_gradient"": 1.8201424999861047, ""exchange_anchor_pool_workspace_acquisition"": 143.59370610007318, ""verified_online_exchange"": 26.06390370009467, ""cheap_existing_drift_diagnostics"": 0.04192569979932159, ""passive_projection_and_full_gradient_fallback"": 0.7494466998614371, ""full_nonlinear_armijo"": 304.19908919982845}","{""receiver_wall_s"": 0.07534890010720119, ""Jx_initialization_wall_s"": 1.0811784999677911, ""endpoint_wall_s"": 11.402163499908056, ""anchor_wall_s"": 0.523287300253287, ""Jd_wall_s"": 7.013974899949972, ""acceptance_wall_s"": 0.03766719967825338}",2.1708667000057176,56.64279890037142,Child excludes pre-start imports/binding and post-end final publication; external occupation separate
2009,original_top2_cap3,True,2,a17.efficiency.nonlinear_transfer.v1,988f1c0f2abec91f01cf3a472834e89d56cee90d5bf7ae4ab0d6167d95506648,True,MAIN,98268ad725cd9e454ea4e6d00dc1e95ad67ab5c88adeca4a32bb0c922875673a,HASH_BOUND_RAW_DIRECTORY,"{""status"": ""MEASURED_ARRAY_CHECKS_ONLY"", ""issues"": [], ""accepted_checkpoint_checks"": [{""iteration"": 0, ""status"": ""MEASURED_FEASIBLE""}, {""iteration"": 1, ""status"": ""MEASURED_FEASIBLE""}, {""iteration"": 2, ""status"": ""MEASURED_FEASIBLE""}, {""iteration"": 3, ""status"": ""MEASURED_FEASIBLE""}, {""iteration"": 4, ""status"": ""MEASURED_FEASIBLE""}, {""iteration"": 5, ""status"": ""MEASURED_FEASIBLE""}, {""iteration"": 6, ""status"": ""MEASURED_FEASIBLE""}, {""iteration"": 7, ""status"": ""MEASURED_FEASIBLE""}, {""iteration"": 8, ""status"": ""MEASURED_FEASIBLE""}, {""iteration"": 9, ""status"": ""MEASURED_FEASIBLE""}, {""iteration"": 10, ""status"": ""MEASURED_FEASIBLE""}, {""iteration"": 11, ""status"": ""MEASURED_FEASIBLE""}, {""iteration"": 12, ""status"": ""MEASURED_FEASIBLE""}, {""iteration"": 13, ""status"": ""MEASURED_FEASIBLE""}, {""iteration"": 14, ""status"": ""MEASURED_FEASIBLE""}, {""iteration"": 15, ""status"": ""MEASURED_FEASIBLE""}, {""iteration"": 16, ""status"": ""MEASURED_FEASIBLE""}, {""iteration"": 17, ""status"": ""MEASURED_FEASIBLE""}], ""final_matches_last_safe"": {""status"": ""MEASURED_ARRAY_COMPARISON"", ""bitwise_equal"": true, ""max_abs_error"": 0.0, ""relative_l2_error"": 0.0, ""dtype_equal"": true}}",fb6daffa2e519480cc81304f4874c1c652754149ebcfced4688ad59ffdba5878,evidence/final_snapshot/results/nonlinear_transfer_v1/object_2009/original_top2_cap3_cache/rep2/result.json,completed_max_updates,18,540.116821100004,0.5659891533320636,0.5650597986340994,0.6219015495622506,0.012179283961979336,0.012178344863873402,18,45,18,106,53,5.888888888888889,744,108,552,92,7,True,0,91,True,True,MEASURED_ARRAY_CHECKS_ONLY,[],"{""full_linearization"": 3.8193716999376193, ""full_gradient"": 1.7806645999080501, ""exchange_anchor_pool_workspace_acquisition"": 144.4509627998923, ""verified_online_exchange"": 26.633500700234435, ""cheap_existing_drift_diagnostics"": 0.04443920007906854, ""passive_projection_and_full_gradient_fallback"": 0.7216766001074575, ""full_nonlinear_armijo"": 303.6977351999376}","{""receiver_wall_s"": 0.07423210015986115, ""Jx_initialization_wall_s"": 1.1030706999008544, ""endpoint_wall_s"": 11.702309699903708, ""anchor_wall_s"": 0.5253426001872867, ""Jd_wall_s"": 7.2645286998013034, ""acceptance_wall_s"": 0.0345102998544462}",2.2371495000552386,56.731320799852256,Child excludes pre-start imports/binding and post-end final publication; external occupation separate
2009,original_top2_cap3,False,0,a17.efficiency.nonlinear_transfer.v1,988f1c0f2abec91f01cf3a472834e89d56cee90d5bf7ae4ab0d6167d95506648,True,MAIN,98268ad725cd9e454ea4e6d00dc1e95ad67ab5c88adeca4a32bb0c922875673a,HASH_BOUND_RAW_DIRECTORY,"{""status"": ""MEASURED_ARRAY_CHECKS_ONLY"", ""issues"": [], ""accepted_checkpoint_checks"": [{""iteration"": 0, ""status"": ""MEASURED_FEASIBLE""}, {""iteration"": 1, ""status"": ""MEASURED_FEASIBLE""}, {""iteration"": 2, ""status"": ""MEASURED_FEASIBLE""}, {""iteration"": 3, ""status"": ""MEASURED_FEASIBLE""}, {""iteration"": 4, ""status"": ""MEASURED_FEASIBLE""}, {""iteration"": 5, ""status"": ""MEASURED_FEASIBLE""}, {""iteration"": 6, ""status"": ""MEASURED_FEASIBLE""}, {""iteration"": 7, ""status"": ""MEASURED_FEASIBLE""}, {""iteration"": 8, ""status"": ""MEASURED_FEASIBLE""}, {""iteration"": 9, ""status"": ""MEASURED_FEASIBLE""}, {""iteration"": 10, ""status"": ""MEASURED_FEASIBLE""}, {""iteration"": 11, ""status"": ""MEASURED_FEASIBLE""}, {""iteration"": 12, ""status"": ""MEASURED_FEASIBLE""}, {""iteration"": 13, ""status"": ""MEASURED_FEASIBLE""}, {""iteration"": 14, ""status"": ""MEASURED_FEASIBLE""}, {""iteration"": 15, ""status"": ""MEASURED_FEASIBLE""}, {""iteration"": 16, ""status"": ""MEASURED_FEASIBLE""}, {""iteration"": 17, ""status"": ""MEASURED_FEASIBLE""}], ""final_matches_last_safe"": {""status"": ""MEASURED_ARRAY_COMPARISON"", ""bitwise_equal"": true, ""max_abs_error"": 0.0, ""relative_l2_error"": 0.0, ""dtype_equal"": true}}",46a5cabbd5400bfce09b4b522d7bda426f42412ef0ce1b6a4fb45c110c22e61f,evidence/final_snapshot/results/nonlinear_transfer_v1/object_2009/original_top2_cap3_no_cache/rep0/result.json,completed_max_updates,18,592.7087276999955,0.5659891533320636,0.5650597986340994,0.6219015495622506,0.012179283961979336,0.012178344863873402,18,45,18,106,53,5.888888888888889,744,108,552,92,7,True,0,91,True,True,MEASURED_ARRAY_CHECKS_ONLY,[],"{""full_linearization"": 3.7810494999284856, ""full_gradient"": 1.677840100019239, ""exchange_anchor_pool_workspace_acquisition"": 197.66939270024886, ""verified_online_exchange"": 26.223319600278046, ""cheap_existing_drift_diagnostics"": 0.047071600216440856, ""passive_projection_and_full_gradient_fallback"": 0.7105364999151789, ""full_nonlinear_armijo"": 303.5617518000072}","{""receiver_wall_s"": 0.07336029998259619, ""Jx_initialization_wall_s"": 1.0823807998676784, ""endpoint_wall_s"": 11.641981999971904, ""anchor_wall_s"": 0.5161943002021872, ""Jd_wall_s"": 7.01533790002577, ""acceptance_wall_s"": 0.03404680028324947}",2.205262900039088,56.83250299934298,Child excludes pre-start imports/binding and post-end final publication; external occupation separate
2009,original_top2_cap3,False,1,a17.efficiency.nonlinear_transfer.v1,988f1c0f2abec91f01cf3a472834e89d56cee90d5bf7ae4ab0d6167d95506648,True,MAIN,98268ad725cd9e454ea4e6d00dc1e95ad67ab5c88adeca4a32bb0c922875673a,HASH_BOUND_RAW_DIRECTORY,"{""status"": ""MEASURED_ARRAY_CHECKS_ONLY"", ""issues"": [], ""accepted_checkpoint_checks"": [{""iteration"": 0, ""status"": ""MEASURED_FEASIBLE""}, {""iteration"": 1, ""status"": ""MEASURED_FEASIBLE""}, {""iteration"": 2, ""status"": ""MEASURED_FEASIBLE""}, {""iteration"": 3, ""status"": ""MEASURED_FEASIBLE""}, {""iteration"": 4, ""status"": ""MEASURED_FEASIBLE""}, {""iteration"": 5, ""status"": ""MEASURED_FEASIBLE""}, {""iteration"": 6, ""status"": ""MEASURED_FEASIBLE""}, {""iteration"": 7, ""status"": ""MEASURED_FEASIBLE""}, {""iteration"": 8, ""status"": ""MEASURED_FEASIBLE""}, {""iteration"": 9, ""status"": ""MEASURED_FEASIBLE""}, {""iteration"": 10, ""status"": ""MEASURED_FEASIBLE""}, {""iteration"": 11, ""status"": ""MEASURED_FEASIBLE""}, {""iteration"": 12, ""status"": ""MEASURED_FEASIBLE""}, {""iteration"": 13, ""status"": ""MEASURED_FEASIBLE""}, {""iteration"": 14, ""status"": ""MEASURED_FEASIBLE""}, {""iteration"": 15, ""status"": ""MEASURED_FEASIBLE""}, {""iteration"": 16, ""status"": ""MEASURED_FEASIBLE""}, {""iteration"": 17, ""status"": ""MEASURED_FEASIBLE""}], ""final_matches_last_safe"": {""status"": ""MEASURED_ARRAY_COMPARISON"", ""bitwise_equal"": true, ""max_abs_error"": 0.0, ""relative_l2_error"": 0.0, ""dtype_equal"": true}}",3266aaea3cbcbc824d6aa41df820d9457d3f4012c848dd43f0b77ac1a8b82049,evidence/final_snapshot/results/nonlinear_transfer_v1/object_2009/original_top2_cap3_no_cache/rep1/result.json,completed_max_updates,18,592.5036599999876,0.5659891533320636,0.5650597986340994,0.6219015495622506,0.012179283961979336,0.012178344863873402,18,45,18,106,53,5.888888888888889,744,108,552,92,7,True,0,91,True,True,MEASURED_ARRAY_CHECKS_ONLY,[],"{""full_linearization"": 3.8118800998781808, ""full_gradient"": 1.7553326999768615, ""exchange_anchor_pool_workspace_acquisition"": 196.87728700006846, ""verified_online_exchange"": 26.179720400075894, ""cheap_existing_drift_diagnostics"": 0.04332110000541434, ""passive_projection_and_full_gradient_fallback"": 0.7140597000834532, ""full_nonlinear_armijo"": 304.28447459999006}","{""receiver_wall_s"": 0.07401100010611117, ""Jx_initialization_wall_s"": 1.0724191998597234, ""endpoint_wall_s"": 11.620605300122406, ""anchor_wall_s"": 0.5295817002188414, ""Jd_wall_s"": 7.000692700210493, ""acceptance_wall_s"": 0.034669000015128404}",1.991260799986776,56.84632359992247,Child excludes pre-start imports/binding and post-end final publication; external occupation separate
2009,original_top2_cap3,False,2,a17.efficiency.nonlinear_transfer.v1,988f1c0f2abec91f01cf3a472834e89d56cee90d5bf7ae4ab0d6167d95506648,True,MAIN,98268ad725cd9e454ea4e6d00dc1e95ad67ab5c88adeca4a32bb0c922875673a,HASH_BOUND_RAW_DIRECTORY,"{""status"": ""MEASURED_ARRAY_CHECKS_ONLY"", ""issues"": [], ""accepted_checkpoint_checks"": [{""iteration"": 0, ""status"": ""MEASURED_FEASIBLE""}, {""iteration"": 1, ""status"": ""MEASURED_FEASIBLE""}, {""iteration"": 2, ""status"": ""MEASURED_FEASIBLE""}, {""iteration"": 3, ""status"": ""MEASURED_FEASIBLE""}, {""iteration"": 4, ""status"": ""MEASURED_FEASIBLE""}, {""iteration"": 5, ""status"": ""MEASURED_FEASIBLE""}, {""iteration"": 6, ""status"": ""MEASURED_FEASIBLE""}, {""iteration"": 7, ""status"": ""MEASURED_FEASIBLE""}, {""iteration"": 8, ""status"": ""MEASURED_FEASIBLE""}, {""iteration"": 9, ""status"": ""MEASURED_FEASIBLE""}, {""iteration"": 10, ""status"": ""MEASURED_FEASIBLE""}, {""iteration"": 11, ""status"": ""MEASURED_FEASIBLE""}, {""iteration"": 12, ""status"": ""MEASURED_FEASIBLE""}, {""iteration"": 13, ""status"": ""MEASURED_FEASIBLE""}, {""iteration"": 14, ""status"": ""MEASURED_FEASIBLE""}, {""iteration"": 15, ""status"": ""MEASURED_FEASIBLE""}, {""iteration"": 16, ""status"": ""MEASURED_FEASIBLE""}, {""iteration"": 17, ""status"": ""MEASURED_FEASIBLE""}], ""final_matches_last_safe"": {""status"": ""MEASURED_ARRAY_COMPARISON"", ""bitwise_equal"": true, ""max_abs_error"": 0.0, ""relative_l2_error"": 0.0, ""dtype_equal"": true}}",403480030b9bcaa18c5045eadce1b83b2b1eaba18f7953cbacefc6e94a3e6e69,evidence/final_snapshot/results/nonlinear_transfer_v1/object_2009/original_top2_cap3_no_cache/rep2/result.json,completed_max_updates,18,594.4231406000326,0.5659891533320636,0.5650597986340994,0.6219015495622506,0.012179283961979336,0.012178344863873402,18,45,18,106,53,5.888888888888889,744,108,552,92,7,True,0,91,True,True,MEASURED_ARRAY_CHECKS_ONLY,[],"{""full_linearization"": 3.7441997000132687, ""full_gradient"": 1.7627290999516845, ""exchange_anchor_pool_workspace_acquisition"": 197.8327928999206, ""verified_online_exchange"": 26.78832410008181, ""cheap_existing_drift_diagnostics"": 0.04284739994909614, ""passive_projection_and_full_gradient_fallback"": 0.6935389001155272, ""full_nonlinear_armijo"": 304.3072108999477}","{""receiver_wall_s"": 0.07561689987778664, ""Jx_initialization_wall_s"": 1.1027468997635879, ""endpoint_wall_s"": 11.699458899965975, ""anchor_wall_s"": 0.5215075000887737, ""Jd_wall_s"": 7.324632000178099, ""acceptance_wall_s"": 0.03643760003615171}",2.4251431000302546,56.82635450002272,Child excludes pre-start imports/binding and post-end final publication; external occupation separate
2009,receiver_only,False,0,a17.efficiency.nonlinear_transfer.v1,988f1c0f2abec91f01cf3a472834e89d56cee90d5bf7ae4ab0d6167d95506648,True,MAIN,98268ad725cd9e454ea4e6d00dc1e95ad67ab5c88adeca4a32bb0c922875673a,HASH_BOUND_RAW_DIRECTORY,"{""status"": ""MEASURED_ARRAY_CHECKS_ONLY"", ""issues"": [], ""accepted_checkpoint_checks"": [{""iteration"": 0, ""status"": ""MEASURED_FEASIBLE""}, {""iteration"": 1, ""status"": ""MEASURED_FEASIBLE""}, {""iteration"": 2, ""status"": ""MEASURED_FEASIBLE""}, {""iteration"": 3, ""status"": ""MEASURED_FEASIBLE""}, {""iteration"": 4, ""status"": ""MEASURED_FEASIBLE""}, {""iteration"": 5, ""status"": ""MEASURED_FEASIBLE""}, {""iteration"": 6, ""status"": ""MEASURED_FEASIBLE""}, {""iteration"": 7, ""status"": ""MEASURED_FEASIBLE""}, {""iteration"": 8, ""status"": ""MEASURED_FEASIBLE""}, {""iteration"": 9, ""status"": ""MEASURED_FEASIBLE""}, {""iteration"": 10, ""status"": ""MEASURED_FEASIBLE""}, {""iteration"": 11, ""status"": ""MEASURED_FEASIBLE""}, {""iteration"": 12, ""status"": ""MEASURED_FEASIBLE""}, {""iteration"": 13, ""status"": ""MEASURED_FEASIBLE""}, {""iteration"": 14, ""status"": ""MEASURED_FEASIBLE""}, {""iteration"": 15, ""status"": ""MEASURED_FEASIBLE""}, {""iteration"": 16, ""status"": ""MEASURED_FEASIBLE""}, {""iteration"": 17, ""status"": ""MEASURED_FEASIBLE""}], ""final_matches_last_safe"": {""status"": ""MEASURED_ARRAY_COMPARISON"", ""bitwise_equal"": true, ""max_abs_error"": 0.0, ""relative_l2_error"": 0.0, ""dtype_equal"": true}}",b5ff2e94c58253441eaa10b33d937724d8e354be1f14a35227f6ade4cb9ded91,evidence/final_snapshot/results/nonlinear_transfer_v1/object_2009/receiver_only_no_cache/rep0/result.json,completed_max_updates,18,404.412050599989,0.609640498111005,0.6081470702418279,0.6975505261954454,0.014189977176007021,0.014178603090241278,18,0,0,0,0,0.0,0,108,690,115,11,True,0,114,True,True,MEASURED_ARRAY_CHECKS_ONLY,[],"{""full_linearization"": 3.8019277999992482, ""full_gradient"": 1.4304337000357918, ""receiver_only_acquisition_and_endpoint"": 3.549748699995689, ""cheap_existing_drift_diagnostics"": 0.03493219998199493, ""passive_projection_and_full_gradient_fallback"": 0.9176897998549975, ""full_nonlinear_armijo"": 377.9164855001145}",{},2.1256639000494033,14.635168999957386,Child excludes pre-start imports/binding and post-end final publication; external occupation separate
2009,receiver_only,False,1,a17.efficiency.nonlinear_transfer.v1,988f1c0f2abec91f01cf3a472834e89d56cee90d5bf7ae4ab0d6167d95506648,True,MAIN,98268ad725cd9e454ea4e6d00dc1e95ad67ab5c88adeca4a32bb0c922875673a,HASH_BOUND_RAW_DIRECTORY,"{""status"": ""MEASURED_ARRAY_CHECKS_ONLY"", ""issues"": [], ""accepted_checkpoint_checks"": [{""iteration"": 0, ""status"": ""MEASURED_FEASIBLE""}, {""iteration"": 1, ""status"": ""MEASURED_FEASIBLE""}, {""iteration"": 2, ""status"": ""MEASURED_FEASIBLE""}, {""iteration"": 3, ""status"": ""MEASURED_FEASIBLE""}, {""iteration"": 4, ""status"": ""MEASURED_FEASIBLE""}, {""iteration"": 5, ""status"": ""MEASURED_FEASIBLE""}, {""iteration"": 6, ""status"": ""MEASURED_FEASIBLE""}, {""iteration"": 7, ""status"": ""MEASURED_FEASIBLE""}, {""iteration"": 8, ""status"": ""MEASURED_FEASIBLE""}, {""iteration"": 9, ""status"": ""MEASURED_FEASIBLE""}, {""iteration"": 10, ""status"": ""MEASURED_FEASIBLE""}, {""iteration"": 11, ""status"": ""MEASURED_FEASIBLE""}, {""iteration"": 12, ""status"": ""MEASURED_FEASIBLE""}, {""iteration"": 13, ""status"": ""MEASURED_FEASIBLE""}, {""iteration"": 14, ""status"": ""MEASURED_FEASIBLE""}, {""iteration"": 15, ""status"": ""MEASURED_FEASIBLE""}, {""iteration"": 16, ""status"": ""MEASURED_FEASIBLE""}, {""iteration"": 17, ""status"": ""MEASURED_FEASIBLE""}], ""final_matches_last_safe"": {""status"": ""MEASURED_ARRAY_COMPARISON"", ""bitwise_equal"": true, ""max_abs_error"": 0.0, ""relative_l2_error"": 0.0, ""dtype_equal"": true}}",ee8759b02829c224cbf57a1e627d9d4e8b9717cbb3508757cbb252803ea8a4f3,evidence/final_snapshot/results/nonlinear_transfer_v1/object_2009/receiver_only_no_cache/rep1/result.json,completed_max_updates,18,406.47731220000423,0.609640498111005,0.6081470702418279,0.6975505261954454,0.014189977176007021,0.014178603090241278,18,0,0,0,0,0.0,0,108,690,115,11,True,0,114,True,True,MEASURED_ARRAY_CHECKS_ONLY,[],"{""full_linearization"": 3.7308551999158226, ""full_gradient"": 1.4885076000355184, ""receiver_only_acquisition_and_endpoint"": 3.569672100013122, ""cheap_existing_drift_diagnostics"": 0.04293390008388087, ""passive_projection_and_full_gradient_fallback"": 1.027732000045944, ""full_nonlinear_armijo"": 379.6654683999368}",{},2.136257099977229,14.81588589999592,Child excludes pre-start imports/binding and post-end final publication; external occupation separate
2009,receiver_only,False,2,a17.efficiency.nonlinear_transfer.v1,988f1c0f2abec91f01cf3a472834e89d56cee90d5bf7ae4ab0d6167d95506648,True,MAIN,98268ad725cd9e454ea4e6d00dc1e95ad67ab5c88adeca4a32bb0c922875673a,HASH_BOUND_RAW_DIRECTORY,"{""status"": ""MEASURED_ARRAY_CHECKS_ONLY"", ""issues"": [], ""accepted_checkpoint_checks"": [{""iteration"": 0, ""status"": ""MEASURED_FEASIBLE""}, {""iteration"": 1, ""status"": ""MEASURED_FEASIBLE""}, {""iteration"": 2, ""status"": ""MEASURED_FEASIBLE""}, {""iteration"": 3, ""status"": ""MEASURED_FEASIBLE""}, {""iteration"": 4, ""status"": ""MEASURED_FEASIBLE""}, {""iteration"": 5, ""status"": ""MEASURED_FEASIBLE""}, {""iteration"": 6, ""status"": ""MEASURED_FEASIBLE""}, {""iteration"": 7, ""status"": ""MEASURED_FEASIBLE""}, {""iteration"": 8, ""status"": ""MEASURED_FEASIBLE""}, {""iteration"": 9, ""status"": ""MEASURED_FEASIBLE""}, {""iteration"": 10, ""status"": ""MEASURED_FEASIBLE""}, {""iteration"": 11, ""status"": ""MEASURED_FEASIBLE""}, {""iteration"": 12, ""status"": ""MEASURED_FEASIBLE""}, {""iteration"": 13, ""status"": ""MEASURED_FEASIBLE""}, {""iteration"": 14, ""status"": ""MEASURED_FEASIBLE""}, {""iteration"": 15, ""status"": ""MEASURED_FEASIBLE""}, {""iteration"": 16, ""status"": ""MEASURED_FEASIBLE""}, {""iteration"": 17, ""status"": ""MEASURED_FEASIBLE""}], ""final_matches_last_safe"": {""status"": ""MEASURED_ARRAY_COMPARISON"", ""bitwise_equal"": true, ""max_abs_error"": 0.0, ""relative_l2_error"": 0.0, ""dtype_equal"": true}}",5aaa6ef44d5d3c4438163d09fc4fef7a96c6d5f9dc6994e54e1a8fb99c797af3,evidence/final_snapshot/results/nonlinear_transfer_v1/object_2009/receiver_only_no_cache/rep2/result.json,completed_max_updates,18,406.79224959999556,0.609640498111005,0.6081470702418279,0.6975505261954454,0.014189977176007021,0.014178603090241278,18,0,0,0,0,0.0,0,108,690,115,11,True,0,114,True,True,MEASURED_ARRAY_CHECKS_ONLY,[],"{""full_linearization"": 3.8174823001027107, ""full_gradient"": 1.4599952000426129, ""receiver_only_acquisition_and_endpoint"": 3.513799400010612, ""cheap_existing_drift_diagnostics"": 0.03791300003649667, ""passive_projection_and_full_gradient_fallback"": 0.9936252000043169, ""full_nonlinear_armijo"": 379.8181121000671}",{},2.240317099960521,14.911005299771205,Child excludes pre-start imports/binding and post-end final publication; external occupation separate
2009,reuse_previous,True,0,a17.efficiency.nonlinear_reuse_transfer.v1,472d0749d894cc092304b8808527600cb3c9caa8085ce9480e8be06917b2a941,True,REUSE_SECONDARY,98268ad725cd9e454ea4e6d00dc1e95ad67ab5c88adeca4a32bb0c922875673a,HASH_BOUND_RAW_DIRECTORY,"{""status"": ""MEASURED_ARRAY_CHECKS_ONLY"", ""issues"": [], ""accepted_checkpoint_checks"": [{""iteration"": 0, ""status"": ""MEASURED_FEASIBLE""}, {""iteration"": 1, ""status"": ""MEASURED_FEASIBLE""}, {""iteration"": 2, ""status"": ""MEASURED_FEASIBLE""}, {""iteration"": 3, ""status"": ""MEASURED_FEASIBLE""}, {""iteration"": 4, ""status"": ""MEASURED_FEASIBLE""}, {""iteration"": 5, ""status"": ""MEASURED_FEASIBLE""}, {""iteration"": 6, ""status"": ""MEASURED_FEASIBLE""}, {""iteration"": 7, ""status"": ""MEASURED_FEASIBLE""}, {""iteration"": 8, ""status"": ""MEASURED_FEASIBLE""}, {""iteration"": 9, ""status"": ""MEASURED_FEASIBLE""}, {""iteration"": 10, ""status"": ""MEASURED_FEASIBLE""}, {""iteration"": 11, ""status"": ""MEASURED_FEASIBLE""}, {""iteration"": 12, ""status"": ""MEASURED_FEASIBLE""}, {""iteration"": 13, ""status"": ""MEASURED_FEASIBLE""}, {""iteration"": 14, ""status"": ""MEASURED_FEASIBLE""}, {""iteration"": 15, ""status"": ""MEASURED_FEASIBLE""}, {""iteration"": 16, ""status"": ""MEASURED_FEASIBLE""}, {""iteration"": 17, ""status"": ""MEASURED_FEASIBLE""}], ""final_matches_last_safe"": {""status"": ""MEASURED_ARRAY_COMPARISON"", ""bitwise_equal"": true, ""max_abs_error"": 0.0, ""relative_l2_error"": 0.0, ""dtype_equal"": true}}",ebeb22796dd2a6823374c66610f8fc6208e9f250b89d4133d5d025d5666bb625,evidence/final_snapshot/results/nonlinear_transfer_v1/object_2009/reuse_previous_cache/rep0/result.json,completed_max_updates,18,605.6055908999988,0.6476195067046642,0.6470821249863575,0.680714848155886,0.017395621309561415,0.017377567125706705,18,17,18,64,32,3.5555555555555554,492,108,684,114,10,True,0,113,True,True,MEASURED_ARRAY_CHECKS_ONLY,[],"{""full_linearization"": 3.7594975001411512, ""full_gradient"": 1.6380039000068791, ""exchange_anchor_pool_workspace_acquisition"": 148.019597000035, ""verified_online_exchange"": 16.509852700168267, ""cheap_existing_drift_diagnostics"": 0.0480972999939695, ""passive_projection_and_full_gradient_fallback"": 0.965597299975343, ""full_nonlinear_armijo"": 376.7625434999354}","{""receiver_wall_s"": 0.07796290004625916, ""Jx_initialization_wall_s"": 1.049390599830076, ""endpoint_wall_s"": 6.986609800194856, ""anchor_wall_s"": 0.3144386998610571, ""Jd_wall_s"": 4.261708299978636, ""acceptance_wall_s"": 0.022647700214292854}",2.2439103999640793,55.65849129977869,Child excludes pre-start imports/binding and post-end final publication; external occupation separate
2009,reuse_reset3,True,0,a17.efficiency.nonlinear_reuse_transfer.v1,472d0749d894cc092304b8808527600cb3c9caa8085ce9480e8be06917b2a941,True,REUSE_SECONDARY,98268ad725cd9e454ea4e6d00dc1e95ad67ab5c88adeca4a32bb0c922875673a,HASH_BOUND_RAW_DIRECTORY,"{""status"": ""MEASURED_ARRAY_CHECKS_ONLY"", ""issues"": [], ""accepted_checkpoint_checks"": [{""iteration"": 0, ""status"": ""MEASURED_FEASIBLE""}, {""iteration"": 1, ""status"": ""MEASURED_FEASIBLE""}, {""iteration"": 2, ""status"": ""MEASURED_FEASIBLE""}, {""iteration"": 3, ""status"": ""MEASURED_FEASIBLE""}, {""iteration"": 4, ""status"": ""MEASURED_FEASIBLE""}, {""iteration"": 5, ""status"": ""MEASURED_FEASIBLE""}, {""iteration"": 6, ""status"": ""MEASURED_FEASIBLE""}, {""iteration"": 7, ""status"": ""MEASURED_FEASIBLE""}, {""iteration"": 8, ""status"": ""MEASURED_FEASIBLE""}, {""iteration"": 9, ""status"": ""MEASURED_FEASIBLE""}, {""iteration"": 10, ""status"": ""MEASURED_FEASIBLE""}, {""iteration"": 11, ""status"": ""MEASURED_FEASIBLE""}, {""iteration"": 12, ""status"": ""MEASURED_FEASIBLE""}, {""iteration"": 13, ""status"": ""MEASURED_FEASIBLE""}, {""iteration"": 14, ""status"": ""MEASURED_FEASIBLE""}, {""iteration"": 15, ""status"": ""MEASURED_FEASIBLE""}, {""iteration"": 16, ""status"": ""MEASURED_FEASIBLE""}, {""iteration"": 17, ""status"": ""MEASURED_FEASIBLE""}], ""final_matches_last_safe"": {""status"": ""MEASURED_ARRAY_COMPARISON"", ""bitwise_equal"": true, ""max_abs_error"": 0.0, ""relative_l2_error"": 0.0, ""dtype_equal"": true}}",1a1f03071ed6318c9871cd417762ca60d873a940ef69fdee5f83cc6fd8648ef3,evidence/final_snapshot/results/nonlinear_transfer_v1/object_2009/reuse_reset3_cache/rep0/result.json,completed_max_updates,18,573.3473103999859,0.5589652317085052,0.5576286596101759,0.6377629782770033,0.012069696259660883,0.01207347476913605,18,26,18,78,39,4.333333333333333,576,108,624,104,10,True,0,103,True,True,MEASURED_ARRAY_CHECKS_ONLY,[],"{""full_linearization"": 3.805404699931387, ""full_gradient"": 1.6346353999106213, ""exchange_anchor_pool_workspace_acquisition"": 145.32354639994446, ""verified_online_exchange"": 19.804559199954383, ""cheap_existing_drift_diagnostics"": 0.04316429985919967, ""passive_projection_and_full_gradient_fallback"": 0.8970590001554228, ""full_nonlinear_armijo"": 344.428883399989}","{""receiver_wall_s"": 0.07662429992342368, ""Jx_initialization_wall_s"": 1.0730708999326453, ""endpoint_wall_s"": 8.430780900118407, ""anchor_wall_s"": 0.3747567998361774, ""Jd_wall_s"": 5.349673999939114, ""acceptance_wall_s"": 0.025366799789480865}",2.3248835999402218,55.085174400301185,Child excludes pre-start imports/binding and post-end final publication; external occupation separate
2009,top1_cap2,True,0,a17.efficiency.nonlinear_transfer.v1,988f1c0f2abec91f01cf3a472834e89d56cee90d5bf7ae4ab0d6167d95506648,True,MAIN,98268ad725cd9e454ea4e6d00dc1e95ad67ab5c88adeca4a32bb0c922875673a,HASH_BOUND_RAW_DIRECTORY,"{""status"": ""MEASURED_ARRAY_CHECKS_ONLY"", ""issues"": [], ""accepted_checkpoint_checks"": [{""iteration"": 0, ""status"": ""MEASURED_FEASIBLE""}, {""iteration"": 1, ""status"": ""MEASURED_FEASIBLE""}, {""iteration"": 2, ""status"": ""MEASURED_FEASIBLE""}, {""iteration"": 3, ""status"": ""MEASURED_FEASIBLE""}, {""iteration"": 4, ""status"": ""MEASURED_FEASIBLE""}, {""iteration"": 5, ""status"": ""MEASURED_FEASIBLE""}, {""iteration"": 6, ""status"": ""MEASURED_FEASIBLE""}, {""iteration"": 7, ""status"": ""MEASURED_FEASIBLE""}, {""iteration"": 8, ""status"": ""MEASURED_FEASIBLE""}, {""iteration"": 9, ""status"": ""MEASURED_FEASIBLE""}, {""iteration"": 10, ""status"": ""MEASURED_FEASIBLE""}, {""iteration"": 11, ""status"": ""MEASURED_FEASIBLE""}, {""iteration"": 12, ""status"": ""MEASURED_FEASIBLE""}, {""iteration"": 13, ""status"": ""MEASURED_FEASIBLE""}, {""iteration"": 14, ""status"": ""MEASURED_FEASIBLE""}, {""iteration"": 15, ""status"": ""MEASURED_FEASIBLE""}, {""iteration"": 16, ""status"": ""MEASURED_FEASIBLE""}, {""iteration"": 17, ""status"": ""MEASURED_FEASIBLE""}], ""final_matches_last_safe"": {""status"": ""MEASURED_ARRAY_COMPARISON"", ""bitwise_equal"": true, ""max_abs_error"": 0.0, ""relative_l2_error"": 0.0, ""dtype_equal"": true}}",249336d3e6be1dbd182f342612f91a6a035d032f430c9448f3bfaf6b7ed24bda,evidence/final_snapshot/results/nonlinear_transfer_v1/object_2009/top1_cap2_cache/rep0/result.json,completed_max_updates,18,552.339581999986,0.5465821877365741,0.5456774036132124,0.6009961300955862,0.011981911648931951,0.011982515703678153,18,28,18,36,36,2.0,324,108,600,100,9,True,0,99,True,True,MEASURED_ARRAY_CHECKS_ONLY,[],"{""full_linearization"": 3.7666357998969033, ""full_gradient"": 1.6279518998926505, ""exchange_anchor_pool_workspace_acquisition"": 143.57573029998457, ""verified_online_exchange"": 15.811634700046852, ""cheap_existing_drift_diagnostics"": 0.04578119987854734, ""passive_projection_and_full_gradient_fallback"": 0.7822241000249051, ""full_nonlinear_armijo"": 331.0882974998676}","{""receiver_wall_s"": 0.0775569001561962, ""Jx_initialization_wall_s"": 1.0777904000715353, ""endpoint_wall_s"": 7.851486299769022, ""anchor_wall_s"": 0.3522498999373056, ""Jd_wall_s"": 2.2341956999734975, ""acceptance_wall_s"": 0.020243699953425676}",2.1123471000464633,53.52897940034745,Child excludes pre-start imports/binding and post-end final publication; external occupation separate
2009,top1_cap2,True,1,a17.efficiency.nonlinear_transfer.v1,988f1c0f2abec91f01cf3a472834e89d56cee90d5bf7ae4ab0d6167d95506648,True,MAIN,98268ad725cd9e454ea4e6d00dc1e95ad67ab5c88adeca4a32bb0c922875673a,HASH_BOUND_RAW_DIRECTORY,"{""status"": ""MEASURED_ARRAY_CHECKS_ONLY"", ""issues"": [], ""accepted_checkpoint_checks"": [{""iteration"": 0, ""status"": ""MEASURED_FEASIBLE""}, {""iteration"": 1, ""status"": ""MEASURED_FEASIBLE""}, {""iteration"": 2, ""status"": ""MEASURED_FEASIBLE""}, {""iteration"": 3, ""status"": ""MEASURED_FEASIBLE""}, {""iteration"": 4, ""status"": ""MEASURED_FEASIBLE""}, {""iteration"": 5, ""status"": ""MEASURED_FEASIBLE""}, {""iteration"": 6, ""status"": ""MEASURED_FEASIBLE""}, {""iteration"": 7, ""status"": ""MEASURED_FEASIBLE""}, {""iteration"": 8, ""status"": ""MEASURED_FEASIBLE""}, {""iteration"": 9, ""status"": ""MEASURED_FEASIBLE""}, {""iteration"": 10, ""status"": ""MEASURED_FEASIBLE""}, {""iteration"": 11, ""status"": ""MEASURED_FEASIBLE""}, {""iteration"": 12, ""status"": ""MEASURED_FEASIBLE""}, {""iteration"": 13, ""status"": ""MEASURED_FEASIBLE""}, {""iteration"": 14, ""status"": ""MEASURED_FEASIBLE""}, {""iteration"": 15, ""status"": ""MEASURED_FEASIBLE""}, {""iteration"": 16, ""status"": ""MEASURED_FEASIBLE""}, {""iteration"": 17, ""status"": ""MEASURED_FEASIBLE""}], ""final_matches_last_safe"": {""status"": ""MEASURED_ARRAY_COMPARISON"", ""bitwise_equal"": true, ""max_abs_error"": 0.0, ""relative_l2_error"": 0.0, ""dtype_equal"": true}}",77e26c72ae57609f6745b31d1e96c80f204a89a500a9ab13b197257d257d56f8,evidence/final_snapshot/results/nonlinear_transfer_v1/object_2009/top1_cap2_cache/rep1/result.json,completed_max_updates,18,551.7380503999884,0.5465821877365741,0.5456774036132124,0.6009961300955862,0.011981911648931951,0.011982515703678153,18,28,18,36,36,2.0,324,108,600,100,9,True,0,99,True,True,MEASURED_ARRAY_CHECKS_ONLY,[],"{""full_linearization"": 3.7861830999609083, ""full_gradient"": 1.5179076999193057, ""exchange_anchor_pool_workspace_acquisition"": 143.72343150014058, ""verified_online_exchange"": 15.7177956001251, ""cheap_existing_drift_diagnostics"": 0.04516019992297515, ""passive_projection_and_full_gradient_fallback"": 0.7813229000312276, ""full_nonlinear_armijo"": 331.1093133999384}","{""receiver_wall_s"": 0.07480130001204088, ""Jx_initialization_wall_s"": 1.0892275001388043, ""endpoint_wall_s"": 7.884567399974912, ""anchor_wall_s"": 0.35723700001835823, ""Jd_wall_s"": 2.2772856999072246, ""acceptance_wall_s"": 0.021547299635130912}",2.000890899915248,53.05604510003468,Child excludes pre-start imports/binding and post-end final publication; external occupation separate
2009,top1_cap2,True,2,a17.efficiency.nonlinear_transfer.v1,988f1c0f2abec91f01cf3a472834e89d56cee90d5bf7ae4ab0d6167d95506648,True,MAIN,98268ad725cd9e454ea4e6d00dc1e95ad67ab5c88adeca4a32bb0c922875673a,HASH_BOUND_RAW_DIRECTORY,"{""status"": ""MEASURED_ARRAY_CHECKS_ONLY"", ""issues"": [], ""accepted_checkpoint_checks"": [{""iteration"": 0, ""status"": ""MEASURED_FEASIBLE""}, {""iteration"": 1, ""status"": ""MEASURED_FEASIBLE""}, {""iteration"": 2, ""status"": ""MEASURED_FEASIBLE""}, {""iteration"": 3, ""status"": ""MEASURED_FEASIBLE""}, {""iteration"": 4, ""status"": ""MEASURED_FEASIBLE""}, {""iteration"": 5, ""status"": ""MEASURED_FEASIBLE""}, {""iteration"": 6, ""status"": ""MEASURED_FEASIBLE""}, {""iteration"": 7, ""status"": ""MEASURED_FEASIBLE""}, {""iteration"": 8, ""status"": ""MEASURED_FEASIBLE""}, {""iteration"": 9, ""status"": ""MEASURED_FEASIBLE""}, {""iteration"": 10, ""status"": ""MEASURED_FEASIBLE""}, {""iteration"": 11, ""status"": ""MEASURED_FEASIBLE""}, {""iteration"": 12, ""status"": ""MEASURED_FEASIBLE""}, {""iteration"": 13, ""status"": ""MEASURED_FEASIBLE""}, {""iteration"": 14, ""status"": ""MEASURED_FEASIBLE""}, {""iteration"": 15, ""status"": ""MEASURED_FEASIBLE""}, {""iteration"": 16, ""status"": ""MEASURED_FEASIBLE""}, {""iteration"": 17, ""status"": ""MEASURED_FEASIBLE""}], ""final_matches_last_safe"": {""status"": ""MEASURED_ARRAY_COMPARISON"", ""bitwise_equal"": true, ""max_abs_error"": 0.0, ""relative_l2_error"": 0.0, ""dtype_equal"": true}}",a38abe75dd22fab152618899cb4bfc70fb796e9aa9f30675e2a6fd7ce64afd32,evidence/final_snapshot/results/nonlinear_transfer_v1/object_2009/top1_cap2_cache/rep2/result.json,completed_max_updates,18,551.9268009000225,0.5465821877365741,0.5456774036132124,0.6009961300955862,0.011981911648931951,0.011982515703678153,18,28,18,36,36,2.0,324,108,600,100,9,True,0,99,True,True,MEASURED_ARRAY_CHECKS_ONLY,[],"{""full_linearization"": 3.789540899975691, ""full_gradient"": 1.5030631000408903, ""exchange_anchor_pool_workspace_acquisition"": 143.53820879978593, ""verified_online_exchange"": 15.826128999877255, ""cheap_existing_drift_diagnostics"": 0.044731499860063195, ""passive_projection_and_full_gradient_fallback"": 0.8280206001945771, ""full_nonlinear_armijo"": 331.23953650007024}","{""receiver_wall_s"": 0.07780240004649386, ""Jx_initialization_wall_s"": 1.0842016000533476, ""endpoint_wall_s"": 7.881705000065267, ""anchor_wall_s"": 0.3540246000047773, ""Jd_wall_s"": 2.2836334001622163, ""acceptance_wall_s"": 0.021149800275452435}",2.256112100032624,52.90145840018522,Child excludes pre-start imports/binding and post-end final publication; external occupation separate
