actual_minus_local_teacher_risk,actual_online_final_full_gap,anchor_wall_s,balanced12_best_raw_positive_gain,balanced12_best_significant_gain,balanced12_feasible_count,balanced12_ids,balanced12_opportunity_capture,balanced12_significant_opportunity_capture,binding_status,cell_status,comparison_scope,declared_move_count,directory,endpoint_wall_s,errors,feasible_count,full_dictionary_anchor_top1_noop_capture,full_dictionary_anchor_top1_noop_regret,full_dictionary_anchor_top1_signed_capture,full_dictionary_anchor_top1_signed_regret,full_dictionary_anchor_top1_signed_true_gain,full_dictionary_anchor_top1_significance_regret,full_dictionary_anchor_top1_verified_noop_gain,invalid_count,k,labeled_count,local_not_global_oracle,local_teacher_final_full_gap,object_id,observed_best_positive_gain,omitted_opportunity,online_feedback,phase,positive_count,significant_positive_count,source_result_sha256,state_status,teacher_best_raw_positive_gain,teacher_best_significant_gain,teacher_path_length,teacher_path_status,teacher_tangent_rhs,teacher_wall_s
0.0001867383607846945,0.0003461715618654395,0.2391425000387244,0.000342983235540943,0.000342983235540943,48,"[4, 32, 64, 96, 128, 144, 5, 33, 65, 97, 129, 145]",0.818024265709508,0.818024265709508,VERIFIED,COMPLETE,Trajectory gap includes candidate coverage/ranking/search; cannot be attributed solely to score,600,results/offline_coverage_v2/object_2002/early,3.027622799971141,,600,1.0,0.0,1.0,0.0,0.00041928247109327343,0.0,0.00041928247109327343,0,4,600,True,0.00015943320108074502,2002,,7.62992355523304e-05,False,early,101,101,297e504368fb1ea5eb38bf99a3869c6d3a3bb039adb597ef2f75fecf9e773cce,COMPLETED,0.00041928247109327343,0.00041928247109327343,3,LOCAL_3ACTION_BUDGET_COMPLETE,3600,21.918498999788426
0.00015079934009240448,0.00021278171750414656,0.4416899000061676,1.1311589556590012e-05,1.1311589556590012e-05,96,"[8, 32, 64, 96, 128, 144, 9, 33, 65, 97, 129, 145]",0.08952735712931555,0.08952735712931555,VERIFIED,COMPLETE,Trajectory gap includes candidate coverage/ranking/search; cannot be attributed solely to score,1168,results/offline_coverage_v2/object_2002/early,3.991775600006804,,1168,1.0,0.0,1.0,0.0,0.00012634785521760985,0.0,0.00012634785521760985,0,8,1168,True,6.198237741174208e-05,2002,,0.00011503626566101984,False,early,151,151,e331403d62c8d5956100b4c828e2344259ada41cc43279c4695bc300a2c993fa,COMPLETED,0.00012634785521760985,0.00012634785521760985,3,LOCAL_3ACTION_BUDGET_COMPLETE,7008,42.06574550020741
6.89560015104348e-06,3.6396068330437034e-05,0.828008399985265,1.6548127725612366e-05,1.6548127725612366e-05,192,"[16, 32, 64, 96, 128, 144, 17, 33, 65, 97, 129, 145]",0.8131998250381783,0.8131998250381783,VERIFIED,COMPLETE,Trajectory gap includes candidate coverage/ranking/search; cannot be attributed solely to score,2208,results/offline_coverage_v2/object_2002/early,9.4798667000141,,2208,1.0,0.0,1.0,0.0,2.0349399023586187e-05,0.0,2.0349399023586187e-05,0,16,2208,True,2.9500468179393554e-05,2002,,3.801271297973822e-06,False,early,253,253,4bdb59e915793f31325941a2ab00185862770fcbd59019a3d25b359d4050c44d,COMPLETED,2.0349399023586187e-05,2.0349399023586187e-05,3,LOCAL_3ACTION_BUDGET_COMPLETE,13248,78.03637979994528
-3.391712824430984e-06,1.9839019180535867e-05,0.20231219998095185,3.197526235025598e-05,3.197526235025598e-05,48,"[4, 32, 64, 96, 128, 144, 5, 33, 65, 97, 129, 145]",0.7308317592311208,0.7308317592311208,VERIFIED,COMPLETE,Trajectory gap includes candidate coverage/ranking/search; cannot be attributed solely to score,600,results/offline_coverage_v2/object_2002/middle,2.9666418000124395,,600,1.0,0.0,1.0,0.0,4.37518785224877e-05,0.0,4.37518785224877e-05,0,4,600,True,2.323073200496685e-05,2002,,1.1776616172231724e-05,False,middle,363,363,2a392de0ea15240cfd5e94e4255cf11c804345482a5f2fb405391a4f86aa5684,COMPLETED,4.37518785224877e-05,4.37518785224877e-05,3,LOCAL_3ACTION_BUDGET_COMPLETE,3600,21.521427799889352
8.751295161026012e-06,1.6407850371613245e-05,0.41898049996234477,3.0360049546480058e-05,3.0360049546480058e-05,96,"[8, 32, 64, 96, 128, 144, 9, 33, 65, 97, 129, 145]",0.8964144275527437,0.8964144275527437,VERIFIED,COMPLETE,Trajectory gap includes candidate coverage/ranking/search; cannot be attributed solely to score,1168,results/offline_coverage_v2/object_2002/middle,4.10186120000435,,1168,0.9953268089164946,1.58273125102112e-07,0.9953268089164946,1.58273125102112e-07,3.371004560484573e-05,1.58273125102112e-07,3.371004560484573e-05,0,8,1168,True,7.656555210587233e-06,2002,,3.5082691834677804e-06,False,middle,931,931,b7936bc3b406a2fbfd17ce519e7e5df67782a1a41c091e3774485d3acfe9dec0,COMPLETED,3.386831872994784e-05,3.386831872994784e-05,3,LOCAL_3ACTION_BUDGET_COMPLETE,7008,41.59738019981887
4.2068776586572107e-07,2.9256248606072887e-06,0.8855229000328109,1.9898487336601297e-06,1.9898487336601297e-06,192,"[16, 32, 64, 96, 128, 144, 17, 33, 65, 97, 129, 145]",1.0,1.0,VERIFIED,COMPLETE,Trajectory gap includes candidate coverage/ranking/search; cannot be attributed solely to score,2208,results/offline_coverage_v2/object_2002/middle,9.524034000001848,,2208,0.802057809943305,3.938750162222273e-07,0.802057809943305,3.938750162222273e-07,1.5959737174379024e-06,3.938750162222273e-07,1.5959737174379024e-06,0,16,2208,True,2.5049370947415676e-06,2002,,0.0,False,middle,346,346,798fda30602b7a2b97553b390d2b18d5e5f8ef1567b50a75436b17fcce6ab01b,COMPLETED,1.9898487336601297e-06,1.9898487336601297e-06,3,LOCAL_3ACTION_BUDGET_COMPLETE,13248,78.94058409996796
1.1464988037761782e-06,4.487171741776649e-06,0.1994690999854356,2.5661711118048927e-05,2.5661711118048927e-05,48,"[4, 32, 64, 96, 128, 144, 5, 33, 65, 97, 129, 145]",1.0,1.0,VERIFIED,COMPLETE,Trajectory gap includes candidate coverage/ranking/search; cannot be attributed solely to score,600,results/offline_coverage_v2/object_2002/late,3.006425399973523,,600,1.0,0.0,1.0,0.0,2.5661711118048927e-05,0.0,2.5661711118048927e-05,0,4,600,True,3.3406729380004705e-06,2002,,0.0,False,late,121,121,ad468ba80f73e715213a3bb76fd7423276a0dc4edccaa57b5941bc257365326b,COMPLETED,2.5661711118048927e-05,2.5661711118048927e-05,2,NUMERICAL_LOCAL_1SWAP_STOP_NO_DETERMINISTIC_BOUND,3600,21.198431699944194
1.8413640007069943e-07,4.4078780476721216e-07,0.38032350002322346,2.8819824378997123e-06,2.8819824378997123e-06,96,"[8, 32, 64, 96, 128, 144, 9, 33, 65, 97, 129, 145]",1.0,1.0,VERIFIED,COMPLETE,Trajectory gap includes candidate coverage/ranking/search; cannot be attributed solely to score,1168,results/offline_coverage_v2/object_2002/late,3.9918119000503793,,1168,1.0,0.0,1.0,0.0,2.8819824378997123e-06,0.0,2.8819824378997123e-06,0,8,1168,True,2.5665140469651273e-07,2002,,0.0,False,late,300,300,8acc2ea74ec5880cb97548756e92d6eeb6b2dfc5e15f77d48cc87fefe3eb1f17,COMPLETED,2.8819824378997123e-06,2.8819824378997123e-06,3,LOCAL_3ACTION_BUDGET_COMPLETE,7008,41.247442699735984
6.381356355238951e-09,8.731943800329767e-08,0.8019467000267468,1.5346837484936413e-07,1.5346837484936413e-07,192,"[16, 32, 64, 96, 128, 144, 17, 33, 65, 97, 129, 145]",1.0,1.0,VERIFIED,COMPLETE,Trajectory gap includes candidate coverage/ranking/search; cannot be attributed solely to score,2208,results/offline_coverage_v2/object_2002/late,9.491961499967147,,2208,0.9609405959631935,5.994383260113396e-09,0.9609405959631935,5.994383260113396e-09,1.4747399158925073e-07,5.994383260113396e-09,1.4747399158925073e-07,0,16,2208,True,8.093808164805872e-08,2002,,0.0,False,late,534,534,acc3a96efdf6e5d2f26d6b575e07b114ccad03df0590ef740d529a6652c0c0ab,COMPLETED,1.5346837484936413e-07,1.5346837484936413e-07,3,LOCAL_3ACTION_BUDGET_COMPLETE,13248,78.15496609959519
1.7286972795729533e-05,0.0008324635827456431,0.03840169997420162,0.0014590325670533787,0.0014590325670533787,48,"[4, 32, 64, 96, 128, 144, 5, 33, 65, 97, 129, 145]",1.0,1.0,VERIFIED,COMPLETE,Trajectory gap includes candidate coverage/ranking/search; cannot be attributed solely to score,600,results/offline_coverage_v2/object_2003/early,1.144386600004509,,600,1.0,0.0,1.0,0.0,0.0014590325670533787,0.0,0.0014590325670533787,0,4,600,True,0.0008151766099499135,2003,,0.0,False,early,227,227,1f9e5eb8244ba142dec2f52aae95022b9e7c27f206f4b8061ad7804f004c82e4,COMPLETED,0.0014590325670533787,0.0014590325670533787,2,NUMERICAL_LOCAL_1SWAP_STOP_NO_DETERMINISTIC_BOUND,0,0.024807500129099935
-1.0842021724855044e-19,0.00022603561265078977,0.07669919996988028,0.0002770409005703493,0.0002770409005703493,96,"[8, 32, 64, 96, 128, 144, 9, 33, 65, 97, 129, 145]",1.0,1.0,VERIFIED,COMPLETE,Trajectory gap includes candidate coverage/ranking/search; cannot be attributed solely to score,1168,results/offline_coverage_v2/object_2003/early,2.4911333000054583,,1168,0.9861955345325836,3.824401544985341e-06,0.9861955345325836,3.824401544985341e-06,0.00027321649902536395,3.824401544985341e-06,0.00027321649902536395,0,8,1168,True,0.00022603561265078988,2003,,0.0,False,early,63,63,4a62abbeba3bced8ab89c10f8d38521f86dac471b30c0c6ce2e71c92ad4695e6,COMPLETED,0.0002770409005703493,0.0002770409005703493,1,NUMERICAL_LOCAL_1SWAP_STOP_NO_DETERMINISTIC_BOUND,0,0.04082499974174425
1.104685943368866e-06,3.862278286973042e-05,0.13178559998050332,1.4361598368068785e-05,1.4361598368068785e-05,192,"[16, 32, 64, 96, 128, 144, 17, 33, 65, 97, 129, 145]",0.9285745741430644,0.9285745741430644,VERIFIED,COMPLETE,Trajectory gap includes candidate coverage/ranking/search; cannot be attributed solely to score,2208,results/offline_coverage_v2/object_2003/early,6.9121901000034995,,2208,1.0,0.0,1.0,0.0,1.546628431143766e-05,0.0,1.546628431143766e-05,0,16,2208,True,3.751809692636155e-05,2003,,1.1046859433688762e-06,False,early,84,84,535c224ad467ca68942f6dca956eac22fdfa45b2126e9fe607169230e382cd72,COMPLETED,1.546628431143766e-05,1.546628431143766e-05,1,NUMERICAL_LOCAL_1SWAP_STOP_NO_DETERMINISTIC_BOUND,0,0.07524859945988283
2.240603286512455e-05,0.00010336708459697615,0.038178700022399426,0.00015799456732798172,0.00015799456732798172,48,"[4, 32, 64, 96, 128, 144, 5, 33, 65, 97, 129, 145]",0.9664634002731732,0.9664634002731732,VERIFIED,COMPLETE,Trajectory gap includes candidate coverage/ranking/search; cannot be attributed solely to score,600,results/offline_coverage_v2/object_2003/middle,1.0645047000143677,,600,1.0,0.0,1.0,0.0,0.000163477031083975,0.0,0.000163477031083975,0,4,600,True,8.09610517318516e-05,2003,,5.482463755993283e-06,False,middle,337,337,0f89fa61bbb0a3af06b2d4051d2c68970177e8288ae72c79df767f12d224c2ac,COMPLETED,0.000163477031083975,0.000163477031083975,3,LOCAL_3ACTION_BUDGET_COMPLETE,0,0.017776899912860245
1.9972923240841577e-05,5.401748951890706e-05,0.06942309997975826,5.551375432582682e-05,5.551375432582682e-05,96,"[8, 32, 64, 96, 128, 144, 9, 33, 65, 97, 129, 145]",0.8329527990011696,0.8329527990011696,VERIFIED,COMPLETE,Trajectory gap includes candidate coverage/ranking/search; cannot be attributed solely to score,1168,results/offline_coverage_v2/object_2003/middle,2.4554903999669477,,1168,0.9878563531401063,8.09336890647498e-07,0.9878563531401063,8.09336890647498e-07,6.583760203842004e-05,8.09336890647498e-07,6.583760203842004e-05,0,8,1168,True,3.404456627806548e-05,2003,,1.1133184603240717e-05,False,middle,535,535,fc364d917d2da015f62edba52434d2d29e1aaa442f8657ea99167119f54b581a,COMPLETED,6.664693892906754e-05,6.664693892906754e-05,3,LOCAL_3ACTION_BUDGET_COMPLETE,0,0.0419697001343593
1.5968196788112061e-06,1.0824461680469511e-05,0.1308895999682136,2.947463695305349e-05,2.947463695305349e-05,192,"[16, 32, 64, 96, 128, 144, 17, 33, 65, 97, 129, 145]",1.0,1.0,VERIFIED,COMPLETE,Trajectory gap includes candidate coverage/ranking/search; cannot be attributed solely to score,2208,results/offline_coverage_v2/object_2003/middle,6.871277700003702,,2208,1.0,0.0,1.0,0.0,2.947463695305349e-05,0.0,2.947463695305349e-05,0,16,2208,True,9.227642001658305e-06,2003,,0.0,False,middle,825,825,4f31f77e333919c2a47238a7208a12b004cb79cb8251674e58a58582954e0545,COMPLETED,2.947463695305349e-05,2.947463695305349e-05,3,LOCAL_3ACTION_BUDGET_COMPLETE,0,0.07652869983576238
5.678393157778342e-05,0.00016488007490098107,0.03657609998481348,0.00015576045786743094,0.00015576045786743094,48,"[4, 32, 64, 96, 128, 144, 5, 33, 65, 97, 129, 145]",0.7250548901980778,0.7250548901980778,VERIFIED,COMPLETE,Trajectory gap includes candidate coverage/ranking/search; cannot be attributed solely to score,600,results/offline_coverage_v2/object_2003/late,1.0489454999915324,,600,1.0,0.0,1.0,0.0,0.00021482574626160888,0.0,0.00021482574626160888,0,4,600,True,0.00010809614332319765,2003,,5.906528839417794e-05,False,late,109,109,382301d0b23ea5a14afbe679f841034c8e1e94cd60ae25b0590188d3a1191632,COMPLETED,0.00021482574626160888,0.00021482574626160888,3,LOCAL_3ACTION_BUDGET_COMPLETE,0,0.021323499910067767
5.4081605828517804e-05,9.635809100218139e-05,0.07138149999082088,5.0619173479182325e-05,5.0619173479182325e-05,96,"[8, 32, 64, 96, 128, 144, 9, 33, 65, 97, 129, 145]",0.6139325020393318,0.6139325020393318,VERIFIED,COMPLETE,Trajectory gap includes candidate coverage/ranking/search; cannot be attributed solely to score,1168,results/offline_coverage_v2/object_2003/late,2.4598702000221238,,1168,1.0,0.0,1.0,0.0,8.245071455092858e-05,0.0,8.245071455092858e-05,0,8,1168,True,4.227648517366359e-05,2003,,3.183154107174626e-05,False,late,498,498,6f54f585a00291b7c7b75a8502e5f0786f010be91f9de64a423fdd5ea464b607,COMPLETED,8.245071455092858e-05,8.245071455092858e-05,3,LOCAL_3ACTION_BUDGET_COMPLETE,0,0.04472619987791404
5.960220689703664e-06,1.3317369761003491e-05,0.13293709995923564,6.17926659822826e-06,6.17926659822826e-06,192,"[16, 32, 64, 96, 128, 144, 17, 33, 65, 97, 129, 145]",1.0,1.0,VERIFIED,COMPLETE,Trajectory gap includes candidate coverage/ranking/search; cannot be attributed solely to score,2208,results/offline_coverage_v2/object_2003/late,6.918267000000924,,2208,0.6500580635113526,2.1623845194636134e-06,0.6500580635113526,2.1623845194636134e-06,4.016882078764646e-06,2.1623845194636134e-06,4.016882078764646e-06,0,16,2208,True,7.357149071299827e-06,2003,,0.0,False,late,249,249,efde2c129d62b12441dcdaa615d81f7e1c1581dc93746de0c3ed73c3168b1186,COMPLETED,6.17926659822826e-06,6.17926659822826e-06,3,LOCAL_3ACTION_BUDGET_COMPLETE,0,0.07499130046926439
5.441604749519506e-05,0.00040971721419596476,0.20835809997515753,0.0001668572098332613,0.0001668572098332613,48,"[4, 32, 64, 96, 128, 144, 5, 33, 65, 97, 129, 145]",0.7947226138527603,0.7947226138527603,VERIFIED,COMPLETE,Trajectory gap includes candidate coverage/ranking/search; cannot be attributed solely to score,600,results/offline_coverage_v2/object_2004/early,2.914108800003305,,600,1.0,0.0,1.0,0.0,0.00020995653945764684,0.0,0.00020995653945764684,0,4,600,True,0.0003553011667007697,2004,,4.309932962438554e-05,False,early,5,5,df8edcc95a84763d9b61e408e213ef40b8b9dcdcbc6e2d1b65d134d689bc37ac,COMPLETED,0.00020995653945764684,0.00020995653945764684,2,NUMERICAL_LOCAL_1SWAP_STOP_NO_DETERMINISTIC_BOUND,3600,21.31051129999105
8.610397600439854e-05,0.00020615860817169433,0.4238280999707058,2.2519229101906638e-05,2.2519229101906638e-05,96,"[8, 32, 64, 96, 128, 144, 9, 33, 65, 97, 129, 145]",0.3196233083408351,0.3196233083408351,VERIFIED,COMPLETE,Trajectory gap includes candidate coverage/ranking/search; cannot be attributed solely to score,1168,results/offline_coverage_v2/object_2004/early,4.0699155000038445,,1168,0.9826045602146377,1.2256049031232266e-06,0.9826045602146377,1.2256049031232266e-06,6.922992357132997e-05,1.2256049031232266e-06,6.922992357132997e-05,0,8,1168,True,0.00012005463216729579,2004,,4.793629937254655e-05,False,early,111,111,45cac0beb3ae4766e1e522d9fdfa91ab10d8040adf1b433664132856a015f12b,COMPLETED,7.045552847445319e-05,7.045552847445319e-05,2,NUMERICAL_LOCAL_1SWAP_STOP_NO_DETERMINISTIC_BOUND,7008,41.47579240013147
1.1772699681707654e-05,3.5957117705765546e-05,0.7883932999684475,7.3170491623745815e-06,7.3170491623745815e-06,192,"[16, 32, 64, 96, 128, 144, 17, 33, 65, 97, 129, 145]",0.27322533812190697,0.27322533812190697,VERIFIED,COMPLETE,Trajectory gap includes candidate coverage/ranking/search; cannot be attributed solely to score,2208,results/offline_coverage_v2/object_2004/early,9.417478499992285,,2208,0.9581924786650492,1.1196168373973061e-06,0.9581924786650492,1.1196168373973061e-06,2.5660656224648936e-05,1.1196168373973061e-06,2.5660656224648936e-05,0,16,2208,True,2.418441802405789e-05,2004,,1.946322389967166e-05,False,early,144,144,5c7b37c0d52f938de3de417a602540009e1ef62d0800442abb1e20c145f157f1,COMPLETED,2.6780273062046242e-05,2.6780273062046242e-05,3,LOCAL_3ACTION_BUDGET_COMPLETE,13248,78.06132349988911
2.5483381563942605e-06,4.065848595625888e-05,0.20538699999451637,7.768159983975311e-05,7.768159983975311e-05,48,"[4, 32, 64, 96, 128, 144, 5, 33, 65, 97, 129, 145]",0.8905441233641973,0.8905441233641973,VERIFIED,COMPLETE,Trajectory gap includes candidate coverage/ranking/search; cannot be attributed solely to score,600,results/offline_coverage_v2/object_2004/middle,2.916747600014787,,600,1.0,0.0,1.0,0.0,8.72293666329483e-05,0.0,8.72293666329483e-05,0,4,600,True,3.811014779986462e-05,2004,,9.547766793195192e-06,False,middle,191,191,8c2ced802644478f21668b9e7b348632d966aec8ad18778132b5b39d4ec99bb6,COMPLETED,8.72293666329483e-05,8.72293666329483e-05,3,LOCAL_3ACTION_BUDGET_COMPLETE,3600,21.554646600212436
6.421031256506154e-06,2.7337622045555198e-05,0.38482089998433366,3.9753150827809827e-05,3.9753150827809827e-05,96,"[8, 32, 64, 96, 128, 144, 9, 33, 65, 97, 129, 145]",0.8417594055535522,0.8417594055535522,VERIFIED,COMPLETE,Trajectory gap includes candidate coverage/ranking/search; cannot be attributed solely to score,1168,results/offline_coverage_v2/object_2004/middle,4.197177800000645,,1168,1.0,0.0,1.0,0.0,4.722626271299888e-05,0.0,4.722626271299888e-05,0,8,1168,True,2.0916590789049044e-05,2004,,7.4731118851890555e-06,False,middle,742,742,7b636447d6e678e8b9d72eb08f34b58f4ed992fcdb9b8d42eb987bbaee566229,COMPLETED,4.722626271299888e-05,4.722626271299888e-05,3,LOCAL_3ACTION_BUDGET_COMPLETE,7008,41.73222429974703
1.6389067768686244e-06,6.803275845805615e-06,0.7965464000008069,6.637924667140446e-06,6.637924667140446e-06,192,"[16, 32, 64, 96, 128, 144, 17, 33, 65, 97, 129, 145]",1.0,1.0,VERIFIED,COMPLETE,Trajectory gap includes candidate coverage/ranking/search; cannot be attributed solely to score,2208,results/offline_coverage_v2/object_2004/middle,9.434641300002113,,2208,1.0,0.0,1.0,0.0,6.637924667140446e-06,0.0,6.637924667140446e-06,0,16,2208,True,5.1643690689369905e-06,2004,,0.0,False,middle,465,465,abda3cca5437eab6fc73aabda0fa265f1acf64ebe493f36e31955b9e0d6bc8fa,COMPLETED,6.637924667140446e-06,6.637924667140446e-06,3,LOCAL_3ACTION_BUDGET_COMPLETE,13248,78.3230160002131
-2.7629633915690583e-06,1.187073907771187e-05,0.2013071000110358,5.265903505434609e-06,5.265903505434609e-06,48,"[4, 32, 64, 96, 128, 144, 5, 33, 65, 97, 129, 145]",0.48699355638666003,0.48699355638666003,VERIFIED,COMPLETE,Trajectory gap includes candidate coverage/ranking/search; cannot be attributed solely to score,600,results/offline_coverage_v2/object_2004/late,2.8613266999600455,,600,0.9472587565176859,5.702956338789576e-07,0.9472587565176859,5.702956338789576e-07,1.0242790979640054e-05,5.702956338789576e-07,1.0242790979640054e-05,0,4,600,True,1.4633702469280928e-05,2004,,5.547183108084402e-06,False,late,27,27,27c43dcab1fec3e2af13edab6d695689fc3d110a6bba2c443cff96d3f306a649,COMPLETED,1.0813086613519011e-05,1.0813086613519011e-05,2,NUMERICAL_LOCAL_1SWAP_STOP_NO_DETERMINISTIC_BOUND,3600,21.55857430008473
1.3105875155948525e-06,2.2501289859865256e-06,0.38273620000109076,1.8875941283971136e-06,1.8875941283971136e-06,96,"[8, 32, 64, 96, 128, 144, 9, 33, 65, 97, 129, 145]",0.6729515629324198,0.6729515629324198,VERIFIED,COMPLETE,Trajectory gap includes candidate coverage/ranking/search; cannot be attributed solely to score,1168,results/offline_coverage_v2/object_2004/late,4.012264499964658,,1168,1.0,0.0,1.0,0.0,2.8049479819495903e-06,0.0,2.8049479819495903e-06,0,8,1168,True,9.395414703916732e-07,2004,,9.173538535524767e-07,False,late,307,307,246524d8a587e4e275300817d49368727d4192ba9b4d59c1cdaeca1f546a2635,COMPLETED,2.8049479819495903e-06,2.8049479819495903e-06,2,NUMERICAL_LOCAL_1SWAP_STOP_NO_DETERMINISTIC_BOUND,7008,41.77726679999614
-1.7905163978705764e-09,1.753051181430171e-07,0.7479386000195518,3.019869574992123e-08,3.019869574992123e-08,192,"[16, 32, 64, 96, 128, 144, 17, 33, 65, 97, 129, 145]",0.3470426361521895,0.3470426361521895,VERIFIED,COMPLETE,Trajectory gap includes candidate coverage/ranking/search; cannot be attributed solely to score,2208,results/offline_coverage_v2/object_2004/late,9.476601900008973,,2208,0.6006900175292585,3.474685647919121e-08,0.6006900175292585,3.474685647919121e-08,5.2270393288004894e-08,3.474685647919121e-08,5.2270393288004894e-08,0,16,2208,True,1.7709563454088767e-07,2004,,5.681855401727487e-08,False,late,434,434,56893f81f0cff8ac9397483584a173315be5c767c10b7b4a65bd0f3486e51cfd,COMPLETED,8.70172497671961e-08,8.70172497671961e-08,3,LOCAL_3ACTION_BUDGET_COMPLETE,13248,78.82248200057074
6.348149336566425e-05,0.00013986883173426005,0.03369040001416579,0.00016387695063417907,0.00016387695063417907,48,"[4, 32, 64, 96, 128, 144, 5, 33, 65, 97, 129, 145]",0.7156244482517914,0.7156244482517914,VERIFIED,COMPLETE,Trajectory gap includes candidate coverage/ranking/search; cannot be attributed solely to score,600,results/offline_coverage_v2/object_2005/early,1.0560998999862932,,600,1.0,0.0,1.0,0.0,0.00022899853552308934,0.0,0.00022899853552308934,0,4,600,True,7.63873383685958e-05,2005,,6.512158488891027e-05,False,early,125,125,2c5c0f3ceab7358fdc179a58f7cfdddf7a06a70d79cde0ff33bf7a75cb55dd09,COMPLETED,0.00022899853552308934,0.00022899853552308934,1,NUMERICAL_LOCAL_1SWAP_STOP_NO_DETERMINISTIC_BOUND,0,0.021562900277785957
8.115005832668404e-05,9.617038735606382e-05,0.06483530002878979,2.9396181321709093e-05,2.9396181321709093e-05,96,"[8, 32, 64, 96, 128, 144, 9, 33, 65, 97, 129, 145]",0.2768695117861046,0.2768695117861046,VERIFIED,COMPLETE,Trajectory gap includes candidate coverage/ranking/search; cannot be attributed solely to score,1168,results/offline_coverage_v2/object_2005/early,2.458968599967193,,1168,1.0,0.0,1.0,0.0,0.0001061734140825845,0.0,0.0001061734140825845,0,8,1168,True,1.5020329029379782e-05,2005,,7.677723276087542e-05,False,early,256,256,ee797a64c341b901a4d3a48dfa353976be6c4b7126ac34e6204c00dd83f81486,COMPLETED,0.0001061734140825845,0.0001061734140825845,3,LOCAL_3ACTION_BUDGET_COMPLETE,0,0.0424874997115694
2.312964840452989e-06,9.625647265907886e-06,0.13067169999703765,1.1166397179733351e-05,1.1166397179733351e-05,192,"[16, 32, 64, 96, 128, 144, 17, 33, 65, 97, 129, 145]",0.9321912210124816,0.9321912210124816,VERIFIED,COMPLETE,Trajectory gap includes candidate coverage/ranking/search; cannot be attributed solely to score,2208,results/offline_coverage_v2/object_2005/early,6.870825799996965,,2208,1.0,0.0,1.0,0.0,1.1978655160048796e-05,0.0,1.1978655160048796e-05,0,16,2208,True,7.312682425454897e-06,2005,,8.122579803154447e-07,False,early,370,370,7273fc68539f9ac90b6e77c51d5f4addbe93051aa4cc618c1b3f644972e8330c,COMPLETED,1.1978655160048796e-05,1.1978655160048796e-05,3,LOCAL_3ACTION_BUDGET_COMPLETE,0,0.07845010003075004
2.698407939627601e-07,5.843592285823263e-06,0.03633460000855848,0.00018932432989984886,0.00018932432989984886,48,"[4, 32, 64, 96, 128, 144, 5, 33, 65, 97, 129, 145]",0.9422952343875749,0.9422952343875749,VERIFIED,COMPLETE,Trajectory gap includes candidate coverage/ranking/search; cannot be attributed solely to score,600,results/offline_coverage_v2/object_2005/middle,1.0806903000338934,,600,1.0,0.0,1.0,0.0,0.00020091827167405369,0.0,0.00020091827167405369,0,4,600,True,5.573751491860503e-06,2005,,1.1593941774204827e-05,False,middle,468,468,14b157ee4124b4f102cffd07ca05fa4250f3687b0ecc7fa858c0ca155f73c715,COMPLETED,0.00020091827167405369,0.00020091827167405369,3,LOCAL_3ACTION_BUDGET_COMPLETE,0,0.01411529997130856
3.20662849032603e-06,6.695910936717088e-06,0.07053409999934956,2.3308346425400134e-05,2.3308346425400134e-05,96,"[8, 32, 64, 96, 128, 144, 9, 33, 65, 97, 129, 145]",0.7166243245323703,0.7166243245323703,VERIFIED,COMPLETE,Trajectory gap includes candidate coverage/ranking/search; cannot be attributed solely to score,1168,results/offline_coverage_v2/object_2005/middle,2.4318826000089757,,1168,1.0,0.0,1.0,0.0,3.252519573712472e-05,0.0,3.252519573712472e-05,0,8,1168,True,3.4892824463910584e-06,2005,,9.216849311724588e-06,False,middle,503,503,5dc9e870c2f520980828e72a6cbd0322b9121b503aea885578b7ca1f08cda2d5,COMPLETED,3.252519573712472e-05,3.252519573712472e-05,3,LOCAL_3ACTION_BUDGET_COMPLETE,0,0.03797669988125563
5.45262075053195e-07,1.6753292513109134e-06,0.1302863000310026,5.167322120032253e-06,5.167322120032253e-06,192,"[16, 32, 64, 96, 128, 144, 17, 33, 65, 97, 129, 145]",0.9641483532075167,0.9641483532075167,VERIFIED,COMPLETE,Trajectory gap includes candidate coverage/ranking/search; cannot be attributed solely to score,2208,results/offline_coverage_v2/object_2005/middle,6.858870399999432,,2208,0.9978484796112737,1.1531004393027563e-08,0.9978484796112737,1.1531004393027563e-08,5.347936864676779e-06,1.1531004393027563e-08,5.347936864676779e-06,0,16,2208,True,1.1300671762577184e-06,2005,,1.9214574903755413e-07,False,middle,894,894,703e5fb0ad0b5b063c2878c595c6bcffd6fd52ca4a79c165cb67d33cd151c1f6,COMPLETED,5.359467869069807e-06,5.359467869069807e-06,3,LOCAL_3ACTION_BUDGET_COMPLETE,0,0.07938760018441826
1.2783470684712387e-05,3.743575525597648e-05,0.033166600042022765,0.00014621765816970835,0.00014621765816970835,48,"[4, 32, 64, 96, 128, 144, 5, 33, 65, 97, 129, 145]",0.8648097834261578,0.8648097834261578,VERIFIED,COMPLETE,Trajectory gap includes candidate coverage/ranking/search; cannot be attributed solely to score,600,results/offline_coverage_v2/object_2005/late,1.0587871999596246,,600,1.0,0.0,1.0,0.0,0.0001690749352885798,0.0,0.0001690749352885798,0,4,600,True,2.4652284571264096e-05,2005,,2.2857277118871458e-05,False,late,239,239,3fd5b42273e8466532726f302fb015c577aeea6ab202f44815e6499d74ba2404,COMPLETED,0.0001690749352885798,0.0001690749352885798,3,LOCAL_3ACTION_BUDGET_COMPLETE,0,0.02053870022064075
9.86139294781694e-06,1.6758051781629936e-05,0.06797719997121021,3.317251671625474e-05,3.317251671625474e-05,96,"[8, 32, 64, 96, 128, 144, 9, 33, 65, 97, 129, 145]",0.6667314916664501,0.6667314916664501,VERIFIED,COMPLETE,Trajectory gap includes candidate coverage/ranking/search; cannot be attributed solely to score,1168,results/offline_coverage_v2/object_2005/late,2.466480800008867,,1168,1.0,0.0,1.0,0.0,4.975393712593699e-05,0.0,4.975393712593699e-05,0,8,1168,True,6.896658833812996e-06,2005,,1.658142040968225e-05,False,late,509,509,0a0679ad9064f8b7ffef205bf222b82532e12cdf9cc6a8b2c3b8422c899a8590,COMPLETED,4.975393712593699e-05,4.975393712593699e-05,3,LOCAL_3ACTION_BUDGET_COMPLETE,0,0.040211199899204075
1.6537736965719703e-06,3.021876663256418e-06,0.12934649997623637,7.35133672284784e-06,7.35133672284784e-06,192,"[16, 32, 64, 96, 128, 144, 17, 33, 65, 97, 129, 145]",0.9081307377636452,0.9081307377636452,VERIFIED,COMPLETE,Trajectory gap includes candidate coverage/ranking/search; cannot be attributed solely to score,2208,results/offline_coverage_v2/object_2005/late,6.884522599983029,,2208,0.9864733735788718,1.0949831495711842e-07,0.9864733735788718,1.0949831495711842e-07,7.98552194715974e-06,1.0949831495711842e-07,7.98552194715974e-06,0,16,2208,True,1.3681029666844478e-06,2005,,7.436835392690192e-07,False,late,932,932,47e8e95360bafad9f8e69be32af1bd6957a305eea38205542011cb87971734cb,COMPLETED,8.095020262116859e-06,8.095020262116859e-06,3,LOCAL_3ACTION_BUDGET_COMPLETE,0,0.0791608999716118
0.0002961602903964603,0.0008015239047453787,0.20103960001142696,0.0016255936579974155,0.0016255936579974155,48,"[4, 32, 64, 96, 128, 144, 5, 33, 65, 97, 129, 145]",0.9123842053094056,0.9123842053094056,VERIFIED,COMPLETE,Trajectory gap includes candidate coverage/ranking/search; cannot be attributed solely to score,600,results/offline_coverage_v2/object_2006/early,2.994194399972912,,600,1.0,0.0,1.0,0.0,0.0017816985964220502,0.0,0.0017816985964220502,0,4,600,True,0.0005053636143489184,2006,,0.00015610493842463467,False,early,23,23,a7338bc91150b023e68af9a8f495c22a6f1ae5ffd106ac940710d2abeb0c8466,COMPLETED,0.0017816985964220502,0.0017816985964220502,2,NUMERICAL_LOCAL_1SWAP_STOP_NO_DETERMINISTIC_BOUND,3600,21.543736099964008
0.0005272741286996296,0.0006770892181272258,0.3804229999659583,0.00027910158340433105,0.00027910158340433105,96,"[8, 32, 64, 96, 128, 144, 9, 33, 65, 97, 129, 145]",0.4546640829071148,0.4546640829071148,VERIFIED,COMPLETE,Trajectory gap includes candidate coverage/ranking/search; cannot be attributed solely to score,1168,results/offline_coverage_v2/object_2006/early,3.927263799996581,,1168,1.0,0.0,1.0,0.0,0.0006138632759811597,0.0,0.0006138632759811597,0,8,1168,True,0.00014981508942759622,2006,,0.0003347616925768286,False,early,440,440,fe857e6768e78bbffecdb507aa6864f5f0375218a33003ccc777b74804cefae0,COMPLETED,0.0006138632759811597,0.0006138632759811597,3,LOCAL_3ACTION_BUDGET_COMPLETE,7008,41.45045669993851
5.261324447395716e-05,7.857059930365609e-05,0.8075553000089712,3.927271416523716e-05,3.927271416523716e-05,192,"[16, 32, 64, 96, 128, 144, 17, 33, 65, 97, 129, 145]",0.6856469251495882,0.6856469251495882,VERIFIED,COMPLETE,Trajectory gap includes candidate coverage/ranking/search; cannot be attributed solely to score,2208,results/offline_coverage_v2/object_2006/early,9.48579000000609,,2208,1.0,0.0,1.0,0.0,5.7278334846566974e-05,0.0,5.7278334846566974e-05,0,16,2208,True,2.595735482969893e-05,2006,,1.8005620681329813e-05,False,early,205,205,cde62dc48312c22b5f3e16c1e79a34821b56cdb8f69cecdf6ca501ff77f6606d,COMPLETED,5.7278334846566974e-05,5.7278334846566974e-05,3,LOCAL_3ACTION_BUDGET_COMPLETE,13248,78.79672729963204
-3.4818630787362953e-05,0.00022648881037370003,0.20145730004878715,0.0021397591262558606,0.0021397591262558606,48,"[4, 32, 64, 96, 128, 144, 5, 33, 65, 97, 129, 145]",1.0,1.0,VERIFIED,COMPLETE,Trajectory gap includes candidate coverage/ranking/search; cannot be attributed solely to score,600,results/offline_coverage_v2/object_2006/middle,2.9041159999906085,,600,1.0,0.0,1.0,0.0,0.0021397591262558606,0.0,0.0021397591262558606,0,4,600,True,0.000261307441161063,2006,,0.0,False,middle,225,225,be0b805aa7511590d7fd10a2cb03717ed414902c5a5873783f6aee12fa2bab15,COMPLETED,0.0021397591262558606,0.0021397591262558606,3,LOCAL_3ACTION_BUDGET_COMPLETE,3600,21.247814099828247
1.5616791779692003e-05,0.00016676828930475127,0.3794099999940954,0.0007232294791372244,0.0007232294791372244,96,"[8, 32, 64, 96, 128, 144, 9, 33, 65, 97, 129, 145]",0.9138029062821549,0.9138029062821549,VERIFIED,COMPLETE,Trajectory gap includes candidate coverage/ranking/search; cannot be attributed solely to score,1168,results/offline_coverage_v2/object_2006/middle,4.056632300023921,,1168,1.0,0.0,1.0,0.0,0.0007914501848978722,0.0,0.0007914501848978722,0,8,1168,True,0.00015115149752505927,2006,,6.822070576064775e-05,False,middle,775,775,8ffb195b3cc91ce6886607d897cae198ef8719a393e99e859af126d374aa5730,COMPLETED,0.0007914501848978722,0.0007914501848978722,3,LOCAL_3ACTION_BUDGET_COMPLETE,7008,41.453890799894
2.170309171336203e-05,7.837874558296161e-05,0.7936458999756724,7.091977629509102e-05,7.091977629509102e-05,192,"[16, 32, 64, 96, 128, 144, 17, 33, 65, 97, 129, 145]",1.0,1.0,VERIFIED,COMPLETE,Trajectory gap includes candidate coverage/ranking/search; cannot be attributed solely to score,2208,results/offline_coverage_v2/object_2006/middle,9.472760399978142,,2208,1.0,0.0,1.0,0.0,7.091977629509102e-05,0.0,7.091977629509102e-05,0,16,2208,True,5.667565386959958e-05,2006,,0.0,False,middle,459,459,34b44a6c32d12753b88884545ae800cd658eddae2e5139325bda60d502a85793,COMPLETED,7.091977629509102e-05,7.091977629509102e-05,3,LOCAL_3ACTION_BUDGET_COMPLETE,13248,78.01343319989974
2.975158989439484e-05,0.00039206568421616916,0.070361599966418,0.0020127983357622597,0.0020127983357622597,10,"[4, 32, 64, 96, 128, 144, 5, 33, 65, 97, 129, 145]",0.8990250157416053,0.8990250157416053,VERIFIED,COMPLETE,Trajectory gap includes candidate coverage/ranking/search; cannot be attributed solely to score,600,results/offline_coverage_v2/object_2006/late,2.856172300002072,,194,1.0,0.0,1.0,0.0,0.0022388679964615928,0.0,0.0022388679964615928,406,4,194,True,0.0003623140943217743,2006,,0.0002260696606993331,False,late,139,139,8100900b4a5607903a03943a97a81f5aeec53bf1d7f75df65cfc70c22214c610,COMPLETED,0.0022388679964615928,0.0022388679964615928,3,LOCAL_3ACTION_BUDGET_COMPLETE,1164,7.066174999927171
8.653654929092472e-05,0.00035888352690207514,0.08616539998911321,0.0012958349235272003,0.0012958349235272003,17,"[8, 32, 64, 96, 128, 144, 9, 33, 65, 97, 129, 145]",0.8673777281462377,0.8673777281462377,VERIFIED,COMPLETE,Trajectory gap includes candidate coverage/ranking/search; cannot be attributed solely to score,1168,results/offline_coverage_v2/object_2006/late,3.7972075999714434,,243,1.0,0.0,1.0,0.0,0.0014939684078546294,0.0,0.0014939684078546294,925,8,243,True,0.0002723469776111504,2006,,0.00019813348432742915,False,late,236,236,cc29b87fc892f64a2ad9bb8552fb30d11f6da6f1db20a2257ebf0d18d5121b93,COMPLETED,0.0014939684078546294,0.0014939684078546294,3,LOCAL_3ACTION_BUDGET_COMPLETE,1458,8.659103199956007
1.501481883013628e-05,0.00013168506912137717,0.12212959997123107,0.00019484065519736668,0.00019484065519736668,29,"[16, 32, 64, 96, 128, 144, 17, 33, 65, 97, 129, 145]",0.8875773058046563,0.8875773058046563,VERIFIED,COMPLETE,Trajectory gap includes candidate coverage/ranking/search; cannot be attributed solely to score,2208,results/offline_coverage_v2/object_2006/late,9.226856099965516,,369,0.8397236936757618,3.518379788734858e-05,0.8397236936757618,3.518379788734858e-05,0.00018433584724455215,3.518379788734858e-05,0.00018433584724455215,1839,16,369,True,0.00011667025029124089,2006,,2.467898993453404e-05,False,late,175,175,929db4b436a9e3f503f22a8fab24e423cafd9407da2bf3f54a84b06e4c5265c9,COMPLETED,0.00021951964513190072,0.00021951964513190072,3,LOCAL_3ACTION_BUDGET_COMPLETE,2214,13.267497799824923
4.984581401185881e-05,0.00015154494626904965,0.2012624000199139,0.00015697615245220987,0.00015697615245220987,48,"[4, 32, 64, 96, 128, 144, 5, 33, 65, 97, 129, 145]",1.0,1.0,VERIFIED,COMPLETE,Trajectory gap includes candidate coverage/ranking/search; cannot be attributed solely to score,600,results/offline_coverage_v2/object_2008/early,2.883270399994217,,600,1.0,0.0,1.0,0.0,0.00015697615245220987,0.0,0.00015697615245220987,0,4,600,True,0.00010169913225719084,2008,,0.0,False,early,17,17,09fd49b48883a4c3b455e288debc68fee41a55491275a7c7aa09f77e288060db,COMPLETED,0.00015697615245220987,0.00015697615245220987,2,NUMERICAL_LOCAL_1SWAP_STOP_NO_DETERMINISTIC_BOUND,3600,21.457973100245
7.80519640244469e-05,0.0001117892193807789,0.3888664999976754,4.4341077898775844e-05,4.4341077898775844e-05,96,"[8, 32, 64, 96, 128, 144, 9, 33, 65, 97, 129, 145]",0.5403854018202799,0.5403854018202799,VERIFIED,COMPLETE,Trajectory gap includes candidate coverage/ranking/search; cannot be attributed solely to score,1168,results/offline_coverage_v2/object_2008/early,3.9822166999801993,,1168,1.0,0.0,1.0,0.0,8.205454431117791e-05,0.0,8.205454431117791e-05,0,8,1168,True,3.373725535633199e-05,2008,,3.771346641240207e-05,False,early,212,212,0f4f8ea5f49dd76b9a3034247fb2c6ec80296cb385c8381102bf5a1601d6c294,COMPLETED,8.205454431117791e-05,8.205454431117791e-05,2,NUMERICAL_LOCAL_1SWAP_STOP_NO_DETERMINISTIC_BOUND,7008,41.46932929987088
5.156148178382585e-06,2.3060569558606908e-05,0.8141396000282839,7.305082418533956e-06,7.305082418533956e-06,192,"[16, 32, 64, 96, 128, 144, 17, 33, 65, 97, 129, 145]",0.9281912937364953,0.9281912937364953,VERIFIED,COMPLETE,Trajectory gap includes candidate coverage/ranking/search; cannot be attributed solely to score,2208,results/offline_coverage_v2/object_2008/early,9.49432609998621,,2208,0.6414348183232387,2.8219917836343673e-06,0.6414348183232387,2.8219917836343673e-06,5.048241936320993e-06,2.8219917836343673e-06,5.048241936320993e-06,0,16,2208,True,1.7904421380224323e-05,2008,,5.651513014214044e-07,False,early,199,199,185ce9a5529d63e41b792bc97e04b716df9b1848296e60084dcf8e81222c5662,COMPLETED,7.87023371995536e-06,7.87023371995536e-06,3,LOCAL_3ACTION_BUDGET_COMPLETE,13248,78.47104759979993
1.346043345091873e-06,1.816963749778351e-05,0.19435330003034323,0.00011192804330699494,0.00011192804330699494,48,"[4, 32, 64, 96, 128, 144, 5, 33, 65, 97, 129, 145]",1.0,1.0,VERIFIED,COMPLETE,Trajectory gap includes candidate coverage/ranking/search; cannot be attributed solely to score,600,results/offline_coverage_v2/object_2008/middle,2.954953900014516,,600,1.0,0.0,1.0,0.0,0.00011192804330699494,0.0,0.00011192804330699494,0,4,600,True,1.6823594152691637e-05,2008,,0.0,False,middle,311,311,5902abc9d53108209770c209d20dac786d509241ced95a10c8d72c097e525a1d,COMPLETED,0.00011192804330699494,0.00011192804330699494,3,LOCAL_3ACTION_BUDGET_COMPLETE,3600,21.22011389990803
8.214347122977799e-06,2.2428952031255953e-05,0.3693842999637127,2.9210373869577936e-05,2.9210373869577936e-05,96,"[8, 32, 64, 96, 128, 144, 9, 33, 65, 97, 129, 145]",0.8494635311167541,0.8494635311167541,VERIFIED,COMPLETE,Trajectory gap includes candidate coverage/ranking/search; cannot be attributed solely to score,1168,results/offline_coverage_v2/object_2008/middle,3.9816366000450216,,1168,0.9822914910064696,6.089398183978196e-07,0.9822914910064696,6.089398183978196e-07,3.377790882144465e-05,6.089398183978196e-07,3.377790882144465e-05,0,8,1168,True,1.4214604908278154e-05,2008,,5.176474770264531e-06,False,middle,554,554,e86637be52e438e2edb5549e44ccc16a4b9e9640fe8fa577ae67a27d5b2810a0,COMPLETED,3.4386848639842467e-05,3.4386848639842467e-05,3,LOCAL_3ACTION_BUDGET_COMPLETE,7008,41.030978300084826
2.1164046095808883e-06,5.077129078832827e-06,0.7603488999884576,8.224160681812839e-06,8.224160681812839e-06,192,"[16, 32, 64, 96, 128, 144, 17, 33, 65, 97, 129, 145]",1.0,1.0,VERIFIED,COMPLETE,Trajectory gap includes candidate coverage/ranking/search; cannot be attributed solely to score,2208,results/offline_coverage_v2/object_2008/middle,9.483176800014917,,2208,0.965015584264352,2.8771745636931104e-07,0.965015584264352,2.8771745636931104e-07,7.936443225443528e-06,2.8771745636931104e-07,7.936443225443528e-06,0,16,2208,True,2.960724469251939e-06,2008,,0.0,False,middle,691,691,9e23c55375b2f380a3e5245d1c8b1cd3656410eee2c4b49af1274f791bb4131d,COMPLETED,8.224160681812839e-06,8.224160681812839e-06,3,LOCAL_3ACTION_BUDGET_COMPLETE,13248,78.55205169989495
1.198003178694554e-06,6.9315003283181676e-06,0.12998639995930716,2.8814538458278756e-06,2.8814538458278756e-06,39,"[4, 32, 64, 96, 128, 144, 5, 33, 65, 97, 129, 145]",1.0,1.0,VERIFIED,COMPLETE,Trajectory gap includes candidate coverage/ranking/search; cannot be attributed solely to score,600,results/offline_coverage_v2/object_2008/late,2.911080399993807,,385,1.0,0.0,1.0,0.0,2.8814538458278756e-06,0.0,2.8814538458278756e-06,215,4,385,True,5.7334971496236136e-06,2008,,0.0,False,late,7,7,60d20a299fc160792fef25b98c5539012401b280512b307e1e939778246def01,COMPLETED,2.8814538458278756e-06,2.8814538458278756e-06,2,NUMERICAL_LOCAL_1SWAP_STOP_NO_DETERMINISTIC_BOUND,2310,13.851877299835905
5.220885517300572e-07,1.4903312246447417e-06,0.27521719998912886,1.574705584907758e-06,1.574705584907758e-06,59,"[8, 32, 64, 96, 128, 144, 9, 33, 65, 97, 129, 145]",0.7258818951986479,0.7258818951986479,VERIFIED,COMPLETE,Trajectory gap includes candidate coverage/ranking/search; cannot be attributed solely to score,1168,results/offline_coverage_v2/object_2008/late,4.08160770003451,,864,0.9435403982205827,1.2248170237030883e-07,0.9435403982205827,1.2248170237030883e-07,2.0468871651047748e-06,1.2248170237030883e-07,2.0468871651047748e-06,304,8,864,True,9.682426729146845e-07,2008,,5.946632825673255e-07,False,late,243,243,06f3dde084fa6e7cf0ee1f691a4c3a8977fcdaab4aaf2e96847613eb2a6ae7e7,COMPLETED,2.1693688674750836e-06,2.1693688674750836e-06,3,LOCAL_3ACTION_BUDGET_COMPLETE,5184,30.80412379989866
2.3362744823128856e-07,6.577366348503976e-07,0.5453049999778159,2.021920935407201e-07,2.021920935407201e-07,140,"[16, 32, 64, 96, 128, 144, 17, 33, 65, 97, 129, 145]",0.8079617094557147,0.8079617094557147,VERIFIED,COMPLETE,Trajectory gap includes candidate coverage/ranking/search; cannot be attributed solely to score,2208,results/offline_coverage_v2/object_2008/late,9.473503399989568,,1678,0.5337975203819088,1.1666698342840641e-07,0.5337975203819088,1.1666698342840641e-07,1.335826152523619e-07,1.1666698342840641e-07,1.335826152523619e-07,530,16,1678,True,4.24109186619109e-07,2008,,4.8057505140048186e-08,False,late,545,545,780b954547cfcb22e972b5380229224657db6073bc51982173316edb064497bc,COMPLETED,2.502495986807683e-07,2.502495986807683e-07,3,LOCAL_3ACTION_BUDGET_COMPLETE,10068,59.84028459986439
0.00044279311610825596,0.0006596904975225382,0.03477279999060556,0.0003645220887094996,0.0003645220887094996,48,"[4, 32, 64, 96, 128, 144, 5, 33, 65, 97, 129, 145]",0.8038723683223336,0.8038723683223336,VERIFIED,COMPLETE,Trajectory gap includes candidate coverage/ranking/search; cannot be attributed solely to score,600,results/offline_coverage_v2/object_2009/early,1.0696380999870598,,600,1.0,0.0,1.0,0.0,0.00045345766700533605,0.0,0.00045345766700533605,0,4,600,True,0.00021689738141428229,2009,,8.893557829583646e-05,False,early,90,90,1e49066d8023f7fc163b501396ad9fb4506fd984b5f987d203b2c8adbd152cd1,COMPLETED,0.00045345766700533605,0.00045345766700533605,3,LOCAL_3ACTION_BUDGET_COMPLETE,0,0.01888200012035668
0.00025453448204343544,0.00031414980864326856,0.06589620001614094,0.00011706800495881345,0.00011706800495881345,96,"[8, 32, 64, 96, 128, 144, 9, 33, 65, 97, 129, 145]",0.24501404497342164,0.24501404497342164,VERIFIED,COMPLETE,Trajectory gap includes candidate coverage/ranking/search; cannot be attributed solely to score,1168,results/offline_coverage_v2/object_2009/early,2.4545417000190355,,1168,1.0,0.0,1.0,0.0,0.000477801201035282,0.0,0.000477801201035282,0,8,1168,True,5.9615326599833134e-05,2009,,0.00036073319607646856,False,early,286,286,2b8a708e202f448ba6101e4a05d7dd591180d1ba74c7f46138434f0bb4ee14f6,COMPLETED,0.000477801201035282,0.000477801201035282,3,LOCAL_3ACTION_BUDGET_COMPLETE,0,0.04269320040475577
1.707512268866996e-05,3.719825007097843e-05,0.13087260001339018,3.4972958959184e-05,3.4972958959184e-05,192,"[16, 32, 64, 96, 128, 144, 17, 33, 65, 97, 129, 145]",0.7083856979399239,0.7083856979399239,VERIFIED,COMPLETE,Trajectory gap includes candidate coverage/ranking/search; cannot be attributed solely to score,2208,results/offline_coverage_v2/object_2009/early,6.846379800001159,,2208,0.9735131102001359,1.3076561435683244e-06,0.9735131102001359,1.3076561435683244e-06,4.806228322828776e-05,1.3076561435683244e-06,4.806228322828776e-05,0,16,2208,True,2.012312738230847e-05,2009,,1.4396980412672083e-05,False,early,392,392,e09f96597916e486e7230b056899cc35f69ddcad8e3f49255d0d7d7aea700699,COMPLETED,4.9369939371856086e-05,4.9369939371856086e-05,3,LOCAL_3ACTION_BUDGET_COMPLETE,0,0.07231450005201623
1.3307332074717245e-05,4.1752424259065734e-05,0.029826000041794032,0.0001179591883684577,0.0001179591883684577,48,"[4, 32, 64, 96, 128, 144, 5, 33, 65, 97, 129, 145]",1.0,1.0,VERIFIED,COMPLETE,Trajectory gap includes candidate coverage/ranking/search; cannot be attributed solely to score,600,results/offline_coverage_v2/object_2009/middle,1.0684995999909006,,600,1.0,0.0,1.0,0.0,0.0001179591883684577,0.0,0.0001179591883684577,0,4,600,True,2.844509218434849e-05,2009,,0.0,False,middle,434,434,1d6afe6df110c6a87e4aa8cf5a3a5b3b591d0dbf6ab980e21a9e661a98c045b3,COMPLETED,0.0001179591883684577,0.0001179591883684577,3,LOCAL_3ACTION_BUDGET_COMPLETE,0,0.021908100170549005
1.3948706720975724e-05,2.4626216980815976e-05,0.06524080003146082,1.6199838278972267e-05,1.6199838278972267e-05,96,"[8, 32, 64, 96, 128, 144, 9, 33, 65, 97, 129, 145]",0.7615238383037717,0.7615238383037717,VERIFIED,COMPLETE,Trajectory gap includes candidate coverage/ranking/search; cannot be attributed solely to score,1168,results/offline_coverage_v2/object_2009/middle,2.4825800999533385,,1168,1.0,0.0,1.0,0.0,2.1272923399293714e-05,0.0,2.1272923399293714e-05,0,8,1168,True,1.0677510259840251e-05,2009,,5.0730851203214465e-06,False,middle,435,435,e6d779df5ea7896b3407b35d74ddff131421cfd557a3433e0427e2280462ed06,COMPLETED,2.1272923399293714e-05,2.1272923399293714e-05,3,LOCAL_3ACTION_BUDGET_COMPLETE,0,0.04270099988207221
3.4210178953204797e-06,5.895901606719232e-06,0.12853980000363663,2.010635651797995e-06,2.010635651797995e-06,192,"[16, 32, 64, 96, 128, 144, 17, 33, 65, 97, 129, 145]",0.9041508086317516,0.9041508086317516,VERIFIED,COMPLETE,Trajectory gap includes candidate coverage/ranking/search; cannot be attributed solely to score,2208,results/offline_coverage_v2/object_2009/middle,6.835195899999235,,2208,0.6554710153164569,7.66157872192573e-07,0.6554710153164569,7.66157872192573e-07,1.4576256300759071e-06,7.66157872192573e-07,1.4576256300759071e-06,0,16,2208,True,2.474883711398752e-06,2009,,2.1314785047048515e-07,False,middle,489,489,8ebf2e9160417bbc9ce50b131e9f2e33bee4feabee0f121438727c10003ebe8e,COMPLETED,2.22378350226848e-06,2.22378350226848e-06,3,LOCAL_3ACTION_BUDGET_COMPLETE,0,0.07786409993423149
0.00010177420168392846,0.00016888086056069583,0.03351660002954304,0.00018982353356269683,0.00018982353356269683,48,"[4, 32, 64, 96, 128, 144, 5, 33, 65, 97, 129, 145]",0.8408621795447366,0.8408621795447366,VERIFIED,COMPLETE,Trajectory gap includes candidate coverage/ranking/search; cannot be attributed solely to score,600,results/offline_coverage_v2/object_2009/late,1.0404645000235178,,600,1.0,0.0,1.0,0.0,0.00022574868769275832,0.0,0.00022574868769275832,0,4,600,True,6.710665887676737e-05,2009,,3.592515413006149e-05,False,late,160,160,1d09c72e1447ae7472519a4804bef3c73198499c78727188a876048e1b9af06b,COMPLETED,0.00022574868769275832,0.00022574868769275832,3,LOCAL_3ACTION_BUDGET_COMPLETE,0,0.018865499936509877
1.4286140961403345e-05,4.1387413980273146e-05,0.07314669998595491,0.00010421661041091808,0.00010421661041091808,96,"[8, 32, 64, 96, 128, 144, 9, 33, 65, 97, 129, 145]",0.8774908996837469,0.8774908996837469,VERIFIED,COMPLETE,Trajectory gap includes candidate coverage/ranking/search; cannot be attributed solely to score,1168,results/offline_coverage_v2/object_2009/late,2.4554246999905445,,1168,0.9762788633713909,2.8172787380688374e-06,0.9762788633713909,2.8172787380688374e-06,0.00011594932094801153,2.8172787380688374e-06,0.00011594932094801153,0,8,1168,True,2.71012730188698e-05,2009,,1.454998927516229e-05,False,late,535,535,5fba5c400cf281bc755053729004aa4c89faaa98ef88dd62765a088fdb0b86e8,COMPLETED,0.00011876659968608037,0.00011876659968608037,3,LOCAL_3ACTION_BUDGET_COMPLETE,0,0.04040459991665557
4.6368006283192895e-06,8.38505971920059e-06,0.12371820001862943,3.7776557836421726e-06,3.7776557836421726e-06,192,"[16, 32, 64, 96, 128, 144, 17, 33, 65, 97, 129, 145]",1.0,1.0,VERIFIED,COMPLETE,Trajectory gap includes candidate coverage/ranking/search; cannot be attributed solely to score,2208,results/offline_coverage_v2/object_2009/late,6.9086424999986775,,2208,0.6647055495573966,1.2666270199376245e-06,0.6647055495573966,1.2666270199376245e-06,2.511028763704548e-06,1.2666270199376245e-06,2.511028763704548e-06,0,16,2208,True,3.7482590908813003e-06,2009,,0.0,False,late,414,414,5af641b055ef001c3dfa82afce2c7bc4eb8794552e6aa7a1cf99c89d788525ff,COMPLETED,3.7776557836421726e-06,3.7776557836421726e-06,3,LOCAL_3ACTION_BUDGET_COMPLETE,0,0.07778760010842234
0.0005021995440888937,0.0006556559736406981,0.2231305000022985,0.0005154403200056471,0.0005154403200056471,48,"[4, 32, 64, 96, 128, 144, 5, 33, 65, 97, 129, 145]",0.634221895800159,0.634221895800159,VERIFIED,COMPLETE,Trajectory gap includes candidate coverage/ranking/search; cannot be attributed solely to score,600,results/offline_coverage_v2/object_2010/early,2.9159720999887213,,600,1.0,0.0,1.0,0.0,0.000812712906033223,0.0,0.000812712906033223,0,4,600,True,0.00015345642955180445,2010,,0.00029727258602757587,False,early,48,48,08bf54d149c38db20b9be92e74589b6d3e4ccb191701ecdcd59724dd3440c3f2,COMPLETED,0.000812712906033223,0.000812712906033223,2,NUMERICAL_LOCAL_1SWAP_STOP_NO_DETERMINISTIC_BOUND,3600,21.24888929980807
0.0005477324402184156,0.0006172700389225665,0.3789369000005536,0.00011565653650740707,0.00011565653650740707,96,"[8, 32, 64, 96, 128, 144, 9, 33, 65, 97, 129, 145]",0.19475008353802248,0.19475008353802248,VERIFIED,COMPLETE,Trajectory gap includes candidate coverage/ranking/search; cannot be attributed solely to score,1168,results/offline_coverage_v2/object_2010/early,4.012286600016523,,1168,1.0,0.0,1.0,0.0,0.0005938715630118156,0.0,0.0005938715630118156,0,8,1168,True,6.95375987041509e-05,2010,,0.0004782150265044085,False,early,259,259,36a2c4f3532e5e48c2c1d63d68b97d73ca541407fe662637e7f619b98ca3f920,COMPLETED,0.0005938715630118156,0.0005938715630118156,3,LOCAL_3ACTION_BUDGET_COMPLETE,7008,41.45867910014931
1.2235901742635342e-05,4.5377495432612256e-05,0.8155604999628849,3.943256502346554e-05,3.943256502346554e-05,192,"[16, 32, 64, 96, 128, 144, 17, 33, 65, 97, 129, 145]",0.9395043315202598,0.9395043315202598,VERIFIED,COMPLETE,Trajectory gap includes candidate coverage/ranking/search; cannot be attributed solely to score,2208,results/offline_coverage_v2/object_2010/early,9.43768709996948,,2208,0.8902004318315273,4.6084711545136384e-06,0.8902004318315273,4.6084711545136384e-06,3.736319805499144e-05,4.6084711545136384e-06,3.736319805499144e-05,0,16,2208,True,3.3141593689976914e-05,2010,,2.53910418603954e-06,False,early,218,218,21c553e171f15c3a71c95de8ceaf14b44cb727c91494a2380d478cf43426ab28,COMPLETED,4.197166920950508e-05,4.197166920950508e-05,3,LOCAL_3ACTION_BUDGET_COMPLETE,13248,78.35723199998029
-2.3423863097970334e-06,2.9225197182226197e-05,0.20763279998209327,0.00010835801954282802,0.00010835801954282802,48,"[4, 32, 64, 96, 128, 144, 5, 33, 65, 97, 129, 145]",0.9554936902200011,0.9554936902200011,VERIFIED,COMPLETE,Trajectory gap includes candidate coverage/ranking/search; cannot be attributed solely to score,600,results/offline_coverage_v2/object_2010/middle,2.8491659000283107,,600,1.0,0.0,1.0,0.0,0.00011340526960243844,0.0,0.00011340526960243844,0,4,600,True,3.156758349202323e-05,2010,,5.047250059610423e-06,False,middle,322,322,5c4c84cf02671202a5d6b287bb214f63351d95b6242e7a3ef17c4c48dc007f5c,COMPLETED,0.00011340526960243844,0.00011340526960243844,3,LOCAL_3ACTION_BUDGET_COMPLETE,3600,21.449642499967013
6.162623438887832e-06,2.7636828597065585e-05,0.37751229997957125,1.5266001686630405e-05,1.5266001686630405e-05,96,"[8, 32, 64, 96, 128, 144, 9, 33, 65, 97, 129, 145]",0.721435007382636,0.721435007382636,VERIFIED,COMPLETE,Trajectory gap includes candidate coverage/ranking/search; cannot be attributed solely to score,1168,results/offline_coverage_v2/object_2010/middle,3.981524700007867,,1168,0.8317166377220014,3.5609778650583326e-06,0.8317166377220014,3.5609778650583326e-06,1.7599627775656846e-05,3.5609778650583326e-06,1.7599627775656846e-05,0,8,1168,True,2.1474205158177754e-05,2010,,5.894603954084774e-06,False,middle,178,178,f3698fc08da547e61715b47b644698acd8a93322ed3def5682972bd1898cdceb,COMPLETED,2.116060564071518e-05,2.116060564071518e-05,3,LOCAL_3ACTION_BUDGET_COMPLETE,7008,41.554802299826406
1.43268218825489e-06,6.6766954834676424e-06,0.7876808999571949,4.308267835439741e-06,4.308267835439741e-06,192,"[16, 32, 64, 96, 128, 144, 17, 33, 65, 97, 129, 145]",1.0,1.0,VERIFIED,COMPLETE,Trajectory gap includes candidate coverage/ranking/search; cannot be attributed solely to score,2208,results/offline_coverage_v2/object_2010/middle,9.511831799987704,,2208,0.9689520724520316,1.3376278761197548e-07,0.9689520724520316,1.3376278761197548e-07,4.174505047827765e-06,1.3376278761197548e-07,4.174505047827765e-06,0,16,2208,True,5.244013295212752e-06,2010,,0.0,False,middle,176,176,932292298bd933231b08651492dbb75b6fff7050f93bb4fb79221d75bca02c04,COMPLETED,4.308267835439741e-06,4.308267835439741e-06,2,NUMERICAL_LOCAL_1SWAP_STOP_NO_DETERMINISTIC_BOUND,13248,78.45661340007791
1.2275550924552113e-05,0.00012016966532273448,0.17589610000140965,0.00014343948870469716,0.00014343948870469716,41,"[4, 32, 64, 96, 128, 144, 5, 33, 65, 97, 129, 145]",1.0,1.0,VERIFIED,COMPLETE,Trajectory gap includes candidate coverage/ranking/search; cannot be attributed solely to score,600,results/offline_coverage_v2/object_2010/late,2.904586200020276,,511,0.7993425058486062,2.878220836584168e-05,0.7993425058486062,2.878220836584168e-05,0.00011465728033885548,2.878220836584168e-05,0.00011465728033885548,89,4,511,True,0.00010789411439818237,2010,,0.0,False,late,213,213,ccf3a193719c5251bcf7773e117b8dca46793b64046a212ebd4f33adf78b6a2f,COMPLETED,0.00014343948870469716,0.00014343948870469716,3,LOCAL_3ACTION_BUDGET_COMPLETE,3066,18.224045699927956
2.6880828256856018e-05,8.843176716083672e-05,0.38115029997425154,5.264006005947727e-05,5.264006005947727e-05,95,"[8, 32, 64, 96, 128, 144, 9, 33, 65, 97, 129, 145]",0.9309265953995478,0.9309265953995478,VERIFIED,COMPLETE,Trajectory gap includes candidate coverage/ranking/search; cannot be attributed solely to score,1168,results/offline_coverage_v2/object_2010/late,4.01126270001987,,1152,0.9172864921111872,4.677107781122558e-06,0.9172864921111872,4.677107781122558e-06,5.186876846692307e-05,4.677107781122558e-06,5.186876846692307e-05,16,8,1152,True,6.15509389039807e-05,2010,,3.905816188568355e-06,False,late,228,228,52275ae5d131ef70febf3e2251b23d9c4df483fd8cc1f51034842189c8828d59,COMPLETED,5.654587624804563e-05,5.654587624804563e-05,3,LOCAL_3ACTION_BUDGET_COMPLETE,6912,40.84191419999115
9.792585688299817e-06,3.778921915912733e-05,0.7412034000153653,4.899314196278701e-05,4.899314196278701e-05,190,"[16, 32, 64, 96, 128, 144, 17, 33, 65, 97, 129, 145]",0.9347518913036027,0.9347518913036027,VERIFIED,COMPLETE,Trajectory gap includes candidate coverage/ranking/search; cannot be attributed solely to score,2208,results/offline_coverage_v2/object_2010/late,9.476073900004849,,2170,0.8497266801894902,7.876274077849761e-06,0.8497266801894902,7.876274077849761e-06,4.453671638367398e-05,7.876274077849761e-06,4.453671638367398e-05,38,16,2170,True,2.799663347082751e-05,2010,,3.419848498736735e-06,False,late,1534,1534,04e472cb9baeb0578797f05da5d0f8c2d87424244c492a03622040a6783bb1dc,COMPLETED,5.2412990461523744e-05,5.2412990461523744e-05,3,LOCAL_3ACTION_BUDGET_COMPLETE,13020,77.3458962997538
0.0007312637090327157,0.0008355316767389723,0.03849390003597364,0.0005968835878842203,0.0005968835878842203,48,"[4, 32, 64, 96, 128, 144, 5, 33, 65, 97, 129, 145]",0.6330331112760855,0.6330331112760855,VERIFIED,COMPLETE,Trajectory gap includes candidate coverage/ranking/search; cannot be attributed solely to score,600,results/offline_coverage_v2/object_2011/early,1.0725320000201464,,600,1.0,0.0,1.0,0.0,0.0009428947352864465,0.0,0.0009428947352864465,0,4,600,True,0.00010426796770625664,2011,,0.0003460111474022262,False,early,48,48,9204258671fe97c1ab68a4de613115871cbae20c96c3e57b953dd14007d0f9b6,COMPLETED,0.0009428947352864465,0.0009428947352864465,3,LOCAL_3ACTION_BUDGET_COMPLETE,0,0.021453100023791194
0.00036845102355152965,0.00041425206713854607,0.06532590003916994,0.00013413785569964894,0.00013413785569964894,96,"[8, 32, 64, 96, 128, 144, 9, 33, 65, 97, 129, 145]",0.19159521267257384,0.19159521267257384,VERIFIED,COMPLETE,Trajectory gap includes candidate coverage/ranking/search; cannot be attributed solely to score,1168,results/offline_coverage_v2/object_2011/early,2.4460700000054203,,1168,1.0,0.0,1.0,0.0,0.0007001106855883893,0.0,0.0007001106855883893,0,8,1168,True,4.580104358701639e-05,2011,,0.0005659728298887404,False,early,275,275,754f09c5606167c780d8ff00c9c06de68061016c8d08110f8057efa6491dcf7b,COMPLETED,0.0007001106855883893,0.0007001106855883893,3,LOCAL_3ACTION_BUDGET_COMPLETE,0,0.045034100010525435
9.399720303119504e-06,3.5242032267218485e-05,0.1282569000031799,4.763463590721322e-05,4.763463590721322e-05,192,"[16, 32, 64, 96, 128, 144, 17, 33, 65, 97, 129, 145]",0.8949933535067348,0.8949933535067348,VERIFIED,COMPLETE,Trajectory gap includes candidate coverage/ranking/search; cannot be attributed solely to score,2208,results/offline_coverage_v2/object_2011/early,6.8335450000013225,,2208,1.0,0.0,1.0,0.0,5.3223452130200394e-05,0.0,5.3223452130200394e-05,0,16,2208,True,2.584231196409898e-05,2011,,5.588816222987177e-06,False,early,345,345,7731e8b5f9916242f554c47d2e7a742ba95b42dc983862e5f7e71791277b7f81,COMPLETED,5.3223452130200394e-05,5.3223452130200394e-05,3,LOCAL_3ACTION_BUDGET_COMPLETE,0,0.07609349978156388
6.935227936535397e-06,4.44052381365748e-05,0.036719400028232485,5.2962820098509405e-05,5.2962820098509405e-05,48,"[4, 32, 64, 96, 128, 144, 5, 33, 65, 97, 129, 145]",0.8137315172184045,0.8137315172184045,VERIFIED,COMPLETE,Trajectory gap includes candidate coverage/ranking/search; cannot be attributed solely to score,600,results/offline_coverage_v2/object_2011/middle,1.0748376999981701,,600,1.0,0.0,1.0,0.0,6.508635708194433e-05,0.0,6.508635708194433e-05,0,4,600,True,3.747001020003941e-05,2011,,1.2123536983434924e-05,False,middle,278,278,79ea546732b3606ad8cbf43f6743a74ba97ea8f27cb98a78501e1333c910e721,COMPLETED,6.508635708194433e-05,6.508635708194433e-05,3,LOCAL_3ACTION_BUDGET_COMPLETE,0,0.020682599861174822
1.1913732174955043e-05,2.325170884574238e-05,0.07329690002370626,1.5049049304183211e-05,1.5049049304183211e-05,96,"[8, 32, 64, 96, 128, 144, 9, 33, 65, 97, 129, 145]",0.6245975915155206,0.6245975915155206,VERIFIED,COMPLETE,Trajectory gap includes candidate coverage/ranking/search; cannot be attributed solely to score,1168,results/offline_coverage_v2/object_2011/middle,2.4714839000371285,,1168,1.0,0.0,1.0,0.0,2.4093991889511245e-05,0.0,2.4093991889511245e-05,0,8,1168,True,1.1337976670787336e-05,2011,,9.044942585328034e-06,False,middle,425,425,427e55f9f35f58dc40514dfe61f5be9dadaac6d272ac49833d92a804d036145b,COMPLETED,2.4093991889511245e-05,2.4093991889511245e-05,3,LOCAL_3ACTION_BUDGET_COMPLETE,0,0.04077010025503114
1.1282398291091038e-06,5.837199479236314e-06,0.12521440000273287,4.143382151493339e-06,4.143382151493339e-06,192,"[16, 32, 64, 96, 128, 144, 17, 33, 65, 97, 129, 145]",1.0,1.0,VERIFIED,COMPLETE,Trajectory gap includes candidate coverage/ranking/search; cannot be attributed solely to score,2208,results/offline_coverage_v2/object_2011/middle,6.827448799973354,,2208,0.5643740517432648,1.8049647787343174e-06,0.5643740517432648,1.8049647787343174e-06,2.338417372759022e-06,1.8049647787343174e-06,2.338417372759022e-06,0,16,2208,True,4.70895965012721e-06,2011,,0.0,False,middle,587,587,a724c3a85b2b43ec2ca426cc0c3dbffafd214ab3bb42b658cbbc929ec0d5df78,COMPLETED,4.143382151493339e-06,4.143382151493339e-06,3,LOCAL_3ACTION_BUDGET_COMPLETE,0,0.07651450019329786
8.899379520138227e-06,8.556457245483908e-05,0.036468899983447045,3.6540985856554845e-05,3.6540985856554845e-05,48,"[4, 32, 64, 96, 128, 144, 5, 33, 65, 97, 129, 145]",0.792501928813426,0.792501928813426,VERIFIED,COMPLETE,Trajectory gap includes candidate coverage/ranking/search; cannot be attributed solely to score,600,results/offline_coverage_v2/object_2011/late,1.104352900001686,,600,1.0,0.0,1.0,0.0,4.610838728337969e-05,0.0,4.610838728337969e-05,0,4,600,True,7.666519293470085e-05,2011,,9.567401426824844e-06,False,late,42,42,dbe9f0d227307c2449c846cd3d8160d308521d3d04c181661b34556d0d5e31a3,COMPLETED,4.610838728337969e-05,4.610838728337969e-05,3,LOCAL_3ACTION_BUDGET_COMPLETE,0,0.01992080017225817
2.6238198241845294e-05,5.2979420737363706e-05,0.06826210004510358,4.197001308894398e-05,4.197001308894398e-05,96,"[8, 32, 64, 96, 128, 144, 9, 33, 65, 97, 129, 145]",0.7158899014928557,0.7158899014928557,VERIFIED,COMPLETE,Trajectory gap includes candidate coverage/ranking/search; cannot be attributed solely to score,1168,results/offline_coverage_v2/object_2011/late,2.494171899976209,,1168,0.9138621006071358,5.049950777953152e-06,0.9138621006071358,5.049950777953152e-06,5.357640084598133e-05,5.049950777953152e-06,5.357640084598133e-05,0,8,1168,True,2.6741222495518412e-05,2011,,1.6656338534990505e-05,False,late,552,552,e7da35158825f0e0e3b711588ad96fe1739d78002c681feac4b4db1deab56ec3,COMPLETED,5.862635162393448e-05,5.862635162393448e-05,3,LOCAL_3ACTION_BUDGET_COMPLETE,0,0.04330160026438534
8.322902831154337e-06,1.1371647399174078e-05,0.1256392999785021,4.065309925956103e-06,4.065309925956103e-06,192,"[16, 32, 64, 96, 128, 144, 17, 33, 65, 97, 129, 145]",0.6824710973654706,0.6824710973654706,VERIFIED,COMPLETE,Trajectory gap includes candidate coverage/ranking/search; cannot be attributed solely to score,2208,results/offline_coverage_v2/object_2011/late,6.895412200014107,,2208,0.5360940975445042,2.763371631768927e-06,0.5360940975445042,2.763371631768927e-06,3.193378685789336e-06,2.763371631768927e-06,3.193378685789336e-06,0,16,2208,True,3.0487445680197405e-06,2011,,1.8914403916021598e-06,False,late,457,457,bd1e68be12be1a66b329f250339e73d1b78d9bea3ecc28061836cbd88d535078,COMPLETED,5.956750317558263e-06,5.956750317558263e-06,3,LOCAL_3ACTION_BUDGET_COMPLETE,0,0.07823920017108321
1.985354652988272e-05,4.0438326738748675e-05,0.04101839999202639,0.0001460845338617073,0.0001460845338617073,48,"[4, 32, 64, 96, 128, 144, 5, 33, 65, 97, 129, 145]",1.0,1.0,VERIFIED,COMPLETE,Trajectory gap includes candidate coverage/ranking/search; cannot be attributed solely to score,600,results/offline_coverage_v2/object_2013/early,1.084243199962657,,600,1.0,0.0,1.0,0.0,0.0001460845338617073,0.0,0.0001460845338617073,0,4,600,True,2.0584780208865957e-05,2013,,0.0,False,early,72,72,9df9d54a2f04de3d4fd5355919b05773bf41156ea04a8e0c79b2ab6ca4963ccd,COMPLETED,0.0001460845338617073,0.0001460845338617073,3,LOCAL_3ACTION_BUDGET_COMPLETE,0,0.02039389975834638
1.6094506036060984e-05,2.3972603658170912e-05,0.07037939998554066,4.748547857223768e-06,4.748547857223768e-06,96,"[8, 32, 64, 96, 128, 144, 9, 33, 65, 97, 129, 145]",0.3281043219927177,0.3281043219927177,VERIFIED,COMPLETE,Trajectory gap includes candidate coverage/ranking/search; cannot be attributed solely to score,1168,results/offline_coverage_v2/object_2013/early,2.427872899977956,,1168,1.0,0.0,1.0,0.0,1.447267694733129e-05,0.0,1.447267694733129e-05,0,8,1168,True,7.878097622109928e-06,2013,,9.72412909010752e-06,False,early,129,129,1d324f4b7c63f99030a69e60bcb371ed4066912d989512025851c6a532f837b4,COMPLETED,1.447267694733129e-05,1.447267694733129e-05,3,LOCAL_3ACTION_BUDGET_COMPLETE,0,0.04175770009169355
5.434626834973661e-07,4.22473492942125e-06,0.12790670001413673,4.6793152830939104e-06,4.6793152830939104e-06,192,"[16, 32, 64, 96, 128, 144, 17, 33, 65, 97, 129, 145]",0.9570311464566617,0.9570311464566617,VERIFIED,COMPLETE,Trajectory gap includes candidate coverage/ranking/search; cannot be attributed solely to score,2208,results/offline_coverage_v2/object_2013/early,6.909030699986033,,2208,0.9672731846174796,1.6001473719367127e-07,0.9672731846174796,1.6001473719367127e-07,4.729392781483997e-06,1.6001473719367127e-07,4.729392781483997e-06,0,16,2208,True,3.681272245923884e-06,2013,,2.1009223558375796e-07,False,early,232,232,a99a78b126cd9ffe2fc1afc4aedff85029aa3fd5de8a196ba5db7e42d982c08d,COMPLETED,4.889407518677668e-06,4.889407518677668e-06,3,LOCAL_3ACTION_BUDGET_COMPLETE,0,0.07194889977108687
1.5434572050512474e-05,2.2430817550856343e-05,0.036106100014876574,0.00011580348692751826,0.00011580348692751826,48,"[4, 32, 64, 96, 128, 144, 5, 33, 65, 97, 129, 145]",0.9939077526978853,0.9939077526978853,VERIFIED,COMPLETE,Trajectory gap includes candidate coverage/ranking/search; cannot be attributed solely to score,600,results/offline_coverage_v2/object_2013/middle,1.062556900025811,,600,1.0,0.0,1.0,0.0,0.00011651331485560777,0.0,0.00011651331485560777,0,4,600,True,6.996245500343869e-06,2013,,7.098279280895128e-07,False,middle,360,360,aa0b61c6a562c81c05925e3ba4b3c6149539d415d0bc9cd7d94a5277aadf8d69,COMPLETED,0.00011651331485560777,0.00011651331485560777,3,LOCAL_3ACTION_BUDGET_COMPLETE,0,0.019852999947033823
9.061229901327293e-06,1.218589849214885e-05,0.06911159999435768,7.439833556038586e-06,7.439833556038586e-06,96,"[8, 32, 64, 96, 128, 144, 9, 33, 65, 97, 129, 145]",0.4965670442674193,0.4965670442674193,VERIFIED,COMPLETE,Trajectory gap includes candidate coverage/ranking/search; cannot be attributed solely to score,1168,results/offline_coverage_v2/object_2013/middle,2.3720445000217296,,1168,1.0,0.0,1.0,0.0,1.4982535876931789e-05,0.0,1.4982535876931789e-05,0,8,1168,True,3.1246685908215573e-06,2013,,7.542702320893203e-06,False,middle,473,473,bc803bdc13ddba532181741168a320fbad00e636b8c3e3391054fd0977068c46,COMPLETED,1.4982535876931789e-05,1.4982535876931789e-05,3,LOCAL_3ACTION_BUDGET_COMPLETE,0,0.04067339963512495
3.509868164465666e-07,1.0170168976440607e-06,0.12792300002183765,9.346238122793986e-07,9.346238122793986e-07,192,"[16, 32, 64, 96, 128, 144, 17, 33, 65, 97, 129, 145]",0.981036925542506,0.981036925542506,VERIFIED,COMPLETE,Trajectory gap includes candidate coverage/ranking/search; cannot be attributed solely to score,2208,results/offline_coverage_v2/object_2013/middle,6.869738599983975,,2208,0.8077678160745425,1.8313762907940734e-07,0.8077678160745425,1.8313762907940734e-07,7.695521096504154e-07,1.8313762907940734e-07,7.695521096504154e-07,0,16,2208,True,6.660300811974941e-07,2013,,1.806592645042411e-08,False,middle,425,425,b0f6fd8131f44f555f4c46009797f289b29a9d34a6a3b56f4f3765aa2a267740,COMPLETED,9.526897387298227e-07,9.526897387298227e-07,3,LOCAL_3ACTION_BUDGET_COMPLETE,0,0.07838039973285049
7.706437651488849e-05,0.0001135079642423149,0.03715079999528825,0.00017952393329791628,0.00017952393329791628,48,"[4, 32, 64, 96, 128, 144, 5, 33, 65, 97, 129, 145]",0.741873922307693,0.741873922307693,VERIFIED,COMPLETE,Trajectory gap includes candidate coverage/ranking/search; cannot be attributed solely to score,600,results/offline_coverage_v2/object_2013/late,1.0596074999775738,,600,1.0,0.0,1.0,0.0,0.00024198711923918863,0.0,0.00024198711923918863,0,4,600,True,3.644358772742641e-05,2013,,6.246318594127235e-05,False,late,114,114,6a5d90b82814836445f0f13e5209c6a92adffea57e9cc006257b8d31d018b6b1,COMPLETED,0.00024198711923918863,0.00024198711923918863,3,LOCAL_3ACTION_BUDGET_COMPLETE,0,0.019583799992688
1.4470102500740272e-05,2.444678527015713e-05,0.07234989997232333,1.7765650637337735e-05,1.7765650637337735e-05,96,"[8, 32, 64, 96, 128, 144, 9, 33, 65, 97, 129, 145]",0.5904008157186464,0.5904008157186464,VERIFIED,COMPLETE,Trajectory gap includes candidate coverage/ranking/search; cannot be attributed solely to score,1168,results/offline_coverage_v2/object_2013/late,2.4525161999627016,,1168,0.8639142995386181,4.094931691771959e-06,0.8639142995386181,4.094931691771959e-06,2.5995898409323123e-05,4.094931691771959e-06,2.5995898409323123e-05,0,8,1168,True,9.976682769416858e-06,2013,,1.2325179463757346e-05,False,late,299,299,cabe1b4241143fbddad241cc99d7dc5f983e9050c35e3dd46122d49b75245818,COMPLETED,3.0090830101095082e-05,3.0090830101095082e-05,3,LOCAL_3ACTION_BUDGET_COMPLETE,0,0.03874349995749071
4.029497435744075e-06,5.91002081574566e-06,0.12397269997745752,5.78741399683001e-06,5.78741399683001e-06,192,"[16, 32, 64, 96, 128, 144, 17, 33, 65, 97, 129, 145]",0.8603636694051705,0.8603636694051705,VERIFIED,COMPLETE,Trajectory gap includes candidate coverage/ranking/search; cannot be attributed solely to score,2208,results/offline_coverage_v2/object_2013/late,6.846553000039421,,2208,1.0,0.0,1.0,0.0,6.726706627246655e-06,0.0,6.726706627246655e-06,0,16,2208,True,1.8805233800015854e-06,2013,,9.392926304166447e-07,False,late,1335,1335,cff4c6180893b6459586fdedc301def4fb6d17ca08991f84cead47888954c750,COMPLETED,6.726706627246655e-06,6.726706627246655e-06,3,LOCAL_3ACTION_BUDGET_COMPLETE,0,0.07797519990708679
4.0875236012613706e-05,6.707854592974826e-05,0.2029126000124961,9.157220760320425e-05,9.157220760320425e-05,48,"[4, 32, 64, 96, 128, 144, 5, 33, 65, 97, 129, 145]",1.0,1.0,VERIFIED,COMPLETE,Trajectory gap includes candidate coverage/ranking/search; cannot be attributed solely to score,600,results/offline_coverage_v2/object_2016/early,2.986065700009931,,600,1.0,0.0,1.0,0.0,9.157220760320425e-05,0.0,9.157220760320425e-05,0,4,600,True,2.6203309917134558e-05,2016,,0.0,False,early,121,121,fe9395c72e70816a4ed69173048d3917d65b07da68fb5555fb501cfee43a4bbe,COMPLETED,9.157220760320425e-05,9.157220760320425e-05,3,LOCAL_3ACTION_BUDGET_COMPLETE,3600,21.31127370003378
4.159432280615961e-05,5.761848752430062e-05,0.3958900000434369,3.7123879084597555e-06,3.7123879084597555e-06,96,"[8, 32, 64, 96, 128, 144, 9, 33, 65, 97, 129, 145]",0.11890004211499632,0.11890004211499632,VERIFIED,COMPLETE,Trajectory gap includes candidate coverage/ranking/search; cannot be attributed solely to score,1168,results/offline_coverage_v2/object_2016/early,4.046218300005421,,1168,1.0,0.0,1.0,0.0,3.122276361239008e-05,0.0,3.122276361239008e-05,0,8,1168,True,1.602416471814101e-05,2016,,2.7510375703930327e-05,False,early,192,192,511b5b8d84dd1083b21fd1c9992f6665b70ee3cd8d25fa5c8df566c60141c93a,COMPLETED,3.122276361239008e-05,3.122276361239008e-05,3,LOCAL_3ACTION_BUDGET_COMPLETE,7008,41.47649640007876
6.550940595364492e-06,1.33278085703005e-05,0.8529581999755464,3.808705563924321e-06,3.808705563924321e-06,192,"[16, 32, 64, 96, 128, 144, 17, 33, 65, 97, 129, 145]",0.8285019423571978,0.8285019423571978,VERIFIED,COMPLETE,Trajectory gap includes candidate coverage/ranking/search; cannot be attributed solely to score,2208,results/offline_coverage_v2/object_2016/early,9.472867100033909,,2208,0.608094321441151,1.801629256551684e-06,0.608094321441151,1.801629256551684e-06,2.795469880099763e-06,1.801629256551684e-06,2.795469880099763e-06,0,16,2208,True,6.776867974936008e-06,2016,,7.88393572727126e-07,False,early,267,267,1e07556ec6b1ce2624f3d7178831ede6fa0fa19bc0519cfe704b72409de1001a,COMPLETED,4.597099136651447e-06,4.597099136651447e-06,3,LOCAL_3ACTION_BUDGET_COMPLETE,13248,78.82017540000379
1.007618405020828e-05,1.8264982824510703e-05,0.20006979996105656,4.0838314304999966e-05,4.0838314304999966e-05,48,"[4, 32, 64, 96, 128, 144, 5, 33, 65, 97, 129, 145]",0.9316869492993108,0.9316869492993108,VERIFIED,COMPLETE,Trajectory gap includes candidate coverage/ranking/search; cannot be attributed solely to score,600,results/offline_coverage_v2/object_2016/middle,2.854041100014001,,600,1.0,0.0,1.0,0.0,4.383265681215459e-05,0.0,4.383265681215459e-05,0,4,600,True,8.188798774302424e-06,2016,,2.994342507154622e-06,False,middle,159,159,df2ccb0a7f245ecd52d4c9c70d1760aa015955a232feb2d38231e7bf8c79d78c,COMPLETED,4.383265681215459e-05,4.383265681215459e-05,3,LOCAL_3ACTION_BUDGET_COMPLETE,3600,21.46677300025476
7.5255987494128456e-06,1.1856259173930665e-05,0.3762795999646187,7.797720326867442e-06,7.797720326867442e-06,96,"[8, 32, 64, 96, 128, 144, 9, 33, 65, 97, 129, 145]",0.4720445184392903,0.4720445184392903,VERIFIED,COMPLETE,Trajectory gap includes candidate coverage/ranking/search; cannot be attributed solely to score,1168,results/offline_coverage_v2/object_2016/middle,4.056229199981317,,1168,1.0,0.0,1.0,0.0,1.6519035858416197e-05,0.0,1.6519035858416197e-05,0,8,1168,True,4.3306604245178195e-06,2016,,8.721315531548755e-06,False,middle,579,579,b1c2158c4296a53bed1cb26cb459738d1cd4451ab15c0fc8645f1fd95e7409a0,COMPLETED,1.6519035858416197e-05,1.6519035858416197e-05,3,LOCAL_3ACTION_BUDGET_COMPLETE,7008,41.6019020001404
2.580914249105707e-07,1.7451757665233558e-06,0.8276349999941885,3.3973803822223238e-06,3.3973803822223238e-06,192,"[16, 32, 64, 96, 128, 144, 17, 33, 65, 97, 129, 145]",0.965144636326885,0.965144636326885,VERIFIED,COMPLETE,Trajectory gap includes candidate coverage/ranking/search; cannot be attributed solely to score,2208,results/offline_coverage_v2/object_2016/middle,9.407096200040542,,2208,0.965144636326885,1.2269345370755285e-07,0.965144636326885,1.2269345370755285e-07,3.3973803822223238e-06,1.2269345370755285e-07,3.3973803822223238e-06,0,16,2208,True,1.4870843416127851e-06,2016,,1.2269345370755285e-07,False,middle,836,836,9ce21e97a0a8a0dc90eef2cf4ac7a81e1a916f5da1b3d3e1932d6b047e73a824,COMPLETED,3.5200738359298766e-06,3.5200738359298766e-06,3,LOCAL_3ACTION_BUDGET_COMPLETE,13248,79.59912490000715
,,,,,,,,,FIXED_PREREQUISITE_EXCLUSION_VERIFIED,NOT_RUN_PRIMARY_INCOMPLETE,,,results/offline_coverage_v2/object_2016/late,,[],,,,,,,,,,4,,True,,2016,,,False,late,,,,NOT_RUN_PRIMARY_INCOMPLETE,,,,,,
,,,,,,,,,FIXED_PREREQUISITE_EXCLUSION_VERIFIED,NOT_RUN_PRIMARY_INCOMPLETE,,,results/offline_coverage_v2/object_2016/late,,[],,,,,,,,,,8,,True,,2016,,,False,late,,,,NOT_RUN_PRIMARY_INCOMPLETE,,,,,,
,,,,,,,,,FIXED_PREREQUISITE_EXCLUSION_VERIFIED,NOT_RUN_PRIMARY_INCOMPLETE,,,results/offline_coverage_v2/object_2016/late,,[],,,,,,,,,,16,,True,,2016,,,False,late,,,,NOT_RUN_PRIMARY_INCOMPLETE,,,,,,
