actual_minus_local_teacher_risk,actual_online_final_full_gap,binding_status,k,local_teacher_final_full_gap,object_id,phase,scope,state_status,teacher_path_length,teacher_path_status
0.0001867383607846945,0.0003461715618654395,VERIFIED,4,0.00015943320108074502,2002,early,Bounded local teacher trajectory; not global oracle; candidate/ranking/search combined. Partial path final maximum/comparison omitted.,COMPLETED,3,LOCAL_3ACTION_BUDGET_COMPLETE
0.00015079934009240448,0.00021278171750414656,VERIFIED,8,6.198237741174208e-05,2002,early,Bounded local teacher trajectory; not global oracle; candidate/ranking/search combined. Partial path final maximum/comparison omitted.,COMPLETED,3,LOCAL_3ACTION_BUDGET_COMPLETE
6.89560015104348e-06,3.6396068330437034e-05,VERIFIED,16,2.9500468179393554e-05,2002,early,Bounded local teacher trajectory; not global oracle; candidate/ranking/search combined. Partial path final maximum/comparison omitted.,COMPLETED,3,LOCAL_3ACTION_BUDGET_COMPLETE
-3.391712824430984e-06,1.9839019180535867e-05,VERIFIED,4,2.323073200496685e-05,2002,middle,Bounded local teacher trajectory; not global oracle; candidate/ranking/search combined. Partial path final maximum/comparison omitted.,COMPLETED,3,LOCAL_3ACTION_BUDGET_COMPLETE
8.751295161026012e-06,1.6407850371613245e-05,VERIFIED,8,7.656555210587233e-06,2002,middle,Bounded local teacher trajectory; not global oracle; candidate/ranking/search combined. Partial path final maximum/comparison omitted.,COMPLETED,3,LOCAL_3ACTION_BUDGET_COMPLETE
4.2068776586572107e-07,2.9256248606072887e-06,VERIFIED,16,2.5049370947415676e-06,2002,middle,Bounded local teacher trajectory; not global oracle; candidate/ranking/search combined. Partial path final maximum/comparison omitted.,COMPLETED,3,LOCAL_3ACTION_BUDGET_COMPLETE
1.1464988037761782e-06,4.487171741776649e-06,VERIFIED,4,3.3406729380004705e-06,2002,late,Bounded local teacher trajectory; not global oracle; candidate/ranking/search combined. Partial path final maximum/comparison omitted.,COMPLETED,2,NUMERICAL_LOCAL_1SWAP_STOP_NO_DETERMINISTIC_BOUND
1.8413640007069943e-07,4.4078780476721216e-07,VERIFIED,8,2.5665140469651273e-07,2002,late,Bounded local teacher trajectory; not global oracle; candidate/ranking/search combined. Partial path final maximum/comparison omitted.,COMPLETED,3,LOCAL_3ACTION_BUDGET_COMPLETE
6.381356355238951e-09,8.731943800329767e-08,VERIFIED,16,8.093808164805872e-08,2002,late,Bounded local teacher trajectory; not global oracle; candidate/ranking/search combined. Partial path final maximum/comparison omitted.,COMPLETED,3,LOCAL_3ACTION_BUDGET_COMPLETE
1.7286972795729533e-05,0.0008324635827456431,VERIFIED,4,0.0008151766099499135,2003,early,Bounded local teacher trajectory; not global oracle; candidate/ranking/search combined. Partial path final maximum/comparison omitted.,COMPLETED,2,NUMERICAL_LOCAL_1SWAP_STOP_NO_DETERMINISTIC_BOUND
-1.0842021724855044e-19,0.00022603561265078977,VERIFIED,8,0.00022603561265078988,2003,early,Bounded local teacher trajectory; not global oracle; candidate/ranking/search combined. Partial path final maximum/comparison omitted.,COMPLETED,1,NUMERICAL_LOCAL_1SWAP_STOP_NO_DETERMINISTIC_BOUND
1.104685943368866e-06,3.862278286973042e-05,VERIFIED,16,3.751809692636155e-05,2003,early,Bounded local teacher trajectory; not global oracle; candidate/ranking/search combined. Partial path final maximum/comparison omitted.,COMPLETED,1,NUMERICAL_LOCAL_1SWAP_STOP_NO_DETERMINISTIC_BOUND
2.240603286512455e-05,0.00010336708459697615,VERIFIED,4,8.09610517318516e-05,2003,middle,Bounded local teacher trajectory; not global oracle; candidate/ranking/search combined. Partial path final maximum/comparison omitted.,COMPLETED,3,LOCAL_3ACTION_BUDGET_COMPLETE
1.9972923240841577e-05,5.401748951890706e-05,VERIFIED,8,3.404456627806548e-05,2003,middle,Bounded local teacher trajectory; not global oracle; candidate/ranking/search combined. Partial path final maximum/comparison omitted.,COMPLETED,3,LOCAL_3ACTION_BUDGET_COMPLETE
1.5968196788112061e-06,1.0824461680469511e-05,VERIFIED,16,9.227642001658305e-06,2003,middle,Bounded local teacher trajectory; not global oracle; candidate/ranking/search combined. Partial path final maximum/comparison omitted.,COMPLETED,3,LOCAL_3ACTION_BUDGET_COMPLETE
5.678393157778342e-05,0.00016488007490098107,VERIFIED,4,0.00010809614332319765,2003,late,Bounded local teacher trajectory; not global oracle; candidate/ranking/search combined. Partial path final maximum/comparison omitted.,COMPLETED,3,LOCAL_3ACTION_BUDGET_COMPLETE
5.4081605828517804e-05,9.635809100218139e-05,VERIFIED,8,4.227648517366359e-05,2003,late,Bounded local teacher trajectory; not global oracle; candidate/ranking/search combined. Partial path final maximum/comparison omitted.,COMPLETED,3,LOCAL_3ACTION_BUDGET_COMPLETE
5.960220689703664e-06,1.3317369761003491e-05,VERIFIED,16,7.357149071299827e-06,2003,late,Bounded local teacher trajectory; not global oracle; candidate/ranking/search combined. Partial path final maximum/comparison omitted.,COMPLETED,3,LOCAL_3ACTION_BUDGET_COMPLETE
5.441604749519506e-05,0.00040971721419596476,VERIFIED,4,0.0003553011667007697,2004,early,Bounded local teacher trajectory; not global oracle; candidate/ranking/search combined. Partial path final maximum/comparison omitted.,COMPLETED,2,NUMERICAL_LOCAL_1SWAP_STOP_NO_DETERMINISTIC_BOUND
8.610397600439854e-05,0.00020615860817169433,VERIFIED,8,0.00012005463216729579,2004,early,Bounded local teacher trajectory; not global oracle; candidate/ranking/search combined. Partial path final maximum/comparison omitted.,COMPLETED,2,NUMERICAL_LOCAL_1SWAP_STOP_NO_DETERMINISTIC_BOUND
1.1772699681707654e-05,3.5957117705765546e-05,VERIFIED,16,2.418441802405789e-05,2004,early,Bounded local teacher trajectory; not global oracle; candidate/ranking/search combined. Partial path final maximum/comparison omitted.,COMPLETED,3,LOCAL_3ACTION_BUDGET_COMPLETE
2.5483381563942605e-06,4.065848595625888e-05,VERIFIED,4,3.811014779986462e-05,2004,middle,Bounded local teacher trajectory; not global oracle; candidate/ranking/search combined. Partial path final maximum/comparison omitted.,COMPLETED,3,LOCAL_3ACTION_BUDGET_COMPLETE
6.421031256506154e-06,2.7337622045555198e-05,VERIFIED,8,2.0916590789049044e-05,2004,middle,Bounded local teacher trajectory; not global oracle; candidate/ranking/search combined. Partial path final maximum/comparison omitted.,COMPLETED,3,LOCAL_3ACTION_BUDGET_COMPLETE
1.6389067768686244e-06,6.803275845805615e-06,VERIFIED,16,5.1643690689369905e-06,2004,middle,Bounded local teacher trajectory; not global oracle; candidate/ranking/search combined. Partial path final maximum/comparison omitted.,COMPLETED,3,LOCAL_3ACTION_BUDGET_COMPLETE
-2.7629633915690583e-06,1.187073907771187e-05,VERIFIED,4,1.4633702469280928e-05,2004,late,Bounded local teacher trajectory; not global oracle; candidate/ranking/search combined. Partial path final maximum/comparison omitted.,COMPLETED,2,NUMERICAL_LOCAL_1SWAP_STOP_NO_DETERMINISTIC_BOUND
1.3105875155948525e-06,2.2501289859865256e-06,VERIFIED,8,9.395414703916732e-07,2004,late,Bounded local teacher trajectory; not global oracle; candidate/ranking/search combined. Partial path final maximum/comparison omitted.,COMPLETED,2,NUMERICAL_LOCAL_1SWAP_STOP_NO_DETERMINISTIC_BOUND
-1.7905163978705764e-09,1.753051181430171e-07,VERIFIED,16,1.7709563454088767e-07,2004,late,Bounded local teacher trajectory; not global oracle; candidate/ranking/search combined. Partial path final maximum/comparison omitted.,COMPLETED,3,LOCAL_3ACTION_BUDGET_COMPLETE
6.348149336566425e-05,0.00013986883173426005,VERIFIED,4,7.63873383685958e-05,2005,early,Bounded local teacher trajectory; not global oracle; candidate/ranking/search combined. Partial path final maximum/comparison omitted.,COMPLETED,1,NUMERICAL_LOCAL_1SWAP_STOP_NO_DETERMINISTIC_BOUND
8.115005832668404e-05,9.617038735606382e-05,VERIFIED,8,1.5020329029379782e-05,2005,early,Bounded local teacher trajectory; not global oracle; candidate/ranking/search combined. Partial path final maximum/comparison omitted.,COMPLETED,3,LOCAL_3ACTION_BUDGET_COMPLETE
2.312964840452989e-06,9.625647265907886e-06,VERIFIED,16,7.312682425454897e-06,2005,early,Bounded local teacher trajectory; not global oracle; candidate/ranking/search combined. Partial path final maximum/comparison omitted.,COMPLETED,3,LOCAL_3ACTION_BUDGET_COMPLETE
2.698407939627601e-07,5.843592285823263e-06,VERIFIED,4,5.573751491860503e-06,2005,middle,Bounded local teacher trajectory; not global oracle; candidate/ranking/search combined. Partial path final maximum/comparison omitted.,COMPLETED,3,LOCAL_3ACTION_BUDGET_COMPLETE
3.20662849032603e-06,6.695910936717088e-06,VERIFIED,8,3.4892824463910584e-06,2005,middle,Bounded local teacher trajectory; not global oracle; candidate/ranking/search combined. Partial path final maximum/comparison omitted.,COMPLETED,3,LOCAL_3ACTION_BUDGET_COMPLETE
5.45262075053195e-07,1.6753292513109134e-06,VERIFIED,16,1.1300671762577184e-06,2005,middle,Bounded local teacher trajectory; not global oracle; candidate/ranking/search combined. Partial path final maximum/comparison omitted.,COMPLETED,3,LOCAL_3ACTION_BUDGET_COMPLETE
1.2783470684712387e-05,3.743575525597648e-05,VERIFIED,4,2.4652284571264096e-05,2005,late,Bounded local teacher trajectory; not global oracle; candidate/ranking/search combined. Partial path final maximum/comparison omitted.,COMPLETED,3,LOCAL_3ACTION_BUDGET_COMPLETE
9.86139294781694e-06,1.6758051781629936e-05,VERIFIED,8,6.896658833812996e-06,2005,late,Bounded local teacher trajectory; not global oracle; candidate/ranking/search combined. Partial path final maximum/comparison omitted.,COMPLETED,3,LOCAL_3ACTION_BUDGET_COMPLETE
1.6537736965719703e-06,3.021876663256418e-06,VERIFIED,16,1.3681029666844478e-06,2005,late,Bounded local teacher trajectory; not global oracle; candidate/ranking/search combined. Partial path final maximum/comparison omitted.,COMPLETED,3,LOCAL_3ACTION_BUDGET_COMPLETE
0.0002961602903964603,0.0008015239047453787,VERIFIED,4,0.0005053636143489184,2006,early,Bounded local teacher trajectory; not global oracle; candidate/ranking/search combined. Partial path final maximum/comparison omitted.,COMPLETED,2,NUMERICAL_LOCAL_1SWAP_STOP_NO_DETERMINISTIC_BOUND
0.0005272741286996296,0.0006770892181272258,VERIFIED,8,0.00014981508942759622,2006,early,Bounded local teacher trajectory; not global oracle; candidate/ranking/search combined. Partial path final maximum/comparison omitted.,COMPLETED,3,LOCAL_3ACTION_BUDGET_COMPLETE
5.261324447395716e-05,7.857059930365609e-05,VERIFIED,16,2.595735482969893e-05,2006,early,Bounded local teacher trajectory; not global oracle; candidate/ranking/search combined. Partial path final maximum/comparison omitted.,COMPLETED,3,LOCAL_3ACTION_BUDGET_COMPLETE
-3.4818630787362953e-05,0.00022648881037370003,VERIFIED,4,0.000261307441161063,2006,middle,Bounded local teacher trajectory; not global oracle; candidate/ranking/search combined. Partial path final maximum/comparison omitted.,COMPLETED,3,LOCAL_3ACTION_BUDGET_COMPLETE
1.5616791779692003e-05,0.00016676828930475127,VERIFIED,8,0.00015115149752505927,2006,middle,Bounded local teacher trajectory; not global oracle; candidate/ranking/search combined. Partial path final maximum/comparison omitted.,COMPLETED,3,LOCAL_3ACTION_BUDGET_COMPLETE
2.170309171336203e-05,7.837874558296161e-05,VERIFIED,16,5.667565386959958e-05,2006,middle,Bounded local teacher trajectory; not global oracle; candidate/ranking/search combined. Partial path final maximum/comparison omitted.,COMPLETED,3,LOCAL_3ACTION_BUDGET_COMPLETE
2.975158989439484e-05,0.00039206568421616916,VERIFIED,4,0.0003623140943217743,2006,late,Bounded local teacher trajectory; not global oracle; candidate/ranking/search combined. Partial path final maximum/comparison omitted.,COMPLETED,3,LOCAL_3ACTION_BUDGET_COMPLETE
8.653654929092472e-05,0.00035888352690207514,VERIFIED,8,0.0002723469776111504,2006,late,Bounded local teacher trajectory; not global oracle; candidate/ranking/search combined. Partial path final maximum/comparison omitted.,COMPLETED,3,LOCAL_3ACTION_BUDGET_COMPLETE
1.501481883013628e-05,0.00013168506912137717,VERIFIED,16,0.00011667025029124089,2006,late,Bounded local teacher trajectory; not global oracle; candidate/ranking/search combined. Partial path final maximum/comparison omitted.,COMPLETED,3,LOCAL_3ACTION_BUDGET_COMPLETE
4.984581401185881e-05,0.00015154494626904965,VERIFIED,4,0.00010169913225719084,2008,early,Bounded local teacher trajectory; not global oracle; candidate/ranking/search combined. Partial path final maximum/comparison omitted.,COMPLETED,2,NUMERICAL_LOCAL_1SWAP_STOP_NO_DETERMINISTIC_BOUND
7.80519640244469e-05,0.0001117892193807789,VERIFIED,8,3.373725535633199e-05,2008,early,Bounded local teacher trajectory; not global oracle; candidate/ranking/search combined. Partial path final maximum/comparison omitted.,COMPLETED,2,NUMERICAL_LOCAL_1SWAP_STOP_NO_DETERMINISTIC_BOUND
5.156148178382585e-06,2.3060569558606908e-05,VERIFIED,16,1.7904421380224323e-05,2008,early,Bounded local teacher trajectory; not global oracle; candidate/ranking/search combined. Partial path final maximum/comparison omitted.,COMPLETED,3,LOCAL_3ACTION_BUDGET_COMPLETE
1.346043345091873e-06,1.816963749778351e-05,VERIFIED,4,1.6823594152691637e-05,2008,middle,Bounded local teacher trajectory; not global oracle; candidate/ranking/search combined. Partial path final maximum/comparison omitted.,COMPLETED,3,LOCAL_3ACTION_BUDGET_COMPLETE
8.214347122977799e-06,2.2428952031255953e-05,VERIFIED,8,1.4214604908278154e-05,2008,middle,Bounded local teacher trajectory; not global oracle; candidate/ranking/search combined. Partial path final maximum/comparison omitted.,COMPLETED,3,LOCAL_3ACTION_BUDGET_COMPLETE
2.1164046095808883e-06,5.077129078832827e-06,VERIFIED,16,2.960724469251939e-06,2008,middle,Bounded local teacher trajectory; not global oracle; candidate/ranking/search combined. Partial path final maximum/comparison omitted.,COMPLETED,3,LOCAL_3ACTION_BUDGET_COMPLETE
1.198003178694554e-06,6.9315003283181676e-06,VERIFIED,4,5.7334971496236136e-06,2008,late,Bounded local teacher trajectory; not global oracle; candidate/ranking/search combined. Partial path final maximum/comparison omitted.,COMPLETED,2,NUMERICAL_LOCAL_1SWAP_STOP_NO_DETERMINISTIC_BOUND
5.220885517300572e-07,1.4903312246447417e-06,VERIFIED,8,9.682426729146845e-07,2008,late,Bounded local teacher trajectory; not global oracle; candidate/ranking/search combined. Partial path final maximum/comparison omitted.,COMPLETED,3,LOCAL_3ACTION_BUDGET_COMPLETE
2.3362744823128856e-07,6.577366348503976e-07,VERIFIED,16,4.24109186619109e-07,2008,late,Bounded local teacher trajectory; not global oracle; candidate/ranking/search combined. Partial path final maximum/comparison omitted.,COMPLETED,3,LOCAL_3ACTION_BUDGET_COMPLETE
0.00044279311610825596,0.0006596904975225382,VERIFIED,4,0.00021689738141428229,2009,early,Bounded local teacher trajectory; not global oracle; candidate/ranking/search combined. Partial path final maximum/comparison omitted.,COMPLETED,3,LOCAL_3ACTION_BUDGET_COMPLETE
0.00025453448204343544,0.00031414980864326856,VERIFIED,8,5.9615326599833134e-05,2009,early,Bounded local teacher trajectory; not global oracle; candidate/ranking/search combined. Partial path final maximum/comparison omitted.,COMPLETED,3,LOCAL_3ACTION_BUDGET_COMPLETE
1.707512268866996e-05,3.719825007097843e-05,VERIFIED,16,2.012312738230847e-05,2009,early,Bounded local teacher trajectory; not global oracle; candidate/ranking/search combined. Partial path final maximum/comparison omitted.,COMPLETED,3,LOCAL_3ACTION_BUDGET_COMPLETE
1.3307332074717245e-05,4.1752424259065734e-05,VERIFIED,4,2.844509218434849e-05,2009,middle,Bounded local teacher trajectory; not global oracle; candidate/ranking/search combined. Partial path final maximum/comparison omitted.,COMPLETED,3,LOCAL_3ACTION_BUDGET_COMPLETE
1.3948706720975724e-05,2.4626216980815976e-05,VERIFIED,8,1.0677510259840251e-05,2009,middle,Bounded local teacher trajectory; not global oracle; candidate/ranking/search combined. Partial path final maximum/comparison omitted.,COMPLETED,3,LOCAL_3ACTION_BUDGET_COMPLETE
3.4210178953204797e-06,5.895901606719232e-06,VERIFIED,16,2.474883711398752e-06,2009,middle,Bounded local teacher trajectory; not global oracle; candidate/ranking/search combined. Partial path final maximum/comparison omitted.,COMPLETED,3,LOCAL_3ACTION_BUDGET_COMPLETE
0.00010177420168392846,0.00016888086056069583,VERIFIED,4,6.710665887676737e-05,2009,late,Bounded local teacher trajectory; not global oracle; candidate/ranking/search combined. Partial path final maximum/comparison omitted.,COMPLETED,3,LOCAL_3ACTION_BUDGET_COMPLETE
1.4286140961403345e-05,4.1387413980273146e-05,VERIFIED,8,2.71012730188698e-05,2009,late,Bounded local teacher trajectory; not global oracle; candidate/ranking/search combined. Partial path final maximum/comparison omitted.,COMPLETED,3,LOCAL_3ACTION_BUDGET_COMPLETE
4.6368006283192895e-06,8.38505971920059e-06,VERIFIED,16,3.7482590908813003e-06,2009,late,Bounded local teacher trajectory; not global oracle; candidate/ranking/search combined. Partial path final maximum/comparison omitted.,COMPLETED,3,LOCAL_3ACTION_BUDGET_COMPLETE
0.0005021995440888937,0.0006556559736406981,VERIFIED,4,0.00015345642955180445,2010,early,Bounded local teacher trajectory; not global oracle; candidate/ranking/search combined. Partial path final maximum/comparison omitted.,COMPLETED,2,NUMERICAL_LOCAL_1SWAP_STOP_NO_DETERMINISTIC_BOUND
0.0005477324402184156,0.0006172700389225665,VERIFIED,8,6.95375987041509e-05,2010,early,Bounded local teacher trajectory; not global oracle; candidate/ranking/search combined. Partial path final maximum/comparison omitted.,COMPLETED,3,LOCAL_3ACTION_BUDGET_COMPLETE
1.2235901742635342e-05,4.5377495432612256e-05,VERIFIED,16,3.3141593689976914e-05,2010,early,Bounded local teacher trajectory; not global oracle; candidate/ranking/search combined. Partial path final maximum/comparison omitted.,COMPLETED,3,LOCAL_3ACTION_BUDGET_COMPLETE
-2.3423863097970334e-06,2.9225197182226197e-05,VERIFIED,4,3.156758349202323e-05,2010,middle,Bounded local teacher trajectory; not global oracle; candidate/ranking/search combined. Partial path final maximum/comparison omitted.,COMPLETED,3,LOCAL_3ACTION_BUDGET_COMPLETE
6.162623438887832e-06,2.7636828597065585e-05,VERIFIED,8,2.1474205158177754e-05,2010,middle,Bounded local teacher trajectory; not global oracle; candidate/ranking/search combined. Partial path final maximum/comparison omitted.,COMPLETED,3,LOCAL_3ACTION_BUDGET_COMPLETE
1.43268218825489e-06,6.6766954834676424e-06,VERIFIED,16,5.244013295212752e-06,2010,middle,Bounded local teacher trajectory; not global oracle; candidate/ranking/search combined. Partial path final maximum/comparison omitted.,COMPLETED,2,NUMERICAL_LOCAL_1SWAP_STOP_NO_DETERMINISTIC_BOUND
1.2275550924552113e-05,0.00012016966532273448,VERIFIED,4,0.00010789411439818237,2010,late,Bounded local teacher trajectory; not global oracle; candidate/ranking/search combined. Partial path final maximum/comparison omitted.,COMPLETED,3,LOCAL_3ACTION_BUDGET_COMPLETE
2.6880828256856018e-05,8.843176716083672e-05,VERIFIED,8,6.15509389039807e-05,2010,late,Bounded local teacher trajectory; not global oracle; candidate/ranking/search combined. Partial path final maximum/comparison omitted.,COMPLETED,3,LOCAL_3ACTION_BUDGET_COMPLETE
9.792585688299817e-06,3.778921915912733e-05,VERIFIED,16,2.799663347082751e-05,2010,late,Bounded local teacher trajectory; not global oracle; candidate/ranking/search combined. Partial path final maximum/comparison omitted.,COMPLETED,3,LOCAL_3ACTION_BUDGET_COMPLETE
0.0007312637090327157,0.0008355316767389723,VERIFIED,4,0.00010426796770625664,2011,early,Bounded local teacher trajectory; not global oracle; candidate/ranking/search combined. Partial path final maximum/comparison omitted.,COMPLETED,3,LOCAL_3ACTION_BUDGET_COMPLETE
0.00036845102355152965,0.00041425206713854607,VERIFIED,8,4.580104358701639e-05,2011,early,Bounded local teacher trajectory; not global oracle; candidate/ranking/search combined. Partial path final maximum/comparison omitted.,COMPLETED,3,LOCAL_3ACTION_BUDGET_COMPLETE
9.399720303119504e-06,3.5242032267218485e-05,VERIFIED,16,2.584231196409898e-05,2011,early,Bounded local teacher trajectory; not global oracle; candidate/ranking/search combined. Partial path final maximum/comparison omitted.,COMPLETED,3,LOCAL_3ACTION_BUDGET_COMPLETE
6.935227936535397e-06,4.44052381365748e-05,VERIFIED,4,3.747001020003941e-05,2011,middle,Bounded local teacher trajectory; not global oracle; candidate/ranking/search combined. Partial path final maximum/comparison omitted.,COMPLETED,3,LOCAL_3ACTION_BUDGET_COMPLETE
1.1913732174955043e-05,2.325170884574238e-05,VERIFIED,8,1.1337976670787336e-05,2011,middle,Bounded local teacher trajectory; not global oracle; candidate/ranking/search combined. Partial path final maximum/comparison omitted.,COMPLETED,3,LOCAL_3ACTION_BUDGET_COMPLETE
1.1282398291091038e-06,5.837199479236314e-06,VERIFIED,16,4.70895965012721e-06,2011,middle,Bounded local teacher trajectory; not global oracle; candidate/ranking/search combined. Partial path final maximum/comparison omitted.,COMPLETED,3,LOCAL_3ACTION_BUDGET_COMPLETE
8.899379520138227e-06,8.556457245483908e-05,VERIFIED,4,7.666519293470085e-05,2011,late,Bounded local teacher trajectory; not global oracle; candidate/ranking/search combined. Partial path final maximum/comparison omitted.,COMPLETED,3,LOCAL_3ACTION_BUDGET_COMPLETE
2.6238198241845294e-05,5.2979420737363706e-05,VERIFIED,8,2.6741222495518412e-05,2011,late,Bounded local teacher trajectory; not global oracle; candidate/ranking/search combined. Partial path final maximum/comparison omitted.,COMPLETED,3,LOCAL_3ACTION_BUDGET_COMPLETE
8.322902831154337e-06,1.1371647399174078e-05,VERIFIED,16,3.0487445680197405e-06,2011,late,Bounded local teacher trajectory; not global oracle; candidate/ranking/search combined. Partial path final maximum/comparison omitted.,COMPLETED,3,LOCAL_3ACTION_BUDGET_COMPLETE
1.985354652988272e-05,4.0438326738748675e-05,VERIFIED,4,2.0584780208865957e-05,2013,early,Bounded local teacher trajectory; not global oracle; candidate/ranking/search combined. Partial path final maximum/comparison omitted.,COMPLETED,3,LOCAL_3ACTION_BUDGET_COMPLETE
1.6094506036060984e-05,2.3972603658170912e-05,VERIFIED,8,7.878097622109928e-06,2013,early,Bounded local teacher trajectory; not global oracle; candidate/ranking/search combined. Partial path final maximum/comparison omitted.,COMPLETED,3,LOCAL_3ACTION_BUDGET_COMPLETE
5.434626834973661e-07,4.22473492942125e-06,VERIFIED,16,3.681272245923884e-06,2013,early,Bounded local teacher trajectory; not global oracle; candidate/ranking/search combined. Partial path final maximum/comparison omitted.,COMPLETED,3,LOCAL_3ACTION_BUDGET_COMPLETE
1.5434572050512474e-05,2.2430817550856343e-05,VERIFIED,4,6.996245500343869e-06,2013,middle,Bounded local teacher trajectory; not global oracle; candidate/ranking/search combined. Partial path final maximum/comparison omitted.,COMPLETED,3,LOCAL_3ACTION_BUDGET_COMPLETE
9.061229901327293e-06,1.218589849214885e-05,VERIFIED,8,3.1246685908215573e-06,2013,middle,Bounded local teacher trajectory; not global oracle; candidate/ranking/search combined. Partial path final maximum/comparison omitted.,COMPLETED,3,LOCAL_3ACTION_BUDGET_COMPLETE
3.509868164465666e-07,1.0170168976440607e-06,VERIFIED,16,6.660300811974941e-07,2013,middle,Bounded local teacher trajectory; not global oracle; candidate/ranking/search combined. Partial path final maximum/comparison omitted.,COMPLETED,3,LOCAL_3ACTION_BUDGET_COMPLETE
7.706437651488849e-05,0.0001135079642423149,VERIFIED,4,3.644358772742641e-05,2013,late,Bounded local teacher trajectory; not global oracle; candidate/ranking/search combined. Partial path final maximum/comparison omitted.,COMPLETED,3,LOCAL_3ACTION_BUDGET_COMPLETE
1.4470102500740272e-05,2.444678527015713e-05,VERIFIED,8,9.976682769416858e-06,2013,late,Bounded local teacher trajectory; not global oracle; candidate/ranking/search combined. Partial path final maximum/comparison omitted.,COMPLETED,3,LOCAL_3ACTION_BUDGET_COMPLETE
4.029497435744075e-06,5.91002081574566e-06,VERIFIED,16,1.8805233800015854e-06,2013,late,Bounded local teacher trajectory; not global oracle; candidate/ranking/search combined. Partial path final maximum/comparison omitted.,COMPLETED,3,LOCAL_3ACTION_BUDGET_COMPLETE
4.0875236012613706e-05,6.707854592974826e-05,VERIFIED,4,2.6203309917134558e-05,2016,early,Bounded local teacher trajectory; not global oracle; candidate/ranking/search combined. Partial path final maximum/comparison omitted.,COMPLETED,3,LOCAL_3ACTION_BUDGET_COMPLETE
4.159432280615961e-05,5.761848752430062e-05,VERIFIED,8,1.602416471814101e-05,2016,early,Bounded local teacher trajectory; not global oracle; candidate/ranking/search combined. Partial path final maximum/comparison omitted.,COMPLETED,3,LOCAL_3ACTION_BUDGET_COMPLETE
6.550940595364492e-06,1.33278085703005e-05,VERIFIED,16,6.776867974936008e-06,2016,early,Bounded local teacher trajectory; not global oracle; candidate/ranking/search combined. Partial path final maximum/comparison omitted.,COMPLETED,3,LOCAL_3ACTION_BUDGET_COMPLETE
1.007618405020828e-05,1.8264982824510703e-05,VERIFIED,4,8.188798774302424e-06,2016,middle,Bounded local teacher trajectory; not global oracle; candidate/ranking/search combined. Partial path final maximum/comparison omitted.,COMPLETED,3,LOCAL_3ACTION_BUDGET_COMPLETE
7.5255987494128456e-06,1.1856259173930665e-05,VERIFIED,8,4.3306604245178195e-06,2016,middle,Bounded local teacher trajectory; not global oracle; candidate/ranking/search combined. Partial path final maximum/comparison omitted.,COMPLETED,3,LOCAL_3ACTION_BUDGET_COMPLETE
2.580914249105707e-07,1.7451757665233558e-06,VERIFIED,16,1.4870843416127851e-06,2016,middle,Bounded local teacher trajectory; not global oracle; candidate/ranking/search combined. Partial path final maximum/comparison omitted.,COMPLETED,3,LOCAL_3ACTION_BUDGET_COMPLETE
,,FIXED_PREREQUISITE_EXCLUSION_VERIFIED,4,,2016,late,Bounded local teacher trajectory; not global oracle; candidate/ranking/search combined. Partial path final maximum/comparison omitted.,NOT_RUN_PRIMARY_INCOMPLETE,,
,,FIXED_PREREQUISITE_EXCLUSION_VERIFIED,8,,2016,late,Bounded local teacher trajectory; not global oracle; candidate/ranking/search combined. Partial path final maximum/comparison omitted.,NOT_RUN_PRIMARY_INCOMPLETE,,
,,FIXED_PREREQUISITE_EXCLUSION_VERIFIED,16,,2016,late,Bounded local teacher trajectory; not global oracle; candidate/ranking/search combined. Partial path final maximum/comparison omitted.,NOT_RUN_PRIMARY_INCOMPLETE,,
