object_id,phase,k,source_directory,state_hash,pool_hash,receiver_full_gap,teacher_full_gap,tau,teacher_best_gain_reported,checkpoint_full_domain_coverage
2001,early,4,<WORKSPACE>/Gaussian/A17/EXCHANGE_R1/results/object_2001_early,25387349f2beb0f96d242ca9b954a62e6bfcc22e30747f954ca70f472e65a2bd,279031dac62ec328458cf4139632c998e1ddd65e7bfd05ce3dddf87adfe4fd5d,0.0013352954485755715,9.293965455287007e-05,2.8915684191413185e-14,0.0011416925426274067,True
2001,early,8,<WORKSPACE>/Gaussian/A17/EXCHANGE_R1/results/object_2001_early,25387349f2beb0f96d242ca9b954a62e6bfcc22e30747f954ca70f472e65a2bd,279031dac62ec328458cf4139632c998e1ddd65e7bfd05ce3dddf87adfe4fd5d,8.831780221564739e-05,4.3746782951082126e-05,2.8915684191413185e-14,3.1378348739380076e-05,True
2001,early,16,<WORKSPACE>/Gaussian/A17/EXCHANGE_R1/results/object_2001_early,25387349f2beb0f96d242ca9b954a62e6bfcc22e30747f954ca70f472e65a2bd,279031dac62ec328458cf4139632c998e1ddd65e7bfd05ce3dddf87adfe4fd5d,2.642871382533148e-05,1.1255674930022549e-05,2.8915684191413185e-14,9.112878599298899e-06,True
2001,late,4,<WORKSPACE>/Gaussian/A17/EXCHANGE_R1/results/object_2001_late,d5fc5494354cea7464d2f8ddbc5f32111d2b6748329d0269bb5b6c73feaf452c,50212acd39c0673d92c7e84e553969c2fa211b850768668e9fbe47ad2294bfa9,0.00028650196246260613,2.031567963021609e-05,1.820467525657628e-18,0.00024159900304511435,True
2001,late,8,<WORKSPACE>/Gaussian/A17/EXCHANGE_R1/results/object_2001_late,d5fc5494354cea7464d2f8ddbc5f32111d2b6748329d0269bb5b6c73feaf452c,50212acd39c0673d92c7e84e553969c2fa211b850768668e9fbe47ad2294bfa9,5.7316672820409987e-05,7.2582153475427034e-06,1.820467525657628e-18,4.5600691603770534e-05,True
2001,late,16,<WORKSPACE>/Gaussian/A17/EXCHANGE_R1/results/object_2001_late,d5fc5494354cea7464d2f8ddbc5f32111d2b6748329d0269bb5b6c73feaf452c,50212acd39c0673d92c7e84e553969c2fa211b850768668e9fbe47ad2294bfa9,3.468408115451801e-06,8.976429004932807e-07,1.820467525657628e-18,1.8910813298995218e-06,True
2001,middle,4,<WORKSPACE>/Gaussian/A17/EXCHANGE_R1/results/object_2001_middle,e076178633bf9785d5aa8753ba8ccee97b67a6fc13c2032433576194de3221a3,e0bf563b31bd47b8229475c739278acbcfa609d023117c83b70f211d928128b3,7.479667797000949e-05,5.4142192854027635e-06,2.1871235165076276e-18,6.343253286060239e-05,True
2001,middle,8,<WORKSPACE>/Gaussian/A17/EXCHANGE_R1/results/object_2001_middle,e076178633bf9785d5aa8753ba8ccee97b67a6fc13c2032433576194de3221a3,e0bf563b31bd47b8229475c739278acbcfa609d023117c83b70f211d928128b3,8.780418261098822e-06,2.607719368863609e-06,2.1871235165076276e-18,4.946275217340727e-06,True
2001,middle,16,<WORKSPACE>/Gaussian/A17/EXCHANGE_R1/results/object_2001_middle,e076178633bf9785d5aa8753ba8ccee97b67a6fc13c2032433576194de3221a3,e0bf563b31bd47b8229475c739278acbcfa609d023117c83b70f211d928128b3,1.1460114827364732e-06,7.600174497749725e-07,2.1871235165076276e-18,2.443137278800288e-07,True
2007,early,4,<WORKSPACE>/Gaussian/A17/EXCHANGE_R1/results/object_2007_early_portable,25387349f2beb0f96d242ca9b954a62e6bfcc22e30747f954ca70f472e65a2bd,26106a1c238544d78f76de616ce9d2614f2f15120f481ce864ad6bd62b0113ef,0.00014968486970471037,3.04079430320758e-05,7.923586935705524e-15,9.425079629363262e-05,True
2007,early,8,<WORKSPACE>/Gaussian/A17/EXCHANGE_R1/results/object_2007_early_portable,25387349f2beb0f96d242ca9b954a62e6bfcc22e30747f954ca70f472e65a2bd,26106a1c238544d78f76de616ce9d2614f2f15120f481ce864ad6bd62b0113ef,0.00011170559705552777,1.2603432175591768e-05,7.923586935705524e-15,8.363810721109071e-05,True
2007,early,16,<WORKSPACE>/Gaussian/A17/EXCHANGE_R1/results/object_2007_early_portable,25387349f2beb0f96d242ca9b954a62e6bfcc22e30747f954ca70f472e65a2bd,26106a1c238544d78f76de616ce9d2614f2f15120f481ce864ad6bd62b0113ef,1.9219206255082333e-05,7.2387591665970815e-06,7.923586935705524e-15,8.765841265912128e-06,True
2007,late,4,<WORKSPACE>/Gaussian/A17/EXCHANGE_R1/results/object_2007_late,8b6ae019adc6227a1c90d1bb327c514b1a79631e0803834efb187b2f9b415f24,87b802fa63668f337f8ab5563faed5907a2fbbc8afe91916d542368a05106d7c,6.389384427794856e-05,3.1385197740596573e-05,8.874192326995243e-19,3.250864653735198e-05,True
2007,late,8,<WORKSPACE>/Gaussian/A17/EXCHANGE_R1/results/object_2007_late,8b6ae019adc6227a1c90d1bb327c514b1a79631e0803834efb187b2f9b415f24,87b802fa63668f337f8ab5563faed5907a2fbbc8afe91916d542368a05106d7c,3.065775223676982e-05,4.6089437175503005e-06,8.874192326995243e-19,1.994430842532856e-05,True
2007,late,16,<WORKSPACE>/Gaussian/A17/EXCHANGE_R1/results/object_2007_late,8b6ae019adc6227a1c90d1bb327c514b1a79631e0803834efb187b2f9b415f24,87b802fa63668f337f8ab5563faed5907a2fbbc8afe91916d542368a05106d7c,3.236227535097006e-06,5.595127206302929e-07,8.874192326995243e-19,2.149830519446046e-06,True
2007,middle,4,<WORKSPACE>/Gaussian/A17/EXCHANGE_R1/results/object_2007_middle,b21bb4739b29eb7a9609a3988b53c0feb3fd02e4cc8439d65a6ab1dcdbb7ea25,7c708621363a1f54816c3f30f0a5b9490c9fcb305df7cf817f3398432fe3c9bc,6.506961099199865e-05,3.1363471997757527e-06,1.213399455334563e-18,5.045426377356461e-05,True
2007,middle,8,<WORKSPACE>/Gaussian/A17/EXCHANGE_R1/results/object_2007_middle,b21bb4739b29eb7a9609a3988b53c0feb3fd02e4cc8439d65a6ab1dcdbb7ea25,7c708621363a1f54816c3f30f0a5b9490c9fcb305df7cf817f3398432fe3c9bc,1.0559067555006145e-05,1.6585047522375828e-06,1.213399455334563e-18,7.348525927528407e-06,True
2007,middle,16,<WORKSPACE>/Gaussian/A17/EXCHANGE_R1/results/object_2007_middle,b21bb4739b29eb7a9609a3988b53c0feb3fd02e4cc8439d65a6ab1dcdbb7ea25,7c708621363a1f54816c3f30f0a5b9490c9fcb305df7cf817f3398432fe3c9bc,1.6289989965491702e-06,2.7516590145584836e-07,1.213399455334563e-18,1.0420581718022477e-06,True
2012,early,4,<WORKSPACE>/Gaussian/A17/EXCHANGE_R1/results/object_2012_early,25387349f2beb0f96d242ca9b954a62e6bfcc22e30747f954ca70f472e65a2bd,1b8d28c9a325e4528b333f93c4eb260b516b3016d9e8c823bf68a33812c2279c,0.0024402768227154716,0.00020734246493680578,3.8122333276399174e-14,0.002044583855756647,True
2012,early,8,<WORKSPACE>/Gaussian/A17/EXCHANGE_R1/results/object_2012_early,25387349f2beb0f96d242ca9b954a62e6bfcc22e30747f954ca70f472e65a2bd,1b8d28c9a325e4528b333f93c4eb260b516b3016d9e8c823bf68a33812c2279c,0.00031171475014024744,7.844655168745681e-05,3.8122333276399174e-14,0.0001610507384499648,True
2012,early,16,<WORKSPACE>/Gaussian/A17/EXCHANGE_R1/results/object_2012_early,25387349f2beb0f96d242ca9b954a62e6bfcc22e30747f954ca70f472e65a2bd,1b8d28c9a325e4528b333f93c4eb260b516b3016d9e8c823bf68a33812c2279c,0.00010560798930447643,4.0933274956382264e-05,3.8122333276399174e-14,5.613705256165327e-05,True
2012,late,4,<WORKSPACE>/Gaussian/A17/EXCHANGE_R1/results/object_2012_late,8d23d77df9571531f26acc45ca51dc73068ce28f1180c843477c23bfd995499f,45c6c90baceeac68f1272dbe8de7256e3e0f9523cc12d68b0407332c6d5d0241,0.00023145305963441235,7.828963159974181e-05,1.092264853824229e-17,0.0001105785304810855,True
2012,late,8,<WORKSPACE>/Gaussian/A17/EXCHANGE_R1/results/object_2012_late,8d23d77df9571531f26acc45ca51dc73068ce28f1180c843477c23bfd995499f,45c6c90baceeac68f1272dbe8de7256e3e0f9523cc12d68b0407332c6d5d0241,0.00014620820128459882,5.314688676604179e-05,1.092264853824229e-17,8.188324505224582e-05,True
2012,late,16,<WORKSPACE>/Gaussian/A17/EXCHANGE_R1/results/object_2012_late,8d23d77df9571531f26acc45ca51dc73068ce28f1180c843477c23bfd995499f,45c6c90baceeac68f1272dbe8de7256e3e0f9523cc12d68b0407332c6d5d0241,4.508831278957633e-05,1.9228742751695028e-05,1.092264853824229e-17,1.7465164670603108e-05,True
2012,middle,4,<WORKSPACE>/Gaussian/A17/EXCHANGE_R1/results/object_2012_middle,6bb612278b131a2b4bd62344122f5a462651f080d63727a172cd273e16664884,92a2012fcd2c647e2ec3c2ce4ebd22933b2156099a2e0020204ff3316c7ed88c,0.00011780471056040618,2.7648125591024505e-05,1.631439621053487e-17,6.802253009648295e-05,True
2012,middle,8,<WORKSPACE>/Gaussian/A17/EXCHANGE_R1/results/object_2012_middle,6bb612278b131a2b4bd62344122f5a462651f080d63727a172cd273e16664884,92a2012fcd2c647e2ec3c2ce4ebd22933b2156099a2e0020204ff3316c7ed88c,8.54205231306445e-05,1.9621768452457782e-05,1.631439621053487e-17,4.780611579695947e-05,True
2012,middle,16,<WORKSPACE>/Gaussian/A17/EXCHANGE_R1/results/object_2012_middle,6bb612278b131a2b4bd62344122f5a462651f080d63727a172cd273e16664884,92a2012fcd2c647e2ec3c2ce4ebd22933b2156099a2e0020204ff3316c7ed88c,1.6665532899026715e-05,7.227407567653199e-06,1.631439621053487e-17,6.532482408791917e-06,True
2014,early,4,<WORKSPACE>/Gaussian/A17/EXCHANGE_R1/results/object_2014_early,25387349f2beb0f96d242ca9b954a62e6bfcc22e30747f954ca70f472e65a2bd,15474a2e7dfb31aa73576c60d06182b0d2ccfdb87e63d2d45e59b2a6b1f4cca0,0.00017215927623219826,3.0515715682578303e-05,6.847644058182508e-15,0.0001096880541810124,True
2014,early,8,<WORKSPACE>/Gaussian/A17/EXCHANGE_R1/results/object_2014_early,25387349f2beb0f96d242ca9b954a62e6bfcc22e30747f954ca70f472e65a2bd,15474a2e7dfb31aa73576c60d06182b0d2ccfdb87e63d2d45e59b2a6b1f4cca0,0.00010960541660527047,1.584784747208179e-05,6.847644058182508e-15,8.001094841804206e-05,True
2014,early,16,<WORKSPACE>/Gaussian/A17/EXCHANGE_R1/results/object_2014_early,25387349f2beb0f96d242ca9b954a62e6bfcc22e30747f954ca70f472e65a2bd,15474a2e7dfb31aa73576c60d06182b0d2ccfdb87e63d2d45e59b2a6b1f4cca0,1.8452661519246796e-05,5.936814397953798e-06,6.847644058182508e-15,1.0811571047175194e-05,True
2014,late,4,<WORKSPACE>/Gaussian/A17/EXCHANGE_R1/results/object_2014_late,b6f31291e28a44f1d1dd91471e5aaa02f3016e0dcf28b70e027f1ca996b71776,724f34a334747b84b3771eceb80690f702f3a5090219818629f7153498118ec5,0.00024116505258958958,3.27612250361591e-05,3.6589387655649e-18,0.00017103073228718,True
2014,late,8,<WORKSPACE>/Gaussian/A17/EXCHANGE_R1/results/object_2014_late,b6f31291e28a44f1d1dd91471e5aaa02f3016e0dcf28b70e027f1ca996b71776,724f34a334747b84b3771eceb80690f702f3a5090219818629f7153498118ec5,4.5278477283791125e-05,1.3526911136196234e-05,3.6589387655649e-18,2.0182331678907034e-05,True
2014,late,16,<WORKSPACE>/Gaussian/A17/EXCHANGE_R1/results/object_2014_late,b6f31291e28a44f1d1dd91471e5aaa02f3016e0dcf28b70e027f1ca996b71776,724f34a334747b84b3771eceb80690f702f3a5090219818629f7153498118ec5,1.697924548216187e-05,7.995628124510769e-06,3.6589387655649e-18,3.093386832957167e-06,True
2014,middle,4,<WORKSPACE>/Gaussian/A17/EXCHANGE_R1/results/object_2014_middle,aa19917b3f8553f3b14fade897f0ee673eb6b42e1939ee1a084a9f381f3a6cde,7d83c21331b4d5e2cec872c4e5a1e5262c86356fdcf1cd1ce9a4e12be7ffa741,0.00012923392770278295,1.1205728629819452e-05,2.6036195269324288e-18,9.454137298142442e-05,True
2014,middle,8,<WORKSPACE>/Gaussian/A17/EXCHANGE_R1/results/object_2014_middle,aa19917b3f8553f3b14fade897f0ee673eb6b42e1939ee1a084a9f381f3a6cde,7d83c21331b4d5e2cec872c4e5a1e5262c86356fdcf1cd1ce9a4e12be7ffa741,4.3933076066599486e-05,7.3755419505300316e-06,2.6036195269324288e-18,2.610303148566161e-05,True
2014,middle,16,<WORKSPACE>/Gaussian/A17/EXCHANGE_R1/results/object_2014_middle,aa19917b3f8553f3b14fade897f0ee673eb6b42e1939ee1a084a9f381f3a6cde,7d83c21331b4d5e2cec872c4e5a1e5262c86356fdcf1cd1ce9a4e12be7ffa741,7.809939906254358e-06,2.5703728736107063e-06,2.6036195269324288e-18,3.602773009522938e-06,True
