attempt,binding_status,command_baseline_root,exit_code,limit_s,object_id,occupation_s,phase,stop_reason
a17_closure_coverage_v2_2002_early_1d351a582a2a4538b2a5c17e42c8eb3e,INVALID_BINDINGS,D:/AI/A17_CURRENT_EXCHANGE,0,7200.0,2002,536.1570000000065,early,
a17_closure_coverage_v2_2002_middle_63d7782025404e66a9f6e4c93eeb6871,INVALID_BINDINGS,D:/AI/A17_CURRENT_EXCHANGE,0,7200.0,2002,499.36000000004424,middle,
a17_closure_coverage_v2_2002_late_48de236776264213baebb8e4b116e257,INVALID_BINDINGS,D:/AI/A17_CURRENT_EXCHANGE,0,7200.0,2002,494.5,late,
a17_closure_coverage_v2_2003_early_5f68493a4510448f833ed252f71a7b8e,INVALID_BINDINGS,D:/AI/A17_CURRENT_EXCHANGE,0,7200.0,2003,41.73399999999674,early,
a17_closure_coverage_v2_2003_middle_319135d99ea1440f9ee049a58159c71c,INVALID_BINDINGS,D:/AI/A17_CURRENT_EXCHANGE,0,7200.0,2003,53.32900000002701,middle,
a17_closure_coverage_v2_2003_late_d840da8612bf40cab13f4e705698b9ed,INVALID_BINDINGS,D:/AI/A17_CURRENT_EXCHANGE,0,7200.0,2003,53.13999999995576,late,
a17_closure_coverage_v2_2004_early_51e2c95d62a740d4b3f605696abffdd8,INVALID_BINDINGS,D:/AI/A17_CURRENT_EXCHANGE,0,7200.0,2004,495.18800000002375,early,
a17_closure_coverage_v2_2004_middle_a25b4a13e1784b5287dc5f32c53be725,INVALID_BINDINGS,D:/AI/A17_CURRENT_EXCHANGE,0,7200.0,2004,496.81299999996554,middle,
a17_closure_coverage_v2_2004_late_062096ed12c84b2ca21a854efdcab5b2,INVALID_BINDINGS,D:/AI/A17_CURRENT_EXCHANGE,0,7200.0,2004,499.31199999997625,late,
a17_closure_coverage_v2_2005_early_2bc55736099a491f94eb2746e35d369a,INVALID_BINDINGS,D:/AI/A17_CURRENT_EXCHANGE,0,7200.0,2005,51.31199999997625,early,
a17_closure_coverage_v2_2005_middle_4a51c7bd47e14f0b933358ccc54d6c0d,INVALID_BINDINGS,D:/AI/A17_CURRENT_EXCHANGE,0,7200.0,2005,52.89100000000326,middle,
a17_closure_coverage_v2_2005_late_265c8daa32034f5aaf6a2a666e59e183,INVALID_BINDINGS,D:/AI/A17_CURRENT_EXCHANGE,0,7200.0,2005,52.78200000000652,late,
a17_closure_coverage_v2_2006_early_1b04d273d46f46568fc904c1f2e66ea7,INVALID_BINDINGS,D:/AI/A17_CURRENT_EXCHANGE,0,7200.0,2006,496.125,early,
a17_closure_coverage_v2_2006_middle_55a55af1abd14ddfb13b7e990dba4af1,INVALID_BINDINGS,D:/AI/A17_CURRENT_EXCHANGE,0,7200.0,2006,494.5,middle,
a17_closure_coverage_v2_2006_late_13e65ebb69de4bd9a1c6f1d5b90c415f,INVALID_BINDINGS,D:/AI/A17_CURRENT_EXCHANGE,0,7200.0,2006,364.7969999999623,late,
a17_closure_coverage_v2_2008_early_91059307b3e74ba1bd166487faebd1e6,INVALID_BINDINGS,D:/AI/A17_CURRENT_EXCHANGE,0,7200.0,2008,496.625,early,
a17_closure_coverage_v2_2008_middle_f09a30e6861347babd89bdec65214cae,INVALID_BINDINGS,D:/AI/A17_CURRENT_EXCHANGE,0,7200.0,2008,495.4679999999935,middle,
a17_closure_coverage_v2_2008_late_7df3d9eec888455f9b4875babc860ca9,INVALID_BINDINGS,D:/AI/A17_CURRENT_EXCHANGE,0,7200.0,2008,416.375,late,
a17_closure_coverage_v2_2009_early_7424eb9535694cc6b64ba56b10e69192,INVALID_BINDINGS,D:/AI/A17_CURRENT_EXCHANGE,0,7200.0,2009,52.82799999997951,early,
a17_closure_coverage_v2_2009_middle_715391c487674809a7bc01f8f453a0bd,INVALID_BINDINGS,D:/AI/A17_CURRENT_EXCHANGE,0,7200.0,2009,53.03100000001723,middle,
a17_closure_coverage_v2_2009_late_40edc12529384a97b3283b75f7bd8f6b,INVALID_BINDINGS,D:/AI/A17_CURRENT_EXCHANGE,0,7200.0,2009,52.875,late,
a17_closure_coverage_v2_2010_early_a1e0d87e87954ac9b88d7152555a3463,INVALID_BINDINGS,D:/AI/A17_CURRENT_EXCHANGE,0,7200.0,2010,494.15600000001723,early,
a17_closure_coverage_v2_2010_middle_18e01e575f9c49699dc86aaa910a93e7,INVALID_BINDINGS,D:/AI/A17_CURRENT_EXCHANGE,0,7200.0,2010,497.21899999998277,middle,
a17_closure_coverage_v2_2010_late_68ed3e6a068a49448de670764fbd1f1b,INVALID_BINDINGS,D:/AI/A17_CURRENT_EXCHANGE,0,7200.0,2010,484.23399999999674,late,
a17_closure_coverage_v2_2011_early_5726617c1d084742b05864acb50cc23e,INVALID_BINDINGS,D:/AI/A17_CURRENT_EXCHANGE,0,7200.0,2011,53.29700000002049,early,
a17_closure_coverage_v2_2011_middle_709ca6e50665443da3a7f25e83f9d8eb,INVALID_BINDINGS,D:/AI/A17_CURRENT_EXCHANGE,0,7200.0,2011,52.96900000004098,middle,
a17_closure_coverage_v2_2011_late_30ca2de8834f41879faf16b78fd9fcf0,INVALID_BINDINGS,D:/AI/A17_CURRENT_EXCHANGE,0,7200.0,2011,52.67200000002049,late,
a17_closure_coverage_v2_2013_early_e442ba0a763c45ed98dacb80383711cf,INVALID_BINDINGS,D:/AI/A17_CURRENT_EXCHANGE,0,7200.0,2013,52.82799999997951,early,
a17_closure_coverage_v2_2013_middle_6be345b9d97f4bd5bd892eb9ab2884da,INVALID_BINDINGS,D:/AI/A17_CURRENT_EXCHANGE,0,7200.0,2013,53.04599999997299,middle,
a17_closure_coverage_v2_2013_late_6a48239c68b34760806d7ca16f305ac9,INVALID_BINDINGS,D:/AI/A17_CURRENT_EXCHANGE,0,7200.0,2013,52.71900000004098,late,
a17_closure_coverage_v2_2016_early_03d28b262666480c89b80da54dd8d924,INVALID_BINDINGS,D:/AI/A17_CURRENT_EXCHANGE,0,7200.0,2016,498.3279999999795,early,
a17_closure_coverage_v2_2016_middle_4d4c6f038e5743bcbca54346ef80e3f7,INVALID_BINDINGS,D:/AI/A17_CURRENT_EXCHANGE,0,7200.0,2016,499.2970000000205,middle,
