attempt,occupation_s,exit_code,stop_reason,identity_sha256,scope,ledger_path,ledger_sha256
a17_closure_gate0_cuda_v2_bc126c07a4174490bf65e841deeaecdb,1.125,1,,3c368eeac70921112170d811fc5a0f553512661fe18f71fb28d17af23218bf58,Whole monitored occupied interval; do not add nested stage walls,Gaussian/A17/CLOSURE_R1/remote_snapshots/primary_complete_v1/execution/gpu_attempts.jsonl,9d154e2ce353e201bf0bb1342045a2fbcb42835329a15a5e40e27e3d0c149dc3
a17_closure_gate0_cuda_v3_c9f6b834b24b4425a1451d6510b46afa,3.9679999999934807,0,,ef253d89e38a0c7fa0de273ca89ca71c3dd64a425b3e5e58d2e6eac8dbb37e45,Whole monitored occupied interval; do not add nested stage walls,Gaussian/A17/CLOSURE_R1/remote_snapshots/primary_complete_v1/execution/gpu_attempts.jsonl,9d154e2ce353e201bf0bb1342045a2fbcb42835329a15a5e40e27e3d0c149dc3
a17_closure_locked_validation_continuation_v1_2003_e62ac5b29b1d42ecac5b63720e7e0f10,90.34400000004098,0,,e489f32fcebdae1548ee959888a6f66cb3da040cae0b7511249f04d4cb0dedbc,Whole monitored occupied interval; do not add nested stage walls,Gaussian/A17/CLOSURE_R1/remote_snapshots/primary_complete_v1/execution/gpu_attempts.jsonl,9d154e2ce353e201bf0bb1342045a2fbcb42835329a15a5e40e27e3d0c149dc3
a17_closure_locked_validation_continuation_v1_2004_abb477d73a064ae1b10a355cc1b6faf7,113.15700000000652,0,,e489f32fcebdae1548ee959888a6f66cb3da040cae0b7511249f04d4cb0dedbc,Whole monitored occupied interval; do not add nested stage walls,Gaussian/A17/CLOSURE_R1/remote_snapshots/primary_complete_v1/execution/gpu_attempts.jsonl,9d154e2ce353e201bf0bb1342045a2fbcb42835329a15a5e40e27e3d0c149dc3
a17_closure_locked_validation_continuation_v1_2005_92e605d173434ee8851cdcb9d151a257,91.82800000003772,0,,e489f32fcebdae1548ee959888a6f66cb3da040cae0b7511249f04d4cb0dedbc,Whole monitored occupied interval; do not add nested stage walls,Gaussian/A17/CLOSURE_R1/remote_snapshots/primary_complete_v1/execution/gpu_attempts.jsonl,9d154e2ce353e201bf0bb1342045a2fbcb42835329a15a5e40e27e3d0c149dc3
a17_closure_locked_validation_continuation_v1_2006_858bf52a07154e46996f117b114eeaef,113.20300000003772,0,,e489f32fcebdae1548ee959888a6f66cb3da040cae0b7511249f04d4cb0dedbc,Whole monitored occupied interval; do not add nested stage walls,Gaussian/A17/CLOSURE_R1/remote_snapshots/primary_complete_v1/execution/gpu_attempts.jsonl,9d154e2ce353e201bf0bb1342045a2fbcb42835329a15a5e40e27e3d0c149dc3
a17_closure_locked_validation_continuation_v1_2008_ec18dd78aa984bef83c87fc401c03e68,113.06300000002375,0,,e489f32fcebdae1548ee959888a6f66cb3da040cae0b7511249f04d4cb0dedbc,Whole monitored occupied interval; do not add nested stage walls,Gaussian/A17/CLOSURE_R1/remote_snapshots/primary_complete_v1/execution/gpu_attempts.jsonl,9d154e2ce353e201bf0bb1342045a2fbcb42835329a15a5e40e27e3d0c149dc3
a17_closure_locked_validation_continuation_v1_2009_a849071e93854311b14c0f3374326e40,91.75,0,,e489f32fcebdae1548ee959888a6f66cb3da040cae0b7511249f04d4cb0dedbc,Whole monitored occupied interval; do not add nested stage walls,Gaussian/A17/CLOSURE_R1/remote_snapshots/primary_complete_v1/execution/gpu_attempts.jsonl,9d154e2ce353e201bf0bb1342045a2fbcb42835329a15a5e40e27e3d0c149dc3
a17_closure_locked_validation_continuation_v1_2010_167ddd9956d4416ead95ca711b1c5b13,113.32799999997951,0,,e489f32fcebdae1548ee959888a6f66cb3da040cae0b7511249f04d4cb0dedbc,Whole monitored occupied interval; do not add nested stage walls,Gaussian/A17/CLOSURE_R1/remote_snapshots/primary_complete_v1/execution/gpu_attempts.jsonl,9d154e2ce353e201bf0bb1342045a2fbcb42835329a15a5e40e27e3d0c149dc3
a17_closure_locked_validation_continuation_v1_2011_7dab4fa1f0964848bdbef12aebd1eeac,88.82799999997951,0,,e489f32fcebdae1548ee959888a6f66cb3da040cae0b7511249f04d4cb0dedbc,Whole monitored occupied interval; do not add nested stage walls,Gaussian/A17/CLOSURE_R1/remote_snapshots/primary_complete_v1/execution/gpu_attempts.jsonl,9d154e2ce353e201bf0bb1342045a2fbcb42835329a15a5e40e27e3d0c149dc3
a17_closure_locked_validation_continuation_v1_2013_258c710f6fc64761805c7d5a5cf78e31,91.39100000000326,0,,e489f32fcebdae1548ee959888a6f66cb3da040cae0b7511249f04d4cb0dedbc,Whole monitored occupied interval; do not add nested stage walls,Gaussian/A17/CLOSURE_R1/remote_snapshots/primary_complete_v1/execution/gpu_attempts.jsonl,9d154e2ce353e201bf0bb1342045a2fbcb42835329a15a5e40e27e3d0c149dc3
a17_closure_locked_validation_continuation_v1_2016_04a22623ea944b76a824ae6aa4285358,100.60899999999674,1,,e489f32fcebdae1548ee959888a6f66cb3da040cae0b7511249f04d4cb0dedbc,Whole monitored occupied interval; do not add nested stage walls,Gaussian/A17/CLOSURE_R1/remote_snapshots/primary_complete_v1/execution/gpu_attempts.jsonl,9d154e2ce353e201bf0bb1342045a2fbcb42835329a15a5e40e27e3d0c149dc3
a17_closure_locked_validation_v1_2002_e3dd53c45173436b8006b14e4a049be2,151.17199999996228,0,,03f9e17619680f0a74688bf3a983ccbb43615e5e0ac63350fef85aa648a30810,Whole monitored occupied interval; do not add nested stage walls,Gaussian/A17/CLOSURE_R1/remote_snapshots/primary_complete_v1/execution/gpu_attempts.jsonl,9d154e2ce353e201bf0bb1342045a2fbcb42835329a15a5e40e27e3d0c149dc3
a17_closure_replay_2007_18d0d03080e94bcb9077334079164044,9.48399999999674,1,,b55eee5d289e0d57fc7669afff0e0fccbfaf002e9d7b16be54ce01a5baa17b2c,Whole monitored occupied interval; do not add nested stage walls,Gaussian/A17/CLOSURE_R1/remote_snapshots/primary_complete_v1/execution/gpu_attempts.jsonl,9d154e2ce353e201bf0bb1342045a2fbcb42835329a15a5e40e27e3d0c149dc3
a17_closure_replay_2007_v2_e219059d9d3b4362886a47dcff3da659,55.21900000004098,0,,c9225489cd5fabf361544e904646418ce4472028935eb564cc3ebe7c5793ccff,Whole monitored occupied interval; do not add nested stage walls,Gaussian/A17/CLOSURE_R1/remote_snapshots/primary_complete_v1/execution/gpu_attempts.jsonl,9d154e2ce353e201bf0bb1342045a2fbcb42835329a15a5e40e27e3d0c149dc3
a17_closure_replay_remaining_v2_2001_7016d76662014c3d98910ea298dfe051,55.51500000001397,0,,c9225489cd5fabf361544e904646418ce4472028935eb564cc3ebe7c5793ccff,Whole monitored occupied interval; do not add nested stage walls,Gaussian/A17/CLOSURE_R1/remote_snapshots/primary_complete_v1/execution/gpu_attempts.jsonl,9d154e2ce353e201bf0bb1342045a2fbcb42835329a15a5e40e27e3d0c149dc3
a17_closure_replay_remaining_v2_2012_779a36662bac440aa852f9ff678d7168,74.64100000000326,0,,c9225489cd5fabf361544e904646418ce4472028935eb564cc3ebe7c5793ccff,Whole monitored occupied interval; do not add nested stage walls,Gaussian/A17/CLOSURE_R1/remote_snapshots/primary_complete_v1/execution/gpu_attempts.jsonl,9d154e2ce353e201bf0bb1342045a2fbcb42835329a15a5e40e27e3d0c149dc3
a17_closure_replay_remaining_v2_2014_ae31117d083b4246a36e7125d4593113,73.88999999995576,0,,c9225489cd5fabf361544e904646418ce4472028935eb564cc3ebe7c5793ccff,Whole monitored occupied interval; do not add nested stage walls,Gaussian/A17/CLOSURE_R1/remote_snapshots/primary_complete_v1/execution/gpu_attempts.jsonl,9d154e2ce353e201bf0bb1342045a2fbcb42835329a15a5e40e27e3d0c149dc3
