mode,object_id,phase,k,noise_basis_points,realization_index,status
replay,2001,early,4,0,0,AUDITED_TERMINAL
replay,2001,early,8,0,0,AUDITED_TERMINAL
replay,2001,early,16,0,0,AUDITED_TERMINAL
replay,2001,middle,4,0,0,AUDITED_TERMINAL
replay,2001,middle,8,0,0,AUDITED_TERMINAL
replay,2001,middle,16,0,0,AUDITED_TERMINAL
replay,2001,late,4,0,0,AUDITED_TERMINAL
replay,2001,late,8,0,0,AUDITED_TERMINAL
replay,2001,late,16,0,0,AUDITED_TERMINAL
replay,2007,early,4,0,0,AUDITED_TERMINAL
replay,2007,early,8,0,0,AUDITED_TERMINAL
replay,2007,early,16,0,0,AUDITED_TERMINAL
replay,2007,middle,4,0,0,AUDITED_TERMINAL
replay,2007,middle,8,0,0,AUDITED_TERMINAL
replay,2007,middle,16,0,0,AUDITED_TERMINAL
replay,2007,late,4,0,0,AUDITED_TERMINAL
replay,2007,late,8,0,0,AUDITED_TERMINAL
replay,2007,late,16,0,0,AUDITED_TERMINAL
replay,2012,early,4,0,0,AUDITED_TERMINAL
replay,2012,early,8,0,0,AUDITED_TERMINAL
replay,2012,early,16,0,0,AUDITED_TERMINAL
replay,2012,middle,4,0,0,AUDITED_TERMINAL
replay,2012,middle,8,0,0,AUDITED_TERMINAL
replay,2012,middle,16,0,0,AUDITED_TERMINAL
replay,2012,late,4,0,0,AUDITED_TERMINAL
replay,2012,late,8,0,0,AUDITED_TERMINAL
replay,2012,late,16,0,0,AUDITED_TERMINAL
replay,2014,early,4,0,0,AUDITED_TERMINAL
replay,2014,early,8,0,0,AUDITED_TERMINAL
replay,2014,early,16,0,0,AUDITED_TERMINAL
replay,2014,middle,4,0,0,AUDITED_TERMINAL
replay,2014,middle,8,0,0,AUDITED_TERMINAL
replay,2014,middle,16,0,0,AUDITED_TERMINAL
replay,2014,late,4,0,0,AUDITED_TERMINAL
replay,2014,late,8,0,0,AUDITED_TERMINAL
replay,2014,late,16,0,0,AUDITED_TERMINAL
validation,2002,early,4,0,0,AUDITED_TERMINAL
validation,2002,early,8,0,0,AUDITED_TERMINAL
validation,2002,early,16,0,0,AUDITED_TERMINAL
validation,2002,middle,4,0,0,AUDITED_TERMINAL
validation,2002,middle,8,0,0,AUDITED_TERMINAL
validation,2002,middle,16,0,0,AUDITED_TERMINAL
validation,2002,late,4,0,0,AUDITED_TERMINAL
validation,2002,late,8,0,0,AUDITED_TERMINAL
validation,2002,late,16,0,0,AUDITED_TERMINAL
validation,2003,early,4,0,0,AUDITED_TERMINAL
validation,2003,early,8,0,0,AUDITED_TERMINAL
validation,2003,early,16,0,0,AUDITED_TERMINAL
validation,2003,middle,4,0,0,AUDITED_TERMINAL
validation,2003,middle,8,0,0,AUDITED_TERMINAL
validation,2003,middle,16,0,0,AUDITED_TERMINAL
validation,2003,late,4,0,0,AUDITED_TERMINAL
validation,2003,late,8,0,0,AUDITED_TERMINAL
validation,2003,late,16,0,0,AUDITED_TERMINAL
validation,2004,early,4,0,0,AUDITED_TERMINAL
validation,2004,early,8,0,0,AUDITED_TERMINAL
validation,2004,early,16,0,0,AUDITED_TERMINAL
validation,2004,middle,4,0,0,AUDITED_TERMINAL
validation,2004,middle,8,0,0,AUDITED_TERMINAL
validation,2004,middle,16,0,0,AUDITED_TERMINAL
validation,2004,late,4,0,0,AUDITED_TERMINAL
validation,2004,late,8,0,0,AUDITED_TERMINAL
validation,2004,late,16,0,0,AUDITED_TERMINAL
validation,2005,early,4,0,0,AUDITED_TERMINAL
validation,2005,early,8,0,0,AUDITED_TERMINAL
validation,2005,early,16,0,0,AUDITED_TERMINAL
validation,2005,middle,4,0,0,AUDITED_TERMINAL
validation,2005,middle,8,0,0,AUDITED_TERMINAL
validation,2005,middle,16,0,0,AUDITED_TERMINAL
validation,2005,late,4,0,0,AUDITED_TERMINAL
validation,2005,late,8,0,0,AUDITED_TERMINAL
validation,2005,late,16,0,0,AUDITED_TERMINAL
validation,2006,early,4,0,0,AUDITED_TERMINAL
validation,2006,early,8,0,0,AUDITED_TERMINAL
validation,2006,early,16,0,0,AUDITED_TERMINAL
validation,2006,middle,4,0,0,AUDITED_TERMINAL
validation,2006,middle,8,0,0,AUDITED_TERMINAL
validation,2006,middle,16,0,0,AUDITED_TERMINAL
validation,2006,late,4,0,0,AUDITED_TERMINAL
validation,2006,late,8,0,0,AUDITED_TERMINAL
validation,2006,late,16,0,0,AUDITED_TERMINAL
validation,2008,early,4,0,0,AUDITED_TERMINAL
validation,2008,early,8,0,0,AUDITED_TERMINAL
validation,2008,early,16,0,0,AUDITED_TERMINAL
validation,2008,middle,4,0,0,AUDITED_TERMINAL
validation,2008,middle,8,0,0,AUDITED_TERMINAL
validation,2008,middle,16,0,0,AUDITED_TERMINAL
validation,2008,late,4,0,0,AUDITED_TERMINAL
validation,2008,late,8,0,0,AUDITED_TERMINAL
validation,2008,late,16,0,0,AUDITED_TERMINAL
validation,2009,early,4,0,0,AUDITED_TERMINAL
validation,2009,early,8,0,0,AUDITED_TERMINAL
validation,2009,early,16,0,0,AUDITED_TERMINAL
validation,2009,middle,4,0,0,AUDITED_TERMINAL
validation,2009,middle,8,0,0,AUDITED_TERMINAL
validation,2009,middle,16,0,0,AUDITED_TERMINAL
validation,2009,late,4,0,0,AUDITED_TERMINAL
validation,2009,late,8,0,0,AUDITED_TERMINAL
validation,2009,late,16,0,0,AUDITED_TERMINAL
validation,2010,early,4,0,0,AUDITED_TERMINAL
validation,2010,early,8,0,0,AUDITED_TERMINAL
validation,2010,early,16,0,0,AUDITED_TERMINAL
validation,2010,middle,4,0,0,AUDITED_TERMINAL
validation,2010,middle,8,0,0,AUDITED_TERMINAL
validation,2010,middle,16,0,0,AUDITED_TERMINAL
validation,2010,late,4,0,0,AUDITED_TERMINAL
validation,2010,late,8,0,0,AUDITED_TERMINAL
validation,2010,late,16,0,0,AUDITED_TERMINAL
validation,2011,early,4,0,0,AUDITED_TERMINAL
validation,2011,early,8,0,0,AUDITED_TERMINAL
validation,2011,early,16,0,0,AUDITED_TERMINAL
validation,2011,middle,4,0,0,AUDITED_TERMINAL
validation,2011,middle,8,0,0,AUDITED_TERMINAL
validation,2011,middle,16,0,0,AUDITED_TERMINAL
validation,2011,late,4,0,0,AUDITED_TERMINAL
validation,2011,late,8,0,0,AUDITED_TERMINAL
validation,2011,late,16,0,0,AUDITED_TERMINAL
validation,2013,early,4,0,0,AUDITED_TERMINAL
validation,2013,early,8,0,0,AUDITED_TERMINAL
validation,2013,early,16,0,0,AUDITED_TERMINAL
validation,2013,middle,4,0,0,AUDITED_TERMINAL
validation,2013,middle,8,0,0,AUDITED_TERMINAL
validation,2013,middle,16,0,0,AUDITED_TERMINAL
validation,2013,late,4,0,0,AUDITED_TERMINAL
validation,2013,late,8,0,0,AUDITED_TERMINAL
validation,2013,late,16,0,0,AUDITED_TERMINAL
validation,2016,early,4,0,0,MISSING_OR_NOT_AUDITED
validation,2016,early,8,0,0,MISSING_OR_NOT_AUDITED
validation,2016,early,16,0,0,MISSING_OR_NOT_AUDITED
validation,2016,middle,4,0,0,MISSING_OR_NOT_AUDITED
validation,2016,middle,8,0,0,MISSING_OR_NOT_AUDITED
validation,2016,middle,16,0,0,MISSING_OR_NOT_AUDITED
validation,2016,late,4,0,0,MISSING_OR_NOT_AUDITED
validation,2016,late,8,0,0,MISSING_OR_NOT_AUDITED
validation,2016,late,16,0,0,MISSING_OR_NOT_AUDITED
noise,2002,middle,4,100,0,MISSING_OR_NOT_AUDITED
noise,2002,middle,4,100,1,MISSING_OR_NOT_AUDITED
noise,2002,middle,4,100,2,MISSING_OR_NOT_AUDITED
noise,2002,middle,4,300,0,MISSING_OR_NOT_AUDITED
noise,2002,middle,4,300,1,MISSING_OR_NOT_AUDITED
noise,2002,middle,4,300,2,MISSING_OR_NOT_AUDITED
noise,2002,middle,8,100,0,MISSING_OR_NOT_AUDITED
noise,2002,middle,8,100,1,MISSING_OR_NOT_AUDITED
noise,2002,middle,8,100,2,MISSING_OR_NOT_AUDITED
noise,2002,middle,8,300,0,MISSING_OR_NOT_AUDITED
noise,2002,middle,8,300,1,MISSING_OR_NOT_AUDITED
noise,2002,middle,8,300,2,MISSING_OR_NOT_AUDITED
noise,2002,middle,16,100,0,MISSING_OR_NOT_AUDITED
noise,2002,middle,16,100,1,MISSING_OR_NOT_AUDITED
noise,2002,middle,16,100,2,MISSING_OR_NOT_AUDITED
noise,2002,middle,16,300,0,MISSING_OR_NOT_AUDITED
noise,2002,middle,16,300,1,MISSING_OR_NOT_AUDITED
noise,2002,middle,16,300,2,MISSING_OR_NOT_AUDITED
noise,2005,middle,4,100,0,MISSING_OR_NOT_AUDITED
noise,2005,middle,4,100,1,MISSING_OR_NOT_AUDITED
noise,2005,middle,4,100,2,MISSING_OR_NOT_AUDITED
noise,2005,middle,4,300,0,MISSING_OR_NOT_AUDITED
noise,2005,middle,4,300,1,MISSING_OR_NOT_AUDITED
noise,2005,middle,4,300,2,MISSING_OR_NOT_AUDITED
noise,2005,middle,8,100,0,MISSING_OR_NOT_AUDITED
noise,2005,middle,8,100,1,MISSING_OR_NOT_AUDITED
noise,2005,middle,8,100,2,MISSING_OR_NOT_AUDITED
noise,2005,middle,8,300,0,MISSING_OR_NOT_AUDITED
noise,2005,middle,8,300,1,MISSING_OR_NOT_AUDITED
noise,2005,middle,8,300,2,MISSING_OR_NOT_AUDITED
noise,2005,middle,16,100,0,MISSING_OR_NOT_AUDITED
noise,2005,middle,16,100,1,MISSING_OR_NOT_AUDITED
noise,2005,middle,16,100,2,MISSING_OR_NOT_AUDITED
noise,2005,middle,16,300,0,MISSING_OR_NOT_AUDITED
noise,2005,middle,16,300,1,MISSING_OR_NOT_AUDITED
noise,2005,middle,16,300,2,MISSING_OR_NOT_AUDITED
noise,2009,middle,4,100,0,MISSING_OR_NOT_AUDITED
noise,2009,middle,4,100,1,MISSING_OR_NOT_AUDITED
noise,2009,middle,4,100,2,MISSING_OR_NOT_AUDITED
noise,2009,middle,4,300,0,MISSING_OR_NOT_AUDITED
noise,2009,middle,4,300,1,MISSING_OR_NOT_AUDITED
noise,2009,middle,4,300,2,MISSING_OR_NOT_AUDITED
noise,2009,middle,8,100,0,MISSING_OR_NOT_AUDITED
noise,2009,middle,8,100,1,MISSING_OR_NOT_AUDITED
noise,2009,middle,8,100,2,MISSING_OR_NOT_AUDITED
noise,2009,middle,8,300,0,MISSING_OR_NOT_AUDITED
noise,2009,middle,8,300,1,MISSING_OR_NOT_AUDITED
noise,2009,middle,8,300,2,MISSING_OR_NOT_AUDITED
noise,2009,middle,16,100,0,MISSING_OR_NOT_AUDITED
noise,2009,middle,16,100,1,MISSING_OR_NOT_AUDITED
noise,2009,middle,16,100,2,MISSING_OR_NOT_AUDITED
noise,2009,middle,16,300,0,MISSING_OR_NOT_AUDITED
noise,2009,middle,16,300,1,MISSING_OR_NOT_AUDITED
noise,2009,middle,16,300,2,MISSING_OR_NOT_AUDITED
noise,2016,middle,4,100,0,MISSING_OR_NOT_AUDITED
noise,2016,middle,4,100,1,MISSING_OR_NOT_AUDITED
noise,2016,middle,4,100,2,MISSING_OR_NOT_AUDITED
noise,2016,middle,4,300,0,MISSING_OR_NOT_AUDITED
noise,2016,middle,4,300,1,MISSING_OR_NOT_AUDITED
noise,2016,middle,4,300,2,MISSING_OR_NOT_AUDITED
noise,2016,middle,8,100,0,MISSING_OR_NOT_AUDITED
noise,2016,middle,8,100,1,MISSING_OR_NOT_AUDITED
noise,2016,middle,8,100,2,MISSING_OR_NOT_AUDITED
noise,2016,middle,8,300,0,MISSING_OR_NOT_AUDITED
noise,2016,middle,8,300,1,MISSING_OR_NOT_AUDITED
noise,2016,middle,8,300,2,MISSING_OR_NOT_AUDITED
noise,2016,middle,16,100,0,MISSING_OR_NOT_AUDITED
noise,2016,middle,16,100,1,MISSING_OR_NOT_AUDITED
noise,2016,middle,16,100,2,MISSING_OR_NOT_AUDITED
noise,2016,middle,16,300,0,MISSING_OR_NOT_AUDITED
noise,2016,middle,16,300,1,MISSING_OR_NOT_AUDITED
noise,2016,middle,16,300,2,MISSING_OR_NOT_AUDITED
